data,obito,heat_index,wind_chill,tmin_3h,tmin,temp,tmax_3h,tmax,amplitude_t_3h,amplitude_t,urmin,umidade,urmax,prec,pressao,ventodir,ventovel
2001-10-04,4,74.29608707813641,60.06060180909317,17.6,17.3,19.3,21.5,23.5,3.8999999999999986,6.199999999999999,77.0,82.33,90.0,0.5,1013.87,32.0,12.492
2001-10-05,10,72.32062146039853,58.8538719923965,18.0,16.2,19.4,22.0,22.5,4.0,6.300000000000001,71.0,81.67,91.0,6.5,1018.33,17.0,6.9479999999999995
2001-10-06,3,77.37840519841811,60.20307029337233,17.4,16.0,20.27,24.0,24.6,6.600000000000001,8.600000000000001,64.0,80.67,95.0,0.0,1020.4,10.67,3.132
2001-10-09,5,84.83753031585974,61.274468285512974,19.3,17.4,21.9,27.0,27.2,7.699999999999999,9.8,46.0,71.67,89.0,2.8,1013.5,15.0,8.172
2001-10-10,9,81.36526122919182,55.872208557892904,20.9,15.4,22.8,26.3,26.3,5.400000000000002,10.9,52.0,63.67,70.0,0.0,1015.43,17.0,10.692
2001-10-11,3,84.66811496267022,56.837048353657444,19.8,15.1,22.83,26.7,27.2,6.899999999999999,12.1,61.0,70.67,80.0,0.0,1018.73,19.67,5.652
2001-10-12,7,79.17862784273655,55.46601103502927,20.2,15.0,21.83,24.1,25.2,3.900000000000002,10.2,71.0,79.67,88.0,0.0,1022.23,11.0,8.748000000000001
2001-10-13,9,74.25690606505606,63.5787070172709,19.6,18.5,21.6,23.2,23.6,3.599999999999998,5.100000000000001,79.0,84.0,89.0,0.0,1021.57,16.67,9.360000000000001
2001-10-14,7,89.06010198566231,66.44584692907264,20.4,19.8,22.83,25.8,27.8,5.400000000000002,8.0,70.0,80.67,87.0,0.0,1019.1,15.33,10.548
2001-10-15,7,81.84139799706585,65.78753767627005,21.0,19.8,22.8,25.4,26.0,4.399999999999999,6.199999999999999,70.0,80.67,87.0,0.0,1017.33,12.33,15.012
2001-10-16,9,69.8701254751682,64.2927612948599,19.4,19.0,20.53,21.6,22.2,2.200000000000003,3.1999999999999993,85.0,88.0,93.0,16.2,1017.9,13.67,11.879999999999999
2001-10-17,7,80.23104503180171,63.61814467731294,19.6,18.4,20.87,22.2,25.5,2.599999999999998,7.100000000000001,85.0,87.67,92.0,0.4,1014.3,12.33,8.172
2001-10-18,3,85.19801816080006,62.446306481412954,19.4,17.9,22.87,26.3,27.0,6.900000000000002,9.100000000000001,67.0,78.0,91.0,2.0,1012.4,12.33,8.172
2001-10-19,6,94.40559549701644,65.55354990240029,19.8,18.6,23.67,28.7,29.0,8.899999999999999,10.399999999999999,65.0,79.67,91.0,0.0,1009.8,3.0,3.708
2001-10-20,9,99.65487169332019,65.48795314730361,23.6,19.4,26.27,31.2,31.5,7.599999999999998,12.100000000000001,51.0,65.67,85.0,0.0,1007.43,5.67,10.548
2001-10-22,6,75.42094719753601,49.85895461512299,16.5,13.5,19.63,22.2,22.6,5.699999999999999,9.100000000000001,47.0,67.0,90.0,5.0,1011.57,25.67,16.812
2001-10-23,3,77.74412365177585,48.394714095999596,16.4,12.0,19.4,23.6,24.1,7.200000000000003,12.100000000000001,47.0,54.33,59.0,0.0,1016.03,29.0,8.748000000000001
2001-10-24,3,84.12290428156817,52.82486306566431,17.6,13.0,22.0,27.0,27.8,9.399999999999999,14.8,42.0,58.0,72.0,0.0,1020.27,9.0,4.32
2001-10-25,9,100.99623926716785,60.02898724679139,19.4,16.6,25.17,32.1,32.8,12.700000000000003,16.199999999999996,47.0,58.0,65.0,0.0,1019.27,21.0,6.228
2001-10-26,12,104.28423434678841,61.50891234523884,21.0,17.8,25.97,32.3,32.6,11.299999999999997,14.8,48.0,64.67,81.0,0.0,1015.47,16.67,11.268
2001-10-27,10,117.64564990000002,69.19258425061568,23.4,20.0,27.8,34.8,35.0,11.399999999999999,15.0,45.0,65.0,75.0,0.0,1012.6,9.33,2.52
2001-10-28,6,117.97704225146147,70.8291994248175,26.0,21.0,29.2,35.0,35.6,9.0,14.600000000000001,45.0,61.67,73.0,0.0,1011.0,6.33,3.708
2001-10-29,7,102.61082277794796,70.55144450495925,24.4,21.4,25.27,25.8,30.7,1.4000000000000021,9.3,77.0,78.0,79.0,0.0,1013.2,21.0,8.748000000000001
2001-10-30,6,91.94408981276813,69.31952827437976,22.4,21.0,24.03,27.1,28.4,4.700000000000003,7.399999999999999,67.0,81.0,89.0,0.4,1013.43,19.67,10.548
2001-10-31,9,83.80350979247979,62.135324911111965,22.5,18.0,24.17,27.0,27.2,4.5,9.2,50.0,65.33,85.0,0.0,1015.3,22.67,10.548
2001-11-02,6,76.47275222438722,50.54057066393073,16.6,13.0,19.63,23.3,24.0,6.699999999999999,11.0,58.0,74.33,92.0,2.0,1018.37,12.0,9.360000000000001
2001-11-03,7,76.30627582438417,56.14848877505546,18.2,15.5,20.43,22.5,23.7,4.300000000000001,8.2,64.0,70.67,75.0,0.8,1017.5,16.67,10.548
2001-11-05,3,103.48002934553686,59.31360304634291,18.7,15.8,23.9,30.6,31.6,11.900000000000002,15.8,55.0,71.33,83.0,0.0,1012.6,12.0,3.8520000000000003
2001-11-06,5,113.09030830000012,66.80784116133617,23.4,19.4,28.2,34.6,35.0,11.200000000000003,15.600000000000001,43.0,60.0,73.0,0.0,1012.4,15.33,5.04
2001-11-07,6,87.65604713111726,66.89929162583284,21.3,19.8,24.57,26.8,27.7,5.5,7.899999999999999,61.0,76.67,93.0,3.5,1013.2,18.33,8.172
2001-11-08,6,78.33234066021426,65.07044766544256,19.8,18.8,21.53,23.2,25.0,3.3999999999999986,6.199999999999999,77.0,86.67,95.0,10.9,1017.63,12.33,6.228
2001-11-09,6,81.55135948432972,61.389665755518166,19.4,17.8,21.6,24.6,26.0,5.200000000000003,8.2,66.0,76.33,85.0,0.0,1019.83,13.67,11.879999999999999
2001-11-10,3,68.86877803393608,65.49694979543818,20.0,19.3,20.37,20.7,21.9,0.6999999999999993,2.599999999999998,81.0,89.0,96.0,16.4,1013.27,10.67,9.251999999999999
2001-11-11,5,85.02992572896297,67.72292572934738,20.6,20.2,23.23,26.4,26.9,5.799999999999997,6.699999999999999,52.0,79.33,97.0,30.3,1010.6,22.67,8.748000000000001
2001-11-12,7,92.21930263139188,58.78995949048217,20.6,15.3,23.9,29.2,29.8,8.599999999999998,14.5,45.0,65.0,78.0,0.0,1015.0,21.0,2.988
2001-11-13,5,92.27191910713373,56.120011565257485,22.2,15.0,25.47,29.2,30.3,7.0,15.3,51.0,60.33,71.0,0.0,1013.5,9.0,6.84
2001-11-14,2,87.12114180969077,67.66648798441416,22.2,20.0,24.63,27.4,28.0,5.199999999999999,8.0,62.0,69.67,76.0,1.1,1006.9,25.67,6.84
2001-11-15,5,79.21052014741336,68.82113562632983,22.3,20.5,23.43,24.2,25.2,1.8999999999999986,4.699999999999999,66.0,74.67,79.0,0.0,1009.23,13.67,6.84
2001-11-16,7,82.99471405791046,53.56940731677339,20.4,14.0,22.4,25.4,26.8,5.0,12.8,60.0,67.33,75.0,0.0,1015.37,18.33,7.452
2001-11-17,5,78.4534886073323,55.02872454056095,18.6,14.8,21.07,24.6,24.8,6.0,10.0,54.0,64.67,75.0,0.0,1019.3,15.0,8.64
2001-11-18,7,92.20893663999982,53.426795358571916,17.2,13.6,22.87,28.8,30.0,11.600000000000001,16.4,51.0,63.0,71.0,0.0,1016.5,16.67,5.652
2001-11-19,5,92.68589220230263,59.19901890031657,21.8,16.0,25.5,29.4,30.6,7.599999999999998,14.600000000000001,42.0,58.67,72.0,0.0,1015.67,22.67,4.932
2001-11-20,10,108.40158781419238,61.40179344955266,22.4,17.0,26.6,33.2,33.6,10.800000000000004,16.6,38.0,63.33,77.0,0.0,1014.03,7.67,5.04
2001-11-21,11,114.14459078377989,67.84573346018225,23.2,20.3,28.57,34.0,34.2,10.8,13.900000000000002,54.0,66.33,83.0,0.0,1011.5,12.33,9.360000000000001
2001-11-22,3,99.12737730615873,67.98894663096351,21.0,20.2,25.2,29.9,30.0,8.899999999999999,9.8,61.0,78.67,95.0,14.5,1012.7,12.33,7.452
2001-11-23,8,107.7316626480982,69.79600973498239,22.8,20.8,25.93,31.2,31.5,8.399999999999999,10.7,63.0,78.67,88.0,0.0,1009.03,13.67,5.652
2001-11-24,6,109.9782519498543,72.66439284910166,24.2,22.0,26.6,31.2,32.1,7.0,10.100000000000001,59.0,76.67,86.0,0.4,1008.13,13.67,5.04
2001-11-25,7,67.02642675427212,62.135324911111965,17.8,18.0,18.8,20.0,20.6,2.1999999999999993,2.6000000000000014,87.0,88.0,89.0,1.4000000000000001,1019.0,15.0,10.548
2001-11-26,4,84.07559850881864,60.979809830104344,18.0,17.2,21.2,24.8,26.4,6.800000000000001,9.2,84.0,87.67,92.0,13.3,1016.53,12.33,7.5600000000000005
2001-11-27,8,75.76313857981111,68.7661510027041,21.6,21.0,22.4,23.5,24.2,1.8999999999999986,3.1999999999999993,70.0,85.33,97.0,72.6,1014.37,20.0,14.868
2001-11-28,8,79.93609692568607,59.57633024316375,20.8,16.8,22.67,25.2,25.6,4.399999999999999,8.8,62.0,64.67,67.0,0.3,1014.7,18.0,9.251999999999999
2001-11-29,7,79.18919727465914,56.0239585117991,18.6,15.3,21.77,24.9,25.2,6.299999999999997,9.899999999999999,59.0,67.33,79.0,0.0,1012.9,13.67,9.251999999999999
2001-11-30,3,67.67822344888489,59.87391209499689,17.7,17.0,18.97,20.0,20.2,2.3000000000000007,3.1999999999999993,80.0,85.67,96.0,18.3,1008.23,10.67,9.972
2001-12-01,5,75.9977998724077,56.120011565257485,17.1,15.0,20.3,23.0,24.2,5.899999999999999,9.2,65.0,83.33,94.0,0.5,1006.33,21.0,6.84
2001-12-02,4,86.80756291400063,59.444024570434664,20.2,16.0,22.9,26.6,27.8,6.400000000000002,11.8,57.0,71.33,81.0,0.0,1013.8,23.0,4.428
2001-12-03,6,88.13849186873223,59.87391209499689,20.0,17.0,23.3,26.2,28.1,6.199999999999999,11.100000000000001,66.0,72.33,81.0,0.0,1016.83,13.67,9.972
2001-12-04,8,86.04878552080007,69.82816369737529,20.8,21.0,22.83,25.2,27.0,4.399999999999999,6.0,75.0,83.0,88.0,0.0,1016.0,18.33,7.5600000000000005
2001-12-05,6,70.70267903951071,63.39279303264802,19.2,18.0,20.73,22.6,23.2,3.400000000000002,5.199999999999999,89.0,94.67,98.0,31.5,1011.73,9.0,5.760000000000001
2001-12-06,7,85.99110554041393,64.63968555827617,20.2,19.1,22.53,26.6,27.0,6.400000000000002,7.899999999999999,64.0,82.67,96.0,2.9,1008.7,24.0,11.268
2001-12-07,3,91.74420931086259,68.19340707666683,22.4,20.0,24.93,28.4,28.9,6.0,8.899999999999999,61.0,73.67,85.0,0.6,1010.3,21.33,4.932
2001-12-08,8,95.00051528377462,63.16955844447419,22.2,18.8,23.23,25.1,29.2,2.900000000000002,10.399999999999999,74.0,78.67,87.0,0.0,1012.0,15.67,16.092
2001-12-09,7,73.40853483682787,59.74958568160729,18.5,16.4,19.37,20.4,20.8,1.8999999999999986,4.400000000000002,68.0,71.33,75.0,0.0,1016.3,18.0,5.760000000000001
2001-12-10,8,77.59094772203235,54.75836953638336,17.0,14.3,20.2,24.4,24.6,7.399999999999999,10.3,72.0,77.33,86.0,0.0,1017.43,15.0,6.228
2001-12-11,4,101.11298602327506,56.20604452979637,20.8,15.3,24.23,30.0,30.6,9.2,15.3,68.0,76.33,89.0,0.0,1015.37,19.67,8.64
2001-12-12,10,111.84591983519182,71.70504419656481,23.4,21.5,27.2,32.2,32.4,8.800000000000004,10.899999999999999,56.0,76.67,89.0,0.0,1013.33,12.33,4.428
2001-12-13,8,103.39916362120387,73.5537863783315,24.2,22.6,26.47,30.2,30.6,6.0,8.0,66.0,80.33,88.0,0.0,1009.47,11.67,7.5600000000000005
2001-12-14,5,88.80429937294463,71.87570287848737,23.8,22.0,25.0,26.6,27.8,2.8000000000000007,5.800000000000001,70.0,79.67,88.0,0.0,1011.0,15.33,9.360000000000001
2001-12-15,3,83.55881593959963,62.28863229426864,21.5,18.0,22.7,25.0,26.6,3.5,8.600000000000001,65.0,76.67,86.0,0.4,1013.2,3.67,9.828
2001-12-16,5,88.38493154876826,63.802628765553486,20.2,18.4,22.2,25.8,27.8,5.600000000000001,9.400000000000002,66.0,78.0,85.0,0.0,1011.67,23.0,7.452
2001-12-17,5,92.72352937695877,66.21048837562367,22.2,20.0,25.0,29.4,30.0,7.199999999999999,10.0,38.0,64.33,81.0,0.0,1007.63,27.33,15.588000000000001
2001-12-18,4,89.05830414779604,66.35733718535423,21.8,19.2,23.67,27.4,28.2,5.599999999999998,9.0,65.0,74.33,79.0,0.0,1008.4,13.67,5.04
2001-12-19,1,104.28423434678841,61.40525524138173,20.8,16.8,25.33,31.8,32.6,11.0,15.8,46.0,64.67,75.0,0.0,1007.77,5.67,4.068
2001-12-20,6,115.7524165138103,70.22380681584937,25.4,21.0,29.5,35.1,35.6,9.700000000000003,14.600000000000001,43.0,59.33,73.0,0.0,1009.73,21.33,5.760000000000001
2001-12-21,10,120.87944348776398,63.43020414415609,20.2,18.0,25.73,32.6,33.4,12.400000000000002,15.399999999999999,62.0,79.33,96.0,14.0,1007.53,12.33,5.652
2001-12-25,7,85.6992564514361,61.59047507822394,20.6,18.1,23.83,27.0,28.1,6.399999999999999,10.0,53.0,62.0,76.0,0.0,1023.13,13.67,15.012
2001-12-26,5,90.87680129942785,62.249799343566615,20.6,17.8,24.87,29.2,29.6,8.599999999999998,11.8,53.0,63.33,77.0,0.0,1018.77,15.33,8.028
2001-12-27,6,101.3822040953407,63.654313329462454,21.8,18.0,26.0,31.0,32.3,9.2,14.299999999999997,51.0,62.33,74.0,0.0,1014.5,21.0,5.04
2001-12-28,7,107.24411648320027,69.88275079233688,24.4,20.9,28.0,32.8,33.0,8.399999999999999,12.100000000000001,55.0,66.0,78.0,0.0,1012.43,10.67,6.228
2001-12-29,8,102.23864933398355,72.05537968779271,23.9,22.0,26.23,29.6,30.6,5.700000000000003,8.600000000000001,67.0,78.33,86.0,0.7,1013.2,7.67,8.172
2001-12-30,6,102.70453797965426,73.32093496077172,24.2,22.5,26.7,29.5,31.0,5.300000000000001,8.5,62.0,75.33,87.0,0.0,1012.13,12.0,7.5600000000000005
2002-01-02,5,91.24023101303197,74.71367707911148,25.7,23.0,26.43,27.3,29.2,1.6000000000000014,6.199999999999999,59.0,68.67,74.0,0.8,1006.03,16.67,6.12
2002-01-03,7,94.33386753742981,68.05009958593885,24.0,20.0,25.97,29.2,30.2,5.199999999999999,10.2,49.0,66.33,77.0,0.0,1009.7,12.33,5.4
2002-01-04,9,90.68679721680857,71.42163279965023,24.0,21.5,25.47,28.2,29.0,4.199999999999999,7.5,57.0,69.33,77.0,0.0,1011.23,23.0,5.508
2002-01-05,6,90.00214218597573,69.79600973498239,22.8,20.8,24.47,27.2,28.2,4.399999999999999,7.399999999999999,70.0,77.67,82.0,0.0,1013.6,18.0,5.652
2002-01-06,8,103.39888830839382,70.44200412075438,23.6,21.0,25.87,29.6,31.2,6.0,10.2,57.0,74.67,84.0,14.4,1006.33,24.33,4.932
2002-01-07,8,89.31684468734925,69.42977566313112,23.7,21.0,26.07,28.1,29.4,4.400000000000002,8.399999999999999,51.0,60.67,72.0,0.0,1010.1,28.67,9.828
2002-01-08,4,94.79606075353166,69.94992450441464,25.0,20.6,26.87,30.4,30.6,5.399999999999999,10.0,55.0,63.67,74.0,0.0,1013.33,15.33,3.708
2002-01-09,6,94.07393537006367,69.35192104284906,24.4,21.0,26.63,29.5,29.9,5.100000000000001,8.899999999999999,62.0,68.67,78.0,0.0,1018.8,12.33,10.332
2002-01-10,11,94.42677227757338,71.39635401672888,23.8,21.9,26.13,28.8,29.6,5.0,7.700000000000003,65.0,72.67,79.0,0.0,1021.43,12.0,11.16
2002-01-11,6,107.74931759028404,74.05797755945224,24.6,22.8,27.13,31.8,32.3,7.199999999999999,9.499999999999996,61.0,72.0,78.0,0.2,1020.1,18.33,7.308
2002-01-12,7,105.17571986876803,73.61399536590683,26.2,22.3,28.63,32.2,32.6,6.0000000000000036,10.3,52.0,66.0,81.0,0.0,1016.13,7.67,3.9600000000000004
2002-01-13,12,97.81639746000009,73.05730882074315,25.0,22.2,26.4,27.4,30.0,2.3999999999999986,7.800000000000001,69.0,76.0,86.0,0.7,1010.9,13.67,5.292
2002-01-14,2,105.57704662479979,72.78159271322033,23.8,22.0,25.7,27.6,31.0,3.8000000000000007,9.0,76.0,80.0,85.0,0.0,1010.0,10.67,4.572
2002-01-15,6,84.11942524363698,68.34111398853628,22.4,20.7,23.67,26.0,27.2,3.6000000000000014,6.5,47.0,67.33,90.0,2.7,1014.37,16.67,12.348
2002-01-16,8,82.21684881955187,59.43426934194177,20.7,16.7,22.8,25.6,26.8,4.900000000000002,10.100000000000001,53.0,61.0,67.0,0.0,1016.43,12.33,8.892000000000001
2002-01-17,5,83.72947912749997,59.70724265244512,20.8,16.4,23.73,27.2,27.5,6.399999999999999,11.100000000000001,46.0,60.0,70.0,0.0,1017.33,13.67,5.867999999999999
2002-01-18,9,84.87677821181877,61.40179344955266,20.8,17.0,23.83,27.4,28.0,6.599999999999998,11.0,46.0,59.33,67.0,0.0,1018.63,15.33,5.04
2002-01-19,12,93.26093410790301,63.157432038634305,21.2,18.0,25.0,30.0,30.8,8.8,12.8,45.0,58.33,69.0,0.0,1016.83,10.67,6.48
2002-01-20,4,114.21879067118066,67.5238002014735,22.4,20.0,27.47,34.3,36.0,11.899999999999999,16.0,36.0,55.33,71.0,0.0,1014.73,24.33,7.452
2002-01-21,3,101.73425793854776,73.39491637263345,26.8,22.6,28.3,30.1,32.6,3.3000000000000007,10.0,55.0,60.67,66.0,0.0,1013.67,12.33,8.64
2002-01-22,6,96.53016612444027,74.17261093420643,22.4,22.2,24.87,26.8,29.2,4.400000000000002,7.0,71.0,82.33,97.0,20.4,1014.77,10.67,1.9080000000000001
2002-01-23,4,109.46807026729597,71.05016621940737,25.0,21.0,27.6,31.6,32.6,6.600000000000001,11.600000000000001,55.0,72.0,84.0,0.0,1013.9,10.67,3.132
2002-01-24,6,102.6465368008899,71.89378463333311,25.8,21.8,27.8,31.4,31.8,5.599999999999998,10.0,58.0,68.33,79.0,0.0,1011.53,12.33,6.48
2002-01-25,10,103.39916362120387,68.72056991579979,22.4,20.0,25.27,29.4,30.6,7.0,10.600000000000001,61.0,80.33,91.0,11.5,1007.7,13.67,3.492
2002-01-26,8,94.79796257853462,70.54661519772199,22.4,21.0,24.93,28.8,28.8,6.400000000000002,7.800000000000001,72.0,83.33,92.0,0.0,1008.8,9.33,4.572
2002-01-27,5,89.40575606294422,74.61157556977318,23.5,23.0,25.37,27.2,27.8,3.6999999999999993,4.800000000000001,71.0,82.0,96.0,5.2,1008.2,25.67,6.732
2002-01-28,2,104.2993650536224,72.75368139059808,24.8,22.0,27.3,31.4,32.0,6.599999999999998,10.0,48.0,69.33,83.0,0.0,1007.5,30.33,4.680000000000001
2002-01-29,2,111.10826598772204,71.32608146905149,26.0,21.0,29.1,34.3,35.0,8.299999999999997,14.0,39.0,57.67,67.0,0.0,1009.67,18.0,2.52
2002-01-30,5,106.57894820485745,68.22992127863827,26.8,19.7,29.9,35.2,35.6,8.400000000000002,15.900000000000002,46.0,48.33,51.0,0.0,1010.77,12.33,3.132
2002-02-01,8,97.7088064966708,68.10202239843893,23.2,20.4,24.87,28.0,29.1,4.800000000000001,8.700000000000003,83.0,86.33,93.0,0.0,1009.6,29.0,9.251999999999999
2002-02-02,7,82.83216460954284,63.008727769994245,20.6,18.2,24.13,27.2,27.4,6.599999999999998,9.2,45.0,55.67,68.0,0.0,1014.43,26.0,8.748000000000001
2002-02-03,6,81.52894466579204,63.92107269290046,21.6,18.1,23.3,25.2,26.4,3.599999999999998,8.299999999999997,55.0,63.0,68.0,0.3,1017.93,17.0,4.932
2002-02-04,6,92.37147202891661,60.45423937721918,20.6,16.6,24.4,30.0,30.4,9.399999999999999,13.799999999999997,46.0,59.67,73.0,0.0,1015.83,18.33,5.148
2002-02-05,10,97.02211482176943,64.75885058230706,22.4,18.1,26.0,31.2,31.3,8.8,13.2,44.0,62.33,73.0,0.0,1013.77,7.67,3.132
2002-02-06,9,89.47510166444833,69.05721438402081,20.8,20.0,22.87,24.0,27.6,3.1999999999999993,7.600000000000001,81.0,86.0,95.0,4.5,1015.6,18.0,2.7720000000000002
2002-02-07,5,89.33590087456002,66.54644574512047,21.0,19.3,23.37,27.7,28.2,6.699999999999999,8.899999999999999,55.0,75.33,86.0,0.0,1013.53,21.33,5.148
2002-02-09,3,100.57786186379644,65.25757221109629,20.8,18.9,23.33,28.2,30.5,7.399999999999999,11.600000000000001,54.0,76.33,91.0,1.8,1009.47,18.33,6.372
2002-02-10,6,96.28729040603662,65.29602575738323,20.6,18.8,23.73,29.2,29.4,8.599999999999998,10.599999999999998,58.0,79.33,95.0,9.4,1008.97,28.67,5.508
2002-02-11,11,103.23757200672642,65.94799812118234,22.4,18.7,25.67,30.6,32.0,8.200000000000003,13.3,52.0,67.67,79.0,3.7,1012.83,33.33,3.3480000000000003
2002-02-12,11,100.94484544163221,70.44048840206955,23.4,21.3,25.67,29.2,30.4,5.800000000000001,9.099999999999998,69.0,78.0,85.0,0.0,1015.57,13.67,8.028
2002-02-13,11,102.05000206220816,69.61928369430285,22.6,20.2,25.13,29.8,30.4,7.199999999999999,10.2,61.0,80.0,93.0,11.100000000000001,1014.03,16.67,2.52
2002-02-14,7,106.06120296972502,69.37693113360481,22.0,20.3,25.77,31.0,31.6,9.0,11.3,55.0,75.33,94.0,17.8,1012.17,18.33,3.492
2002-02-16,6,90.29398247751563,67.49816112802034,23.0,19.9,23.87,24.8,28.2,1.8000000000000007,8.3,76.0,78.67,83.0,0.3,1019.33,13.67,6.588
2002-02-17,4,81.51913148627662,66.46215371651097,21.4,19.6,22.87,25.4,26.2,4.0,6.599999999999998,54.0,68.33,77.0,0.0,1021.37,13.67,8.028
2002-02-18,8,91.22820517413747,67.06580030468376,21.2,19.7,24.67,28.6,29.6,7.400000000000002,9.900000000000002,53.0,64.33,72.0,0.0,1018.23,16.67,6.48
2002-02-19,7,89.10957985448863,68.56833090298316,22.4,20.5,25.47,28.6,29.0,6.200000000000003,8.5,59.0,64.33,69.0,0.0,1016.5,12.33,8.028
2002-02-20,6,96.70102479686243,72.81968234439482,23.4,22.0,25.77,29.8,30.4,6.400000000000002,8.399999999999999,56.0,69.67,78.0,0.0,1014.23,14.0,4.428
2002-02-21,5,109.60622566670426,72.10137302423483,23.6,21.6,27.33,33.2,33.3,9.600000000000001,11.699999999999996,45.0,67.0,81.0,0.0,1009.17,14.0,3.8520000000000003
2002-02-22,5,95.95396174000024,72.93959630106009,23.6,22.4,26.07,29.6,30.0,6.0,7.600000000000001,51.0,72.0,86.0,0.0,1006.0,19.67,8.532
2002-02-23,4,95.94125687454417,65.31480435079838,23.0,19.3,25.07,28.8,30.3,5.800000000000001,11.0,54.0,69.0,80.0,0.9,1008.27,29.0,10.188
2002-02-24,6,82.20037251068817,60.25990867278433,20.3,17.1,22.67,26.2,26.6,5.899999999999999,9.5,48.0,65.0,78.0,2.4,1018.0,22.67,9.360000000000001
2002-02-25,3,92.76686250105527,57.274657599451466,19.6,15.0,23.93,29.4,30.4,9.799999999999997,15.399999999999999,50.0,60.67,67.0,0.0,1017.83,12.33,4.32
2002-02-26,6,108.17329928551501,65.36852978437136,22.6,18.8,27.07,33.6,33.8,11.0,14.999999999999996,45.0,61.67,76.0,0.0,1013.43,20.0,5.292
2002-02-27,8,113.33996149403254,72.21911399782337,26.0,21.9,29.13,34.4,35.6,8.399999999999999,13.700000000000003,45.0,56.67,69.0,0.0,1012.87,19.67,6.012
2002-02-28,5,106.16805785012201,77.03382236132379,28.2,24.2,30.33,34.2,35.0,6.0000000000000036,10.8,45.0,51.33,55.0,0.0,1011.1,25.67,9.972
2002-03-01,11,99.70053229360616,69.37693113360481,22.0,20.3,25.13,29.4,29.6,7.399999999999999,9.3,64.0,84.33,95.0,24.1,1014.87,24.0,3.492
2002-03-02,2,79.2123847585245,64.33456690427076,20.3,18.6,22.37,24.8,25.2,4.5,6.599999999999998,61.0,73.67,86.0,1.8,1018.93,12.33,7.2
2002-03-03,6,109.5494038783473,68.72320193020465,21.6,20.2,26.0,31.8,32.4,10.2,12.2,58.0,73.67,84.0,0.0,1017.07,15.33,4.680000000000001
2002-03-04,6,121.17353611093662,71.66836276102198,24.4,22.0,28.93,34.4,35.2,10.0,13.200000000000003,51.0,67.33,85.0,0.0,1015.03,30.0,10.908
2002-03-05,7,97.1256224617801,74.30429499721791,25.2,22.5,27.4,28.8,29.8,3.6000000000000014,7.300000000000001,73.0,76.67,82.0,2.0,1015.27,13.67,3.132
2002-03-06,5,95.32007157781408,73.45957868748731,23.0,22.0,25.07,27.8,28.8,4.800000000000001,6.800000000000001,77.0,84.67,91.0,5.5,1014.33,12.0,2.52
2002-03-07,7,110.46204596385613,73.78521479858536,24.3,22.2,26.8,31.5,31.9,7.199999999999999,9.7,61.0,79.0,89.0,0.0,1011.57,15.33,2.7720000000000002
2002-03-08,7,117.12351498057609,79.80266987166752,28.0,25.0,30.37,34.4,34.6,6.399999999999999,9.600000000000001,55.0,67.0,77.0,0.0,1012.93,21.0,2.7720000000000002
2002-03-09,8,130.5093167467977,76.33074551103974,26.8,23.4,30.67,36.0,36.6,9.2,13.200000000000003,50.0,67.33,84.0,1.2,1015.27,13.67,2.8800000000000003
2002-03-10,8,126.08844187119988,82.81139740820858,30.8,26.4,33.0,37.2,38.0,6.400000000000002,11.600000000000001,46.0,56.0,69.0,0.0,1014.53,30.0,2.7720000000000002
2002-03-11,11,100.44668316476793,81.521942749691,29.8,25.8,30.2,30.8,32.4,1.0,6.599999999999998,58.0,60.0,61.0,0.0,1013.87,10.67,2.7720000000000002
2002-03-12,6,90.16540271106673,75.45115932477704,27.0,23.4,27.6,28.0,28.4,1.0,5.0,73.0,75.33,79.0,1.0,1017.33,22.67,7.308
2002-03-13,8,110.85089371859033,77.22376055463229,25.2,23.8,27.17,30.8,32.0,5.600000000000001,8.2,59.0,78.67,90.0,0.0,1014.2,9.0,2.7720000000000002
2002-03-14,7,107.4614565248322,75.32496960252445,25.4,23.0,27.33,30.8,31.2,5.400000000000002,8.2,63.0,81.0,91.0,3.0,1010.77,13.67,3.3480000000000003
2002-03-15,18,122.91175346005316,77.9333808395684,27.2,24.0,30.2,35.4,35.8,8.2,11.799999999999997,48.0,65.33,82.0,0.0,1011.33,21.33,1.9080000000000001
2002-03-16,9,124.38247366934148,77.65357877413817,27.6,24.0,30.53,35.6,36.2,8.0,12.200000000000003,51.0,64.33,73.0,0.0,1011.13,16.67,2.7720000000000002
2002-03-17,4,125.10244387011649,75.07797822945254,25.2,23.4,28.4,30.0,34.8,4.800000000000001,11.399999999999999,65.0,73.67,84.0,0.0,1010.43,21.0,10.44
2002-03-18,2,104.99699712899198,72.0199222075208,23.4,21.4,26.43,30.6,30.8,7.200000000000003,9.400000000000002,64.0,81.0,93.0,4.3,1012.37,25.67,2.8800000000000003
2002-03-19,10,98.70660804275188,73.96633421310264,25.0,22.8,27.13,29.6,29.8,4.600000000000001,7.0,71.0,80.0,87.0,0.0,1009.8,10.67,7.920000000000001
2002-03-20,2,90.39174600572936,73.36026520652196,23.0,22.6,24.53,27.6,27.8,4.600000000000001,5.199999999999999,67.0,85.67,97.0,16.6,1010.23,17.0,8.892000000000001
2002-03-21,5,80.49895471017601,66.68000190722154,21.8,19.6,23.27,25.2,25.6,3.3999999999999986,6.0,70.0,82.0,91.0,14.1,1017.4,18.33,7.092
2002-03-22,4,99.46708731621018,65.25757221109629,21.4,18.9,25.6,31.2,31.5,9.8,12.600000000000001,49.0,65.33,76.0,0.1,1017.57,12.33,6.372
2002-03-23,7,100.40782899283826,71.75278091273866,23.2,21.2,25.87,30.8,31.0,7.600000000000001,9.8,55.0,71.33,81.0,0.0,1013.67,16.67,2.52
2002-03-24,5,106.48826746019205,72.37382708526283,24.6,21.8,27.4,32.0,32.2,7.399999999999999,10.400000000000002,60.0,71.0,79.0,0.0,1010.5,27.33,4.428
2002-03-25,5,100.93060119148814,74.79771412777447,26.4,23.0,27.5,29.4,30.6,3.0,7.600000000000001,71.0,76.0,79.0,0.0,1011.03,13.67,5.652
2002-03-26,3,95.00051528377462,68.01851777616858,23.0,20.0,25.33,28.6,29.2,5.600000000000001,9.2,62.0,78.67,88.0,24.1,1011.77,24.33,5.508
2002-03-27,6,85.87400754599359,70.72667521646511,22.8,20.8,23.33,23.8,26.8,1.0,6.0,82.0,87.33,90.0,19.4,1016.47,12.0,2.8800000000000003
2002-03-28,3,92.2402665136319,67.11459597032564,20.8,20.0,23.87,28.0,28.2,7.199999999999999,8.2,73.0,85.0,91.0,0.0,1018.0,13.67,9.468
2002-03-29,6,121.97840146800789,73.14427856035186,24.2,22.0,28.1,33.4,34.4,9.2,12.399999999999999,54.0,73.33,92.0,0.0,1012.67,18.0,3.3480000000000003
2002-03-30,4,117.3475206986286,73.45844190866606,28.6,22.5,31.37,35.4,36.0,6.799999999999997,13.5,42.0,58.67,74.0,0.0,1006.83,15.33,6.732
2002-03-31,8,70.10946000686502,66.3689244134557,21.2,19.0,21.77,22.5,22.6,1.3000000000000007,3.6000000000000014,86.0,90.33,93.0,35.2,1014.33,22.67,3.8520000000000003
2002-04-01,5,76.96320680025607,54.47217465695966,16.0,14.8,18.4,20.2,24.4,4.199999999999999,9.599999999999998,61.0,79.0,95.0,9.8,1017.53,21.33,10.548
2002-04-02,8,75.57739446998406,49.54006771624464,16.0,12.2,17.93,21.4,22.2,5.399999999999999,10.0,53.0,64.0,73.0,0.0,1017.2,30.33,7.092
2002-04-03,8,80.09705043337603,50.34245581725882,16.4,11.6,19.67,25.2,25.6,8.8,14.000000000000002,55.0,69.0,77.0,0.0,1020.77,7.67,3.492
2002-04-04,9,87.49770850804026,61.02277267306805,18.6,17.0,22.17,26.6,27.8,8.0,10.8,62.0,74.33,81.0,0.0,1021.1,16.67,6.012
2002-04-05,11,88.98358481014257,65.2344930457284,21.4,19.0,24.3,28.3,28.6,6.900000000000002,9.600000000000001,53.0,68.67,79.0,0.0,1019.5,12.0,7.308
2002-04-06,6,93.65262309378713,67.46941923481076,22.6,19.6,25.37,29.7,30.1,7.099999999999998,10.5,52.0,65.67,75.0,0.0,1014.8,14.0,4.428
2002-04-07,8,97.69649213372807,67.34249929797446,22.7,19.6,25.6,30.6,30.8,7.900000000000002,11.2,52.0,68.0,81.0,0.0,1015.03,9.33,4.788
2002-04-08,6,92.59295407022407,70.76766098343217,23.6,21.3,25.9,29.2,29.7,5.599999999999998,8.399999999999999,56.0,67.0,77.0,0.0,1014.3,7.67,6.372
2002-04-09,5,105.40012608564606,69.57611438320848,22.9,20.0,25.83,31.4,31.6,8.5,11.600000000000001,51.0,74.33,86.0,0.0,1013.5,9.33,1.9080000000000001
2002-04-10,5,101.53730414864636,68.72056991579979,24.5,20.0,26.53,30.1,31.0,5.600000000000001,11.0,67.0,73.33,79.0,0.0,1012.03,10.67,3.492
2002-04-11,1,88.48928587244798,74.4090338034434,23.2,22.6,24.93,26.8,27.4,3.6000000000000014,4.799999999999997,81.0,86.0,95.0,12.899999999999999,1009.63,24.33,3.492
2002-04-12,6,80.60573128226201,69.01289218599442,22.2,20.8,23.0,23.4,25.6,1.1999999999999993,4.800000000000001,78.0,86.33,91.0,6.5,1013.2,25.67,9.468
2002-04-13,10,72.1711532422905,65.19806805402348,19.8,19.0,20.77,21.7,22.8,1.8999999999999986,3.8000000000000007,79.0,84.67,94.0,1.3,1020.7,12.0,7.452
2002-04-14,3,65.85174255428272,64.67827131137031,19.0,18.8,19.7,20.8,21.4,1.8000000000000007,2.599999999999998,88.0,93.67,97.0,2.8,1021.37,13.67,7.668
2002-04-15,4,76.46654624147038,67.9168714861414,20.4,20.0,21.9,24.1,24.6,3.700000000000003,4.600000000000001,88.0,91.67,96.0,1.7000000000000002,1019.43,13.67,5.867999999999999
2002-04-16,11,95.58078748359256,69.37976378556124,21.0,20.6,24.0,28.6,28.8,7.600000000000001,8.2,72.0,85.33,93.0,0.0,1015.97,12.33,5.508
2002-04-17,6,80.39785481594008,61.87351501207512,20.5,18.0,23.1,25.2,25.6,4.699999999999999,7.600000000000001,58.0,78.33,92.0,15.3,1012.27,27.33,11.879999999999999
2002-04-18,4,74.11030307590516,63.504369946753485,19.3,17.8,21.13,22.4,23.0,3.099999999999998,5.199999999999999,66.0,77.67,90.0,0.3,1018.73,22.67,4.32
2002-04-19,5,87.49770850804026,60.43832748384042,17.8,16.5,21.9,27.0,27.8,9.2,11.3,65.0,74.33,84.0,0.0,1017.1,12.33,4.680000000000001
2002-04-20,11,77.46219214710442,66.04848684747974,20.1,18.6,21.63,23.4,24.8,3.299999999999997,6.199999999999999,84.0,89.0,97.0,36.4,1012.03,24.33,2.7720000000000002
2002-04-21,9,75.32693564800154,52.86385186814684,15.9,12.7,18.37,20.2,20.6,4.299999999999999,7.900000000000002,52.0,63.33,74.0,0.0,1021.07,21.33,3.3480000000000003
2002-04-22,5,74.0374722560122,53.70924089783363,13.8,14.0,18.2,22.7,22.8,8.899999999999999,8.8,72.0,76.33,80.0,0.0,1020.0,15.33,7.092
2002-04-23,7,97.495944987559,66.5338397056759,20.0,18.5,24.83,30.0,30.0,10.0,11.5,63.0,75.33,89.0,0.0,1012.5,16.67,1.8
2002-04-24,7,77.59484613510438,68.7651989967049,21.7,20.8,22.53,23.9,24.8,2.1999999999999993,4.0,79.0,87.0,94.0,2.8,1011.7,14.0,11.052
2002-04-25,6,75.54497226455409,67.64054871452907,20.8,20.0,21.7,23.4,24.1,2.599999999999998,4.100000000000001,73.0,84.67,94.0,7.3999999999999995,1011.93,16.67,6.9479999999999995
2002-04-26,5,66.02536250054428,66.27673804697598,20.0,19.0,20.33,20.6,21.2,0.6000000000000014,2.1999999999999993,90.0,92.33,95.0,22.0,1014.73,16.67,4.068
2002-04-28,12,77.77650897068017,48.52593520334264,12.4,10.5,17.23,24.5,24.7,12.1,14.2,56.0,78.67,98.0,0.0,1017.37,10.67,2.8800000000000003
2002-04-29,5,66.81233148910017,60.20307029337233,18.2,16.0,18.53,18.8,21.5,0.6000000000000014,5.5,87.0,92.0,95.0,13.1,1013.07,9.0,3.132
2002-04-30,9,64.21301565109387,58.387106232898255,16.5,15.5,17.93,19.3,19.9,2.8000000000000007,4.399999999999999,86.0,91.67,95.0,5.8,1014.1,24.33,4.32
2002-05-02,5,76.21671748116408,60.773036831177876,17.2,16.7,20.2,23.9,24.3,6.699999999999999,7.600000000000001,71.0,84.0,91.0,0.0,1016.07,15.33,4.932
2002-05-03,6,75.34478649760024,58.57380587574266,18.0,15.2,20.07,23.4,24.0,5.399999999999999,8.8,65.0,84.0,94.0,0.1,1013.2,18.33,2.988
2002-05-04,4,74.96266387308353,56.49564873947112,15.7,14.0,18.77,23.2,23.6,7.5,9.600000000000001,52.0,79.67,98.0,0.0,1015.37,16.67,2.4120000000000004
2002-05-05,8,69.9053701795781,52.82486306566431,14.9,13.0,17.33,21.1,21.3,6.200000000000001,8.3,66.0,83.33,96.0,0.0,1019.3,10.67,4.32
2002-05-06,7,70.2995586759266,62.87233590657347,18.4,18.0,19.73,22.0,22.2,3.6000000000000014,4.199999999999999,77.0,86.67,92.0,0.0,1022.13,13.67,7.452
2002-05-07,1,63.87827470460813,62.549717456116966,17.7,17.7,18.47,19.4,20.2,1.6999999999999993,2.5,88.0,93.0,97.0,9.9,1021.87,10.67,6.228
2002-05-08,13,67.74116022919611,64.57600657968644,18.0,17.8,19.5,21.5,21.9,3.5,4.099999999999998,84.0,92.0,97.0,0.4,1018.7,9.33,2.4120000000000004
2002-05-09,9,71.21405723239482,54.25210540332396,15.9,13.8,18.93,22.7,22.8,6.799999999999999,9.0,74.0,88.33,98.0,0.0,1021.23,7.67,4.932
2002-05-10,18,85.66265534195209,57.493037802045194,15.7,14.7,19.73,26.3,26.8,10.600000000000001,12.100000000000001,65.0,86.0,98.0,0.1,1021.0,9.0,2.988
2002-05-11,11,93.79021480796193,65.14508808691446,19.7,17.5,23.0,28.5,28.8,8.8,11.3,62.0,80.67,92.0,0.0,1020.17,4.67,1.1880000000000002
2002-05-12,7,98.98509191179843,62.87487861332533,19.8,17.0,24.03,29.9,30.1,10.099999999999998,13.100000000000001,56.0,77.33,89.0,0.0,1018.23,4.67,2.4120000000000004
2002-05-13,7,109.11745749625433,67.12769852922813,21.4,19.0,25.23,31.5,32.0,10.100000000000001,13.0,54.0,76.33,88.0,0.0,1017.97,4.67,2.4120000000000004
2002-05-14,13,100.58886988539824,63.6962129884917,20.4,18.0,25.23,30.9,31.5,10.5,13.5,50.0,67.33,81.0,0.0,1014.33,15.0,4.932
2002-05-15,4,99.78711696647224,70.28726112515633,18.3,21.0,22.23,24.6,29.7,6.300000000000001,8.7,75.0,83.33,98.0,14.6,1010.63,4.67,5.508
2002-05-16,10,69.8701254751682,64.21915691901064,18.2,18.1,19.63,21.9,22.2,3.6999999999999993,4.099999999999998,77.0,88.0,97.0,28.700000000000003,1012.23,21.33,4.212
2002-05-17,11,65.4009077977428,60.5607788474884,17.7,16.3,19.43,21.0,21.2,3.3000000000000007,4.899999999999999,89.0,93.67,98.0,0.1,1014.27,12.33,3.6
2002-05-18,4,79.08429746099193,65.38558568784325,18.8,18.5,20.97,24.7,25.2,5.899999999999999,6.699999999999999,75.0,86.0,93.0,0.0,1009.03,15.33,3.6
2002-05-19,8,67.93442081836169,64.38852841778815,18.6,18.4,19.63,21.2,21.7,2.599999999999998,3.3000000000000007,85.0,90.33,94.0,10.8,1009.87,15.33,5.508
2002-05-20,8,62.637243186400056,56.225625866885345,15.5,14.5,16.9,17.8,18.0,2.3000000000000007,3.5,86.0,92.0,96.0,61.4,1013.8,13.67,4.212
2002-05-21,6,63.88212091367333,57.023536500676336,15.6,15.0,16.23,17.0,18.3,1.4000000000000004,3.3000000000000007,86.0,90.33,97.0,8.5,1017.23,22.67,4.788
2002-05-22,8,68.8373324695765,50.825694985652184,13.1,11.9,15.77,19.2,20.3,6.1,8.4,77.0,83.33,96.0,0.2,1024.33,12.0,3.708
2002-05-23,10,74.0374722560122,55.955281408967835,15.5,14.2,17.9,22.6,22.8,7.100000000000001,8.600000000000001,57.0,76.33,86.0,0.0,1026.53,6.0,3.6
2002-05-24,2,76.08300276053706,47.59982763527864,13.3,11.0,17.97,23.4,23.8,10.099999999999998,12.8,59.0,74.33,91.0,0.0,1025.63,7.67,5.508
2002-05-25,5,76.23305271446729,53.104259185121784,14.9,12.9,18.6,23.7,24.0,8.799999999999999,11.1,55.0,76.67,89.0,0.0,1022.97,22.67,3.6
2002-05-26,7,75.66854946016689,50.51810343281449,15.1,12.1,18.53,23.5,23.6,8.4,11.500000000000002,57.0,74.67,86.0,0.0,1019.47,25.67,4.788
2002-05-27,7,78.18611188782731,55.86423192295833,17.2,14.0,19.77,24.7,24.8,7.5,10.8,62.0,75.33,84.0,0.0,1016.6,15.0,3.132
2002-05-28,5,90.17648538857219,59.43842033470064,18.4,15.6,21.67,28.2,28.6,9.8,13.000000000000002,52.0,72.67,85.0,0.0,1014.33,13.67,2.988
2002-05-29,9,64.96871603671295,66.20352309697836,17.3,19.2,19.2,21.0,19.9,3.6999999999999993,0.6999999999999993,81.0,90.33,95.0,13.7,1013.93,27.33,5.508
2002-05-30,4,65.44358689968696,62.09594466032859,17.6,17.0,18.5,19.6,20.0,2.0,3.0,86.0,89.67,94.0,0.30000000000000004,1016.87,24.33,3.6
2002-05-31,9,67.73277071439973,59.838262919781606,17.3,16.0,17.5,17.8,22.0,0.5,6.0,86.0,92.67,97.0,0.1,1019.93,12.33,3.708
2002-06-01,13,75.76313857981111,49.24263502541653,12.9,12.0,16.97,23.8,24.2,10.9,12.2,66.0,85.33,96.0,0.0,1021.4,10.67,6.732
2002-06-02,11,70.5619235175003,60.3030347936586,19.0,16.0,19.1,19.2,22.5,0.1999999999999993,6.5,84.0,88.0,93.0,0.4,1017.33,7.67,2.988
2002-06-03,7,69.94881478750023,63.24443766796192,18.3,18.3,19.77,22.4,22.5,4.099999999999998,4.199999999999999,80.0,90.0,96.0,17.1,1016.1,12.33,8.748000000000001
2002-06-04,10,100.66515071235891,62.464570941053545,19.2,17.0,22.93,30.0,30.0,10.8,13.0,56.0,81.67,96.0,0.0,1013.3,13.67,2.988
2002-06-05,8,95.63581612233827,65.2344930457284,21.1,19.0,24.63,30.0,30.3,8.899999999999999,11.3,48.0,68.33,84.0,0.0,1009.0,24.0,7.308
2002-06-06,8,76.14463247176501,60.834493226481186,16.5,16.6,19.2,24.3,24.3,7.800000000000001,7.699999999999999,64.0,84.67,97.0,9.7,1013.67,15.33,4.32
2002-06-07,6,60.76864704970184,55.265912905783885,14.8,14.8,15.77,16.8,17.4,2.0,2.599999999999998,92.0,94.33,97.0,61.400000000000006,1014.23,10.67,7.920000000000001
2002-06-08,6,65.20425164161584,58.03365110816533,15.0,15.0,16.53,18.6,19.0,3.6000000000000014,4.0,76.0,88.67,98.0,2.7,1019.3,10.67,3.132
2002-06-09,9,63.25908598028347,60.94561641381889,17.2,17.0,18.13,19.4,19.6,2.1999999999999993,2.6000000000000014,87.0,92.67,96.0,14.9,1014.07,16.67,6.228
2002-06-10,8,72.57929997715627,45.729948331181006,10.8,10.6,14.83,19.0,19.4,8.2,8.799999999999999,60.0,73.67,96.0,33.2,1020.43,30.0,7.308
2002-06-11,9,70.8052583800762,47.60302250517941,9.6,9.4,11.0,12.6,13.2,3.0,3.799999999999999,81.0,89.67,94.0,10.8,1021.47,3.0,1.8
2002-06-12,10,71.82439482556629,44.73314633822015,10.2,9.6,12.03,13.6,14.0,3.4000000000000004,4.4,78.0,86.33,91.0,0.3,1021.67,12.33,5.04
2002-06-13,7,75.06458810108826,48.407688954544284,11.2,10.8,12.3,13.5,13.8,2.3000000000000007,3.0,77.0,83.0,89.0,0.0,1022.03,18.0,3.708
2002-06-14,6,75.73125776887592,48.898222402437156,11.5,11.2,13.2,15.8,16.1,4.300000000000001,4.900000000000002,53.0,74.0,86.0,0.0,1025.77,18.33,4.212
2002-06-15,9,66.69817053260788,38.470224305139965,7.1,5.6,11.37,18.2,18.6,11.1,13.000000000000002,69.0,86.0,96.0,0.0,1030.27,7.67,2.52
2002-06-16,11,67.09450659402802,54.701824812141474,14.2,14.0,16.87,20.2,20.4,6.0,6.399999999999999,83.0,87.33,90.0,0.0,1024.83,19.67,4.932
2002-06-17,15,75.9199665645254,58.4841760350192,15.2,14.2,18.67,24.0,24.4,8.8,10.2,75.0,89.67,98.0,0.0,1018.67,3.0,1.1880000000000002
2002-06-18,9,62.8491803810561,56.391600940000814,14.5,14.0,16.13,17.9,18.6,3.3999999999999986,4.600000000000001,88.0,92.0,96.0,21.9,1017.33,10.67,2.52
2002-06-19,11,66.59743499883984,41.76223271864437,10.0,8.6,13.27,16.0,17.3,6.0,8.700000000000001,75.0,86.67,97.0,0.0,1024.57,30.33,6.12
2002-06-20,9,67.60378972320021,46.57527266950951,9.7,8.3,13.53,20.1,21.0,10.400000000000002,12.7,71.0,88.0,98.0,0.1,1022.9,4.67,1.1880000000000002
2002-06-21,5,73.25682412257575,46.036896220852086,13.0,9.4,13.8,15.1,15.1,2.0999999999999996,5.699999999999999,66.0,81.33,93.0,0.0,1024.9,13.67,2.988
2002-06-22,12,88.34820184162615,36.50763373112879,7.2,6.8,9.63,12.3,12.6,5.1000000000000005,5.8,53.0,66.33,76.0,0.0,1032.8,24.33,8.028
2002-06-23,9,73.94935685930443,36.68482750154383,4.2,3.4,7.83,12.2,13.4,7.999999999999999,10.0,79.0,85.67,95.0,0.0,1032.37,4.67,1.1880000000000002
2002-06-24,13,83.9855367991629,31.766134962448373,6.8,3.8,9.87,12.4,12.8,5.6000000000000005,9.0,58.0,74.33,88.0,0.0,1030.67,19.67,4.932
2002-06-25,10,77.57863609052805,32.46707523973516,5.0,3.8,9.1,13.5,14.2,8.5,10.399999999999999,67.0,78.0,91.0,0.0,1031.47,28.67,4.212
2002-06-26,11,65.01679169186541,61.221500000000006,8.0,5.0,11.17,17.4,17.8,9.399999999999999,12.8,76.0,88.67,96.0,0.0,1028.87,0.0,0.0
2002-06-27,16,74.59378722873603,39.33108297888512,8.4,7.4,14.83,23.4,23.6,14.999999999999998,16.200000000000003,59.0,82.0,98.0,0.1,1021.97,6.33,5.652
2002-06-28,16,90.84459912644803,52.44633097961884,14.6,12.6,20.37,27.9,28.9,13.299999999999999,16.299999999999997,53.0,71.0,84.0,0.0,1017.23,6.33,3.6
2002-06-29,11,89.88123591929212,62.02431463014475,20.3,16.6,23.47,28.7,28.9,8.399999999999999,12.299999999999997,55.0,68.0,77.0,0.0,1013.57,21.0,2.4120000000000004
2002-06-30,9,67.86265497990387,63.94934940013219,15.6,18.0,18.5,21.6,22.0,6.000000000000002,4.0,85.0,92.33,98.0,10.3,1017.9,7.67,4.32
2002-07-01,9,61.48103584070418,52.07364946516627,12.8,13.2,13.63,14.5,16.2,1.6999999999999993,3.0,93.0,94.0,95.0,12.2,1023.83,15.0,6.588
2002-07-02,7,70.46271869971173,54.85980635203951,14.0,14.2,17.37,22.0,22.8,8.0,8.600000000000001,79.0,91.0,98.0,19.4,1025.0,6.0,5.508
2002-07-03,9,78.31834750000023,59.285086489488634,16.3,15.2,19.73,24.4,25.0,8.099999999999998,9.8,74.0,87.0,95.0,0.0,1021.63,12.0,2.16
2002-07-04,8,76.2842593638614,62.87592578706112,17.0,16.2,20.13,24.2,24.4,7.199999999999999,8.2,72.0,86.33,96.0,0.0,1021.67,6.0,0.9720000000000001
2002-07-05,14,70.67205673823902,58.62205869742251,16.0,15.0,18.7,22.5,22.7,6.5,7.699999999999999,79.0,89.33,98.0,0.0,1020.93,6.0,2.4120000000000004
2002-07-06,12,63.31140160166406,58.36772989439387,17.5,15.4,18.57,19.6,20.2,2.1000000000000014,4.799999999999999,87.0,94.0,98.0,0.0,1015.63,10.67,3.9600000000000004
2002-07-07,9,61.55626748823593,50.80995988401166,12.2,12.2,13.2,14.8,16.1,2.6000000000000014,3.900000000000002,93.0,94.0,96.0,22.5,1013.53,21.33,4.680000000000001
2002-07-08,5,83.80229001731195,36.53597710759793,9.0,7.7,10.83,12.1,11.8,3.0999999999999996,4.1000000000000005,67.0,80.0,91.0,0.6,1021.07,28.67,13.068
2002-07-09,10,75.95451566152794,43.342424792033256,9.8,8.6,11.17,13.8,14.5,4.0,5.9,69.0,79.33,90.0,0.0,1026.5,18.33,3.9600000000000004
2002-07-10,8,80.1819301743187,41.03042096726294,8.0,6.8,9.5,11.9,12.3,3.9000000000000004,5.500000000000001,72.0,82.33,90.0,0.0,1026.97,12.0,2.52
2002-07-11,9,80.03050185980872,38.260336301528945,7.4,6.3,10.2,13.2,13.4,5.799999999999999,7.1000000000000005,65.0,77.67,84.0,0.0,1026.43,7.67,3.9600000000000004
2002-07-12,9,75.48864031543056,34.998746418400515,6.7,4.7,9.57,13.8,14.6,7.1000000000000005,9.899999999999999,64.0,79.67,92.0,0.0,1023.9,9.33,3.708
2002-07-15,8,70.31123846996795,42.14613115554121,9.2,7.6,13.9,20.2,20.9,11.0,13.299999999999999,55.0,81.0,97.0,0.0,1021.73,16.67,2.988
2002-07-16,13,71.38433368241215,43.56920170102029,10.4,8.8,14.73,20.2,20.9,9.799999999999999,12.099999999999998,61.0,78.0,95.0,0.0,1020.2,22.67,4.212
2002-07-17,8,69.7972865675122,48.27485065079314,11.5,11.1,14.13,16.3,17.6,4.800000000000001,6.500000000000002,73.0,81.33,88.0,0.0,1026.47,20.0,4.788
2002-07-18,14,70.69441472793599,46.2293932868342,11.9,11.0,15.03,20.0,20.4,8.1,9.399999999999999,58.0,79.0,94.0,0.0,1027.37,7.67,8.28
2002-07-19,10,73.0718951501355,48.20355291338521,11.8,10.8,16.0,21.0,21.4,9.2,10.599999999999998,59.0,73.67,88.0,0.0,1021.17,12.33,3.9600000000000004
2002-07-20,4,74.59857376720007,46.790806824598974,11.6,10.2,16.57,22.2,23.0,10.6,12.8,56.0,75.0,89.0,0.0,1018.43,6.0,4.068
2002-07-21,11,65.44358689968696,60.130600536597264,16.3,16.0,17.27,19.1,20.0,2.8000000000000007,4.0,85.0,89.67,95.0,8.8,1015.43,9.0,3.24
2002-07-22,9,78.33814851558554,60.408528765296545,18.2,17.0,20.23,22.7,24.9,4.5,7.899999999999999,65.0,78.33,92.0,3.0,1006.13,18.0,7.920000000000001
2002-07-23,12,74.0144514055942,44.806881872723764,12.3,10.8,17.03,22.2,22.2,9.899999999999999,11.399999999999999,51.0,72.67,91.0,0.0,1014.9,21.33,10.8
2002-07-24,6,91.19172473385974,55.770015553022354,15.3,15.0,20.03,28.6,29.1,13.3,14.100000000000001,52.0,69.67,80.0,0.0,1015.6,12.33,7.812
2002-07-25,8,71.02674182007614,52.329649495796076,13.3,13.6,16.27,21.6,22.4,8.3,8.799999999999999,77.0,85.67,94.0,26.1,1019.3,16.67,8.28
2002-07-26,7,70.34415528056877,47.52368358754136,12.0,11.3,12.13,12.2,13.5,0.1999999999999993,2.1999999999999993,82.0,89.33,98.0,8.4,1024.3,12.33,6.9479999999999995
2002-07-27,9,63.86534490712275,49.162259956487276,13.5,13.2,14.4,16.1,17.6,2.6000000000000014,4.400000000000002,78.0,90.33,97.0,73.7,1018.03,24.33,16.56
2002-07-28,11,76.32178802258272,38.435533729197005,8.7,7.6,12.73,15.4,16.4,6.700000000000001,8.799999999999999,55.0,71.67,83.0,0.0,1024.77,34.67,7.920000000000001
2002-07-29,14,72.76403353195374,32.00368393339603,6.7,4.3,11.73,18.9,19.2,12.2,14.899999999999999,45.0,73.33,92.0,0.0,1025.53,4.67,6.012
2002-08-03,12,64.40339819336704,47.565967227082936,10.6,10.6,13.27,16.8,17.4,6.200000000000001,6.799999999999999,77.0,89.67,97.0,32.4,1020.33,17.0,4.212
2002-08-04,10,64.81148369220496,53.51867479833915,13.3,12.6,14.17,15.4,15.8,2.0999999999999996,3.200000000000001,83.0,90.67,96.0,0.0,1020.43,19.67,2.4120000000000004
2002-08-05,8,63.86534490712275,48.62793189505092,10.6,10.3,13.47,16.4,17.6,5.799999999999999,7.300000000000001,81.0,90.33,98.0,0.0,1017.3,10.67,2.4120000000000004
2002-08-06,11,65.47692204815237,48.84732641474572,12.2,11.0,13.6,16.0,16.8,3.8000000000000007,5.800000000000001,77.0,88.67,97.0,0.0,1018.3,16.67,3.708
2002-08-07,11,69.79945973545591,50.65435013278386,13.6,12.2,16.33,21.0,21.4,7.4,9.2,78.0,84.0,90.0,0.0,1020.33,16.67,4.932
2002-08-09,11,67.81796907534019,58.257886257276205,17.3,17.0,17.53,18.0,19.4,0.6999999999999993,2.3999999999999986,64.0,84.33,98.0,42.0,1015.53,22.67,19.08
2002-08-10,7,73.7187772199998,41.94074657952328,12.0,9.0,15.23,19.3,20.0,7.300000000000001,11.0,50.0,70.0,83.0,0.0,1021.4,32.0,7.452
2002-08-11,14,73.94257721024735,43.16391818569875,11.2,7.8,15.33,22.2,22.6,11.0,14.8,53.0,75.33,90.0,0.0,1019.77,10.67,2.52
2002-08-12,12,72.75059680005235,51.13047456861297,14.8,12.0,17.4,22.0,22.6,7.199999999999999,10.600000000000001,64.0,80.67,90.0,0.0,1018.1,16.67,3.6
2002-08-13,8,60.740912376698205,54.85980635203951,14.6,14.2,14.87,15.2,15.6,0.5999999999999996,1.4000000000000004,92.0,95.33,97.0,7.3,1016.43,15.33,5.508
2002-08-14,11,70.03336125040849,49.59530875577278,12.2,11.3,14.43,16.4,16.7,4.199999999999999,5.399999999999999,62.0,82.33,95.0,11.2,1022.3,14.0,3.6
2002-08-17,7,83.15175352345486,56.67480103122973,15.4,15.0,19.53,25.6,26.2,10.200000000000001,11.2,70.0,87.33,98.0,0.0,1020.57,19.67,5.508
2002-08-18,6,109.85071212543046,55.0497603325579,17.0,14.0,22.6,31.8,32.0,14.8,18.0,43.0,77.33,95.0,0.0,1016.57,7.67,4.32
2002-08-19,8,101.56979334304307,61.66603639900281,23.4,17.2,26.63,32.7,32.7,9.300000000000004,15.500000000000004,44.0,59.67,69.0,0.0,1013.57,15.0,5.508
2002-08-21,6,63.22209545422457,52.00350835923639,12.8,12.8,15.07,18.6,14.3,5.800000000000001,1.5,92.0,94.67,97.0,23.099999999999998,1020.33,13.67,4.932
2002-08-22,8,60.28265893907174,54.6760750855847,13.4,12.8,14.5,16.5,16.8,3.0999999999999996,4.0,95.0,95.0,95.0,5.9,1022.17,15.0,1.8
2002-08-23,6,58.62926791380043,56.54098196827086,15.9,14.5,16.1,16.4,18.2,0.4999999999999982,3.6999999999999993,97.0,97.33,98.0,8.7,1019.2,6.0,3.708
2002-08-24,7,87.8897778991769,61.74912766598998,16.7,16.2,20.23,26.4,27.4,9.7,11.2,62.0,83.33,95.0,8.6,1016.3,6.0,1.8
2002-08-25,8,116.28066217652876,63.97764624422998,21.4,17.7,25.0,31.8,33.4,10.400000000000002,15.7,59.0,74.33,84.0,0.0,1016.1,10.67,2.988
2002-08-26,7,102.84260602201617,64.17183912682155,22.4,18.1,25.8,31.0,31.4,8.600000000000001,13.299999999999997,53.0,72.0,83.0,0.0,1019.73,7.67,4.32
2002-08-27,6,85.41651661840004,58.037444970622225,21.4,16.0,24.53,27.8,28.0,6.400000000000002,12.0,55.0,62.0,70.0,0.0,1019.33,12.33,8.028
2002-08-28,9,100.085250371424,58.74929949149907,21.5,15.8,24.9,31.2,31.8,9.7,16.0,38.0,64.0,86.0,0.0,1012.43,4.67,4.932
2002-08-29,3,77.77302103369577,65.49694979543818,19.6,19.3,22.83,24.6,24.6,5.0,5.300000000000001,63.0,74.0,94.0,8.3,1005.33,25.67,9.251999999999999
2002-08-30,9,74.19304831891668,47.084390166015865,13.4,12.2,16.03,17.4,17.6,3.9999999999999982,5.400000000000002,60.0,72.67,84.0,3.7,1014.33,27.33,14.76
2002-08-31,3,83.43173093539193,41.34182506623883,11.1,9.3,12.93,13.9,14.8,2.8000000000000007,5.5,57.0,61.0,69.0,0.0,1020.63,16.67,10.44
2002-09-01,8,94.1415448232849,32.941380837506294,8.6,6.6,10.13,11.0,11.2,2.4000000000000004,4.6,59.0,64.33,67.0,0.0,1020.17,23.67,15.840000000000002
2002-09-02,5,83.96528971830007,31.071378228629325,6.9,5.8,9.43,13.0,13.5,6.1,7.7,48.0,70.0,82.0,1.2,1020.2,30.33,15.48
2002-09-03,8,76.58299837093287,35.40503109213108,9.5,6.0,12.47,18.1,18.8,8.600000000000001,12.8,45.0,61.67,71.0,0.0,1020.57,21.33,6.732
2002-09-04,6,74.52025707422408,37.43293013643934,12.8,7.0,15.33,20.0,20.3,7.199999999999999,13.3,52.0,67.0,84.0,0.0,1021.47,18.0,7.2
2002-09-05,10,87.82288056441627,42.59144574692968,13.6,9.2,18.53,28.0,28.4,14.4,19.2,34.0,67.0,84.0,0.0,1014.93,19.67,7.092
2002-09-06,7,66.703420716598,52.25237731056066,14.0,13.0,17.27,20.0,20.2,6.0,7.199999999999999,73.0,87.67,95.0,8.8,1009.47,14.0,5.292
2002-09-07,6,74.39817702690095,41.96489738685312,11.1,10.0,13.77,16.6,17.8,5.500000000000002,7.800000000000001,48.0,71.67,92.0,13.9,1020.13,22.67,13.68
2002-09-08,8,75.9030018401592,38.793061180236904,11.8,7.0,13.77,17.3,17.8,5.5,10.8,55.0,67.67,75.0,0.0,1028.57,12.33,5.148
2002-09-09,3,74.49187314070983,42.60859226750556,11.2,8.8,15.8,21.8,22.2,10.600000000000001,13.399999999999999,58.0,70.33,82.0,0.0,1026.07,16.67,5.508
2002-09-10,6,78.03380708678435,53.93538455232555,16.7,14.3,19.33,24.4,24.8,7.699999999999999,10.5,63.0,79.0,88.0,0.0,1023.57,10.67,8.388
2002-09-11,14,63.557959453900125,61.476896618103446,17.8,17.4,18.33,19.0,19.5,1.1999999999999993,2.1000000000000014,90.0,92.0,95.0,31.4,1017.5,10.67,7.452
2002-09-12,6,65.90271076282203,58.02301362968795,17.7,15.5,18.43,19.4,20.6,1.6999999999999993,5.100000000000001,87.0,90.33,94.0,14.799999999999999,1011.07,27.33,5.04
2002-09-13,8,73.395693470112,48.64547365168994,15.0,11.0,17.17,21.0,21.6,6.0,10.600000000000001,52.0,73.0,86.0,0.0,1014.47,22.67,3.9600000000000004
2002-09-14,9,74.4469019109475,53.2020509425866,15.0,13.2,16.7,19.9,20.2,4.899999999999999,7.0,54.0,67.33,78.0,0.0,1016.2,18.33,4.428
2002-09-15,4,72.46964187404788,43.06234093730312,13.5,9.0,15.2,17.6,18.4,4.100000000000001,9.399999999999999,72.0,75.0,77.0,0.0,1020.67,12.33,5.508
2002-09-16,10,73.55796398078598,51.641557535624585,12.8,12.5,17.23,22.5,22.8,9.7,10.3,68.0,78.67,86.0,0.0,1019.07,15.33,4.428
2002-09-17,4,66.4427290122919,60.80176264288732,17.4,16.8,18.53,20.0,20.4,2.6000000000000014,3.599999999999998,85.0,88.67,95.0,8.4,1017.77,10.67,5.4
2002-09-18,10,74.92116129760022,60.65859537687241,17.8,16.0,19.6,21.6,24.0,3.8000000000000007,8.0,81.0,87.0,92.0,0.0,1017.73,18.0,2.52
2002-09-19,12,68.48365819243159,65.29027751335855,19.6,19.0,20.13,21.0,22.0,1.3999999999999986,3.0,84.0,90.67,96.0,60.800000000000004,1007.93,12.33,7.092
2002-09-20,5,74.79843276255932,47.14607896548108,12.6,10.8,15.87,19.0,19.2,6.4,8.399999999999999,48.0,67.33,80.0,0.6,1015.43,15.33,5.508
2002-09-21,8,75.42554132145301,42.45858331542382,10.8,8.2,13.3,16.7,17.7,5.899999999999999,9.5,47.0,69.33,86.0,0.0,1020.37,18.33,3.9600000000000004
2002-09-22,9,75.66579232741324,40.36543837106031,12.2,7.4,15.43,20.8,21.5,8.600000000000001,14.1,41.0,61.67,80.0,0.0,1019.43,30.33,4.32
2002-09-23,7,73.88364253812459,47.196178908406594,15.0,11.0,17.4,20.6,20.9,5.600000000000001,9.899999999999999,58.0,69.67,78.0,0.0,1018.8,12.33,6.228
2002-09-24,3,76.24333781550479,43.69077231194809,13.8,8.8,15.73,19.4,19.9,5.599999999999998,11.099999999999998,30.0,59.67,76.0,0.0,1021.53,20.0,4.068
2002-09-25,10,78.79849844901409,46.35483675569613,12.1,8.8,17.13,24.5,25.0,12.4,16.2,49.0,65.33,76.0,0.0,1019.6,16.67,1.8
2002-09-26,9,83.11375167331224,49.63520886953055,16.6,11.6,19.93,26.2,26.6,9.599999999999998,15.000000000000002,58.0,73.0,82.0,0.0,1018.73,18.33,4.428
2002-09-27,6,83.93480019292247,56.06987598450077,15.2,14.0,20.0,26.2,26.6,11.0,12.600000000000001,59.0,79.67,94.0,0.0,1021.47,12.0,2.8800000000000003
2002-09-28,7,96.77531536382952,57.88194067686825,18.9,14.8,23.5,30.6,31.2,11.700000000000003,16.4,38.0,62.67,85.0,0.0,1016.13,7.67,2.7720000000000002
2002-09-29,11,75.6394257954882,63.032106028156136,19.4,17.4,21.13,22.2,23.8,2.8000000000000007,6.400000000000002,71.0,78.0,87.0,0.7,1015.0,15.33,3.492
2002-09-30,12,60.20385840388829,59.722044593034404,17.0,16.1,17.2,17.4,18.2,0.3999999999999986,2.099999999999998,93.0,95.33,98.0,30.6,1013.73,13.67,4.32
2002-10-01,11,75.93478993090736,61.72445213323863,17.3,17.0,19.9,23.8,24.0,6.5,7.0,60.0,79.33,93.0,0.30000000000000004,1017.7,12.33,4.32
2002-10-02,6,88.50929787945628,54.830210539173656,18.0,15.2,22.13,28.2,28.6,10.2,13.400000000000002,49.0,67.0,89.0,0.0,1015.87,10.67,13.068
2002-10-03,11,84.89491921999614,63.214929130320925,21.5,18.5,23.6,26.8,27.1,5.300000000000001,8.600000000000001,65.0,74.0,84.0,53.5,1009.7,12.33,11.16
2002-10-04,6,81.29663801670404,61.21228772920527,18.9,17.0,20.5,23.2,25.8,4.300000000000001,8.8,77.0,84.0,90.0,0.0,1013.3,12.33,5.508
2002-10-05,9,71.13375716881724,66.17424666702576,21.2,19.0,21.67,22.4,23.0,1.1999999999999993,4.0,88.0,90.67,93.0,3.3,1011.5,10.67,4.32
2002-10-06,5,74.58953752854421,64.65059595954888,19.2,18.4,24.47,31.4,23.2,12.2,4.800000000000001,58.0,77.0,97.0,0.0,1011.77,10.67,4.788
2002-10-07,9,89.14255427494946,66.66162474049338,20.6,19.2,22.93,26.2,27.6,5.599999999999998,8.400000000000002,80.0,84.67,92.0,16.2,1010.8,13.67,4.212
2002-10-08,8,63.79984139680026,66.21300609270244,19.2,18.9,19.77,20.8,21.0,1.6000000000000014,2.1000000000000014,95.0,96.0,97.0,19.0,1015.27,7.67,3.708
2002-10-09,8,84.62980544380831,64.91831966894668,20.4,19.2,23.0,26.4,26.6,6.0,7.400000000000002,74.0,85.0,96.0,0.6,1015.03,12.33,11.052
2002-10-10,7,73.49387436791443,67.7436876678493,22.2,19.8,22.53,23.0,23.5,0.8000000000000007,3.6999999999999993,86.0,86.67,87.0,0.9,1015.37,18.33,4.932
2002-10-11,4,77.19493158242219,67.39113388789656,20.0,19.8,21.4,22.8,24.8,2.8000000000000007,5.0,89.0,92.67,95.0,5.3,1013.87,15.33,6.12
2002-10-12,3,89.68702949473067,64.62610708844846,20.4,18.0,22.97,27.6,28.0,7.200000000000003,10.0,60.0,79.67,91.0,5.6,1013.67,19.67,2.988
2002-10-13,11,105.54818755153576,64.1459323973092,22.8,18.2,27.0,32.7,32.9,9.900000000000002,14.7,50.0,64.33,74.0,0.0,1014.4,12.33,4.932
2002-10-14,4,96.62565493084116,72.3518177305316,22.8,21.6,25.8,29.0,29.7,6.199999999999999,8.099999999999998,64.0,76.67,87.0,0.0,1012.37,18.0,3.132
2002-10-15,10,106.67412098064482,72.24088175602444,24.8,21.8,27.93,32.0,32.8,7.199999999999999,10.999999999999996,55.0,66.67,79.0,0.0,1012.6,23.0,4.932
2002-10-16,8,87.42451537557845,63.67414098970355,25.9,17.6,26.0,26.1,27.7,0.20000000000000284,10.099999999999998,71.0,75.67,80.0,2.2,1011.8,15.33,3.132
2002-10-17,2,75.37882381830423,59.24129451384269,17.6,17.0,19.83,22.4,23.2,4.799999999999997,6.199999999999999,53.0,72.0,90.0,4.800000000000001,1021.07,10.67,12.96
2002-10-18,5,82.633283039326,51.49920434923693,17.2,13.7,21.57,26.9,27.0,9.7,13.3,54.0,60.67,68.0,0.0,1019.0,12.0,11.772
2002-10-19,5,74.25799583993182,65.94481003257926,21.4,19.0,21.93,22.6,23.3,1.2000000000000028,4.300000000000001,74.0,80.0,90.0,1.9,1013.7,17.0,4.932
2002-10-20,2,99.06217200412834,68.17665420722997,20.4,19.9,23.33,28.8,29.2,8.400000000000002,9.3,70.0,88.0,97.0,10.7,1009.43,4.67,4.32
2002-10-21,7,72.08831212771186,53.06573644919962,17.4,14.2,19.67,21.2,22.8,3.8000000000000007,8.600000000000001,68.0,85.0,94.0,19.8,1009.6,31.67,10.44
2002-10-22,4,77.02400821393573,42.79876353433691,13.0,10.0,15.67,18.6,19.0,5.600000000000001,9.0,50.0,58.67,66.0,0.0,1024.3,22.67,11.052
2002-10-23,8,77.9666784536891,40.90088466973595,12.8,8.8,17.9,23.7,24.4,10.899999999999999,15.599999999999998,47.0,59.33,77.0,0.0,1021.93,12.33,8.64
2002-10-24,2,65.64743495857107,56.62269045650209,16.9,15.2,17.23,17.6,18.2,0.7000000000000028,3.0,80.0,87.67,96.0,9.0,1014.13,15.33,6.732
2002-10-25,6,76.59501352310302,64.37079210171797,18.2,18.3,20.37,23.8,24.6,5.600000000000001,6.300000000000001,76.0,90.33,98.0,8.2,1011.03,6.33,4.932
2002-10-26,7,95.00051528377462,61.89733535322165,20.6,17.2,24.13,28.8,29.2,8.2,12.0,61.0,78.67,93.0,0.0,1012.13,9.0,4.932
2002-10-27,8,79.10320937827201,66.78764323584339,20.6,19.0,22.13,24.8,25.2,4.199999999999999,6.199999999999999,77.0,85.0,92.0,0.0,1013.2,9.0,2.988
2002-10-28,9,103.01234113096758,68.68845096718726,22.4,20.2,25.1,29.9,30.6,7.5,10.400000000000002,60.0,79.67,91.0,0.0,1011.87,18.0,4.788
2002-10-29,4,78.06391488234541,63.24078474345032,19.4,18.4,21.93,24.6,24.8,5.200000000000003,6.400000000000002,64.0,78.33,86.0,0.3,1013.37,18.33,9.828
2002-10-30,6,74.33989028924762,59.04732388948574,18.4,16.7,19.27,20.4,22.6,2.0,5.900000000000002,67.0,73.33,81.0,0.3,1018.43,13.67,10.44
2002-10-31,5,65.8674744903191,55.94966015162327,15.4,14.8,16.53,18.2,18.2,2.799999999999999,3.3999999999999986,72.0,87.33,97.0,26.2,1017.8,16.67,6.12
2002-11-01,4,80.4263663205825,53.25374571604808,14.8,14.6,19.8,25.2,25.6,10.399999999999999,11.000000000000002,63.0,79.33,94.0,12.399999999999999,1016.73,12.33,13.572000000000001
2002-11-02,3,92.02777836189155,61.709469832848455,19.4,17.5,24.27,29.4,29.4,10.0,11.899999999999999,57.0,68.67,84.0,0.0,1013.87,12.0,7.452
2002-11-03,6,110.41837990649552,63.30464429033607,21.0,17.8,26.27,32.6,33.4,11.600000000000001,15.599999999999998,48.0,67.33,84.0,0.0,1007.67,16.67,4.788
2002-11-04,4,66.029410254304,59.62121963335284,17.8,17.4,18.33,19.2,20.2,1.3999999999999986,2.8000000000000007,82.0,89.0,94.0,15.7,1013.67,15.33,16.56
2002-11-05,7,75.50944464231601,54.36633676302819,17.8,15.0,19.8,22.0,22.4,4.199999999999999,7.399999999999999,49.0,65.33,80.0,2.9,1022.83,18.33,12.96
2002-11-06,5,76.06935061249115,49.79611917335502,16.2,13.3,19.6,23.0,23.2,6.800000000000001,9.899999999999999,56.0,66.67,79.0,0.0,1026.83,13.67,14.76
2002-11-07,7,79.13359078462167,53.34421265800869,17.7,14.7,21.43,25.0,25.2,7.300000000000001,10.5,54.0,62.67,78.0,0.0,1025.9,7.67,14.292000000000002
2002-11-10,13,70.5619235175003,63.39772931868792,18.6,18.4,19.87,21.8,22.5,3.1999999999999993,4.100000000000001,74.0,88.0,96.0,20.7,1009.0,24.33,9.107999999999999
2002-11-12,5,81.38694915404585,52.18695278597728,19.6,13.5,22.33,26.4,27.0,6.799999999999997,13.5,41.0,50.33,61.0,0.0,1017.63,33.0,8.028
2002-11-13,8,93.46500217720009,57.29057875269341,20.0,15.6,24.47,31.0,31.5,11.0,15.9,42.0,53.0,61.0,0.0,1018.07,14.0,7.452
2002-11-14,9,98.28794433436153,61.66232024645268,21.9,17.4,25.93,30.6,31.6,8.700000000000003,14.200000000000003,55.0,62.33,74.0,0.0,1013.97,27.0,6.84
2002-11-15,5,97.10293238921342,70.74100979495388,25.6,21.2,26.93,29.0,31.2,3.3999999999999986,10.0,51.0,63.33,70.0,0.0,1012.23,21.33,5.508
2002-11-16,8,109.05120897475209,69.25410848717954,22.6,20.0,25.83,32.2,32.4,9.600000000000001,12.399999999999999,58.0,73.0,85.0,0.0,1012.43,6.0,2.4120000000000004
2002-11-17,11,104.0032964456068,67.56476910637102,24.5,19.8,27.73,32.4,33.0,7.899999999999999,13.2,53.0,61.33,73.0,0.0,1009.3,12.33,5.508
2002-11-18,7,82.28855049563374,71.64850713454899,21.6,21.6,23.77,25.3,26.0,3.6999999999999993,4.399999999999999,82.0,87.33,95.0,15.2,1007.03,21.0,5.508
2002-11-19,5,92.53039066733648,66.6572717667759,23.9,19.4,25.5,27.8,29.0,3.900000000000002,9.600000000000001,60.0,74.67,88.0,0.0,1010.53,9.0,5.508
2002-11-20,7,70.07173284421303,70.29270827722364,20.6,21.4,21.4,21.8,22.8,1.1999999999999993,1.4000000000000021,86.0,92.33,96.0,19.1,1008.67,16.67,10.44
2002-11-21,12,77.63723570070817,65.69888696750334,20.6,19.2,22.2,23.2,24.8,2.599999999999998,5.600000000000001,76.0,86.33,97.0,1.6,1015.77,19.67,7.308
2002-11-22,10,78.98470507106805,58.161696112245444,18.6,16.4,21.63,24.5,25.1,5.899999999999999,8.700000000000003,59.0,66.0,77.0,0.0,1022.6,9.33,11.16
2002-11-23,5,99.3680847726955,60.6516287903177,19.4,17.2,24.9,31.1,31.6,11.700000000000003,14.400000000000002,48.0,64.33,83.0,0.0,1017.2,21.33,8.748000000000001
2002-11-24,8,122.95538333932227,70.18239854532459,24.2,20.6,27.73,31.2,35.0,7.0,14.399999999999999,66.0,70.33,79.0,0.0,1012.83,9.0,3.132
2002-11-25,10,103.19179170906386,76.5703651813932,25.6,23.6,26.87,28.6,31.2,3.0,7.599999999999998,70.0,74.33,81.0,0.4,1007.33,18.0,3.6
2002-11-26,7,89.93388539760014,73.73807549606423,25.0,23.2,26.47,28.4,29.0,3.3999999999999986,5.800000000000001,56.0,67.0,76.0,0.6,1002.3,30.33,21.6
2002-11-27,3,79.799929607008,68.39914393391935,22.6,20.0,24.33,25.4,25.4,2.799999999999997,5.399999999999999,73.0,80.0,93.0,0.9,1008.3,14.0,4.32
2002-11-28,6,71.97252540131903,67.84879283734749,21.4,20.0,22.4,23.2,23.4,1.8000000000000007,3.3999999999999986,88.0,92.33,96.0,5.2,1012.33,13.67,6.12
2002-11-29,2,78.4659157767519,67.9234003353519,20.4,20.1,22.03,24.8,25.1,4.400000000000002,5.0,87.0,93.0,96.0,6.800000000000001,1013.13,12.0,6.732
2002-11-30,10,105.3266867360489,69.84953234892352,22.4,21.0,26.13,30.2,31.1,7.800000000000001,10.100000000000001,68.0,78.67,88.0,0.3,1009.83,17.0,7.452
2002-12-01,6,74.78267060965545,69.19527891706625,21.0,20.6,22.07,24.2,24.2,3.1999999999999993,3.599999999999998,87.0,92.67,96.0,43.8,1008.03,16.67,6.228
2002-12-02,2,76.7350708437114,66.16328088927827,21.4,19.4,22.1,23.1,24.4,1.7000000000000028,5.0,68.0,81.67,95.0,2.3,1014.77,18.33,7.308
2002-12-03,4,94.53725949997926,60.9972789357096,19.0,17.4,23.73,27.8,29.3,8.8,11.900000000000002,66.0,76.33,90.0,0.0,1017.67,13.67,9.251999999999999
2002-12-04,9,86.61850752103842,69.65359350057999,22.0,20.8,24.17,26.5,27.3,4.5,6.5,77.0,79.33,81.0,0.0,1013.6,14.0,6.228
2002-12-05,10,111.88877765108835,72.4253823318568,22.2,22.0,25.93,30.8,31.3,8.600000000000001,9.3,74.0,86.33,96.0,9.4,1009.8,6.0,6.12
2002-12-06,8,94.67086885388797,71.19475846475144,22.2,21.4,25.83,28.5,28.8,6.300000000000001,7.400000000000002,65.0,83.0,95.0,37.1,1009.03,18.0,5.508
2002-12-07,5,83.79801334146565,72.65421180658225,24.4,22.1,24.93,25.4,26.5,1.0,4.399999999999999,80.0,81.67,84.0,0.0,1009.67,19.67,6.12
2002-12-08,11,77.03877208860342,60.70378183908703,20.6,17.6,22.07,23.4,24.0,2.799999999999997,6.399999999999999,58.0,67.67,86.0,2.4,1015.03,16.67,12.96
2002-12-09,7,81.97222001715139,62.11968320556694,19.4,17.8,22.63,25.7,26.4,6.300000000000001,8.599999999999998,56.0,67.67,76.0,0.0,1017.97,13.67,8.532
2002-12-10,10,87.87094381264113,64.64055383564323,21.0,19.0,24.07,27.4,28.6,6.399999999999999,9.600000000000001,56.0,64.67,75.0,0.0,1019.27,9.0,9.972
2002-12-11,4,82.61886385124106,70.28726112515633,21.3,21.0,23.1,25.2,26.2,3.8999999999999986,5.199999999999999,79.0,81.33,83.0,1.7,1016.47,10.67,5.508
2002-12-12,4,99.07073055196571,65.84775974535907,23.0,19.2,25.73,30.4,30.8,7.399999999999999,11.600000000000001,50.0,70.67,83.0,0.2,1012.9,23.0,6.732
2002-12-13,7,101.41357470819695,68.63101212381034,22.9,20.0,25.9,30.6,31.2,7.700000000000003,11.2,49.0,71.33,85.0,0.0,1011.9,15.0,3.708
2002-12-14,3,100.50416598634936,69.88385975035423,24.8,21.2,26.77,29.0,30.8,4.199999999999999,9.600000000000001,66.0,73.33,80.0,0.0,1011.57,15.33,9.972
2002-12-15,3,104.64003930445594,72.55600447414409,23.2,22.0,26.87,31.0,31.2,7.800000000000001,9.2,67.0,76.67,86.0,0.0,1010.4,13.67,5.508
2002-12-16,9,114.25474489417621,71.82321949531057,24.8,21.8,27.8,33.0,33.4,8.2,11.599999999999998,52.0,72.0,87.0,0.0,1008.33,16.67,6.84
2002-12-17,8,89.61406684988027,68.48525049815296,25.6,20.4,26.4,28.0,28.8,2.3999999999999986,8.400000000000002,62.0,68.33,77.0,0.0,1012.53,30.0,7.308
2002-12-18,6,85.73480778428811,56.58187062202374,21.8,15.2,24.4,28.2,28.6,6.399999999999999,13.400000000000002,39.0,56.0,71.0,0.0,1018.27,13.67,6.84
2002-12-22,3,108.03150592759609,67.15472327007502,20.8,20.0,26.03,31.4,32.1,10.599999999999998,12.100000000000001,64.0,74.0,86.0,0.0,1012.67,12.0,9.251999999999999
2002-12-23,10,86.88821637393387,71.17305907138132,21.9,21.9,23.83,27.0,27.0,5.100000000000001,5.100000000000001,75.0,87.67,95.0,11.100000000000001,1007.17,19.67,13.068
2002-12-24,7,70.52340381135879,62.73389713938468,18.3,18.2,20.1,21.2,22.1,2.8999999999999986,3.900000000000002,72.0,85.33,95.0,13.0,1011.57,21.33,9.972
2002-12-25,4,82.64732975689637,55.19741981998839,17.8,14.7,21.6,26.0,26.6,8.2,11.900000000000002,55.0,69.0,80.0,0.0,1017.23,18.33,7.452
2002-12-26,3,95.80860871170313,56.86497805052512,20.4,15.2,24.43,30.5,31.2,10.100000000000001,16.0,44.0,60.67,78.0,0.0,1017.83,12.33,6.12
2002-12-27,7,105.71960818960008,63.504369946753485,21.6,17.8,26.83,33.8,34.0,12.199999999999996,16.2,41.0,57.0,76.0,0.0,1014.4,18.0,4.32
2002-12-28,3,108.37106560867198,64.87492123775098,25.8,18.5,28.6,32.8,34.4,6.9999999999999964,15.899999999999999,47.0,58.0,67.0,0.0,1011.9,19.67,4.788
2002-12-29,7,114.99094876452247,71.73461366185626,26.1,21.0,28.83,34.0,34.6,7.899999999999999,13.600000000000001,48.0,64.67,77.0,0.0,1011.23,16.67,1.8
2002-12-30,12,116.46093423630526,75.9637946413575,26.1,23.4,28.47,32.9,33.8,6.799999999999997,10.399999999999999,62.0,71.67,79.0,0.0,1010.77,13.67,4.32
2002-12-31,6,96.86998423270944,77.18779525301704,24.4,24.0,26.63,28.5,29.6,4.100000000000001,5.600000000000001,72.0,78.33,86.0,0.0,1011.73,13.67,4.932
2003-01-01,6,97.32454879493898,73.7983591802096,25.5,22.6,26.63,28.8,29.6,3.3000000000000007,7.0,70.0,79.33,89.0,0.0,1011.73,15.33,6.12
2003-01-02,2,95.06069909588813,71.02853725112122,23.4,21.4,25.43,28.6,29.9,5.200000000000003,8.5,56.0,71.0,79.0,0.0,1013.3,12.33,6.228
2003-01-03,7,95.6943202034931,67.78690186096067,22.2,20.4,24.73,27.8,29.6,5.600000000000001,9.200000000000003,70.0,75.67,81.0,0.0,1011.33,19.67,11.16
2003-01-04,8,104.5570672540146,73.6068922860812,22.2,21.9,25.43,29.6,30.4,7.400000000000002,8.5,69.0,84.33,96.0,10.4,1007.37,3.0,1.8
2003-01-05,10,102.65908494796822,71.61058683899856,25.4,21.8,27.33,31.0,31.6,5.600000000000001,9.8,56.0,70.0,79.0,0.0,1006.97,20.0,8.028
2003-01-06,7,92.60148859604806,71.95897956094905,26.2,21.6,27.57,29.5,29.9,3.3000000000000007,8.299999999999997,53.0,65.0,74.0,0.0,1009.23,21.0,4.32
2003-01-07,5,101.26575523830952,64.62610708844846,22.8,18.0,25.73,30.2,31.6,7.399999999999999,13.600000000000001,57.0,67.67,74.0,0.0,1013.57,13.67,2.988
2003-01-08,9,105.32074089951604,63.50103281756364,22.6,18.1,26.0,31.4,32.9,8.799999999999997,14.799999999999997,52.0,64.0,70.0,0.0,1014.4,12.0,6.12
2003-01-09,9,113.85733214435204,72.07862621377012,24.6,22.0,28.47,33.6,34.2,9.0,12.200000000000003,50.0,66.0,81.0,0.0,1011.17,15.33,8.028
2003-01-10,5,81.35731605979062,75.06310899381171,22.8,22.6,24.47,25.4,25.8,2.599999999999998,3.1999999999999993,82.0,85.33,87.0,14.2,1015.03,21.33,1.8
2003-01-11,6,102.0075761469121,66.71132784899336,21.5,19.0,24.87,30.3,30.8,8.8,11.8,53.0,76.0,88.0,0.0,1012.87,18.33,3.132
2003-01-12,6,93.38632643660813,68.51687215375932,24.8,19.8,26.07,28.4,29.8,3.599999999999998,10.0,57.0,68.0,74.0,0.0,1014.37,7.67,2.988
2003-01-13,8,95.96541448291225,68.76411073624936,23.6,20.4,26.8,31.0,31.2,7.399999999999999,10.8,47.0,61.0,75.0,0.0,1014.33,18.33,6.12
2003-01-14,5,102.93115969543867,69.84953234892352,24.4,21.0,27.87,31.8,32.5,7.400000000000002,11.5,52.0,63.33,75.0,0.0,1014.23,13.67,7.452
2003-01-15,4,103.45845953251508,69.9792466816379,24.7,21.2,28.2,32.5,32.7,7.800000000000001,11.500000000000004,50.0,62.67,74.0,0.0,1014.43,12.0,9.360000000000001
2003-01-16,9,109.40775333015267,71.51006443295493,24.2,21.6,28.2,33.0,34.4,8.8,12.799999999999997,48.0,59.33,68.0,0.0,1013.37,13.67,6.12
2003-01-17,8,111.84650692369532,71.96772338240588,26.9,21.8,29.37,33.6,34.4,6.700000000000003,12.599999999999998,46.0,62.33,75.0,0.0,1010.07,27.0,6.12
2003-01-18,5,95.35191445516213,75.20676586116825,26.9,23.4,27.6,28.4,29.9,1.5,6.5,66.0,71.67,75.0,0.0,1012.8,13.67,9.251999999999999
2003-01-19,2,102.54752662883209,67.27285242860928,23.0,20.0,26.47,31.0,32.2,8.0,12.200000000000003,55.0,65.0,75.0,0.0,1013.43,10.67,8.64
2003-01-20,5,91.88228368278277,69.29122888627293,22.0,20.8,24.83,27.8,28.8,5.800000000000001,8.0,62.0,75.33,86.0,28.1,1007.0,22.67,7.920000000000001
2003-01-21,2,99.24507322163188,70.95523645354064,24.8,20.8,26.77,30.5,30.8,5.699999999999999,10.0,54.0,71.0,80.0,0.0,1009.2,10.67,2.4120000000000004
2003-01-22,5,103.66905023177208,72.17526449637354,24.0,22.0,27.07,31.5,32.3,7.5,10.299999999999997,47.0,66.0,81.0,0.0,1009.87,9.0,7.452
2003-01-23,8,78.97605851094377,71.89121891189455,22.3,22.0,23.27,24.5,25.2,2.1999999999999993,3.1999999999999993,88.0,90.67,95.0,78.1,1009.8,22.67,9.251999999999999
2003-01-24,4,81.1037903252554,64.77009912395346,22.2,18.8,23.53,26.0,26.4,3.8000000000000007,7.599999999999998,44.0,58.33,70.0,0.1,1019.7,18.33,7.308
2003-01-25,5,90.17443161781334,61.38639164275934,21.2,16.3,24.5,29.8,30.4,8.600000000000001,14.099999999999998,49.0,53.67,62.0,0.0,1018.17,10.67,2.4120000000000004
2003-01-26,3,99.72357196073831,65.98596532021762,22.8,19.6,26.0,30.8,31.2,8.0,11.599999999999998,56.0,68.33,76.0,0.0,1013.63,18.33,10.44
2003-01-27,2,99.52150488569369,71.24497163739355,23.8,21.6,25.93,30.0,30.4,6.199999999999999,8.799999999999997,62.0,75.33,84.0,0.0,1012.33,12.0,7.452
2003-01-28,7,95.24423269616136,67.36202058301127,23.8,19.8,26.13,30.3,30.6,6.5,10.8,50.0,64.67,74.0,0.0,1012.17,7.67,6.228
2003-01-29,8,97.69649213372807,66.33528020329072,24.0,19.7,26.47,30.6,30.8,6.600000000000001,11.100000000000001,55.0,68.0,77.0,0.0,1015.23,10.67,9.828
2003-01-30,8,119.50858173225315,67.0642055737832,23.6,19.4,27.67,33.4,35.2,9.799999999999997,15.800000000000004,52.0,65.67,80.0,0.0,1013.67,13.67,4.32
2003-02-02,6,128.27205521785027,74.41882308762813,23.6,23.0,28.3,34.0,35.4,10.399999999999999,12.399999999999999,55.0,72.67,93.0,37.0,1016.0,12.33,8.028
2003-02-03,10,123.2410783097673,77.51048653538842,26.0,24.4,29.2,34.8,35.2,8.799999999999997,10.800000000000004,49.0,69.33,83.0,0.7,1015.57,17.0,9.972
2003-02-04,10,132.5462778803697,78.89001772187709,28.8,24.8,31.8,37.4,37.8,8.599999999999998,12.999999999999996,39.0,62.33,75.0,0.0,1012.8,15.0,5.652
2003-02-05,9,120.62228335318126,78.99348348198022,26.8,24.9,29.73,34.6,35.6,7.800000000000001,10.700000000000003,53.0,64.33,71.0,1.0,1010.87,27.0,6.732
2003-02-06,10,107.56283497475229,78.2221680797436,28.0,24.6,29.53,32.6,33.2,4.600000000000001,8.600000000000001,61.0,65.0,68.0,0.0,1008.73,25.67,7.452
2003-02-07,10,123.7024549417455,80.72348053050007,26.2,25.6,29.77,33.6,34.6,7.400000000000002,9.0,59.0,73.67,90.0,5.6,1010.63,27.33,5.508
2003-02-08,4,112.41132090028825,77.64358005793977,24.2,24.1,25.97,28.6,31.2,4.400000000000002,7.099999999999998,78.0,88.0,96.0,27.1,1013.8,19.67,3.708
2003-02-09,11,108.51027314633228,76.73070951386006,24.6,23.6,25.4,25.8,30.4,1.1999999999999993,6.799999999999997,88.0,90.67,93.0,16.0,1013.83,13.67,2.988
2003-02-10,9,107.53094464719995,75.20805636944345,23.0,22.8,25.83,30.3,31.0,7.300000000000001,8.2,62.0,83.0,96.0,14.6,1011.63,7.67,2.4120000000000004
2003-02-11,9,99.66583729504329,76.40877409473622,25.6,23.6,26.93,29.4,30.1,3.799999999999997,6.5,61.0,78.67,89.0,0.0,1008.9,16.67,4.32
2003-02-12,7,100.30597356880551,77.94914020078986,27.1,24.6,28.23,30.4,31.4,3.299999999999997,6.799999999999997,56.0,67.67,74.0,0.0,1007.67,33.33,10.44
2003-02-13,4,94.07520055675904,71.38280131867323,25.0,21.6,25.73,26.6,30.0,1.6000000000000014,8.399999999999999,52.0,67.67,79.0,0.6,1013.1,4.67,6.732
2003-02-14,6,89.96805413960973,66.84171584709384,22.4,19.3,23.93,26.6,28.4,4.200000000000003,9.099999999999998,53.0,74.67,86.0,0.0,1010.77,19.67,4.32
2003-02-15,3,102.13338721218228,65.38558568784325,23.2,18.5,26.07,31.4,32.2,8.2,13.700000000000003,41.0,64.33,79.0,0.0,1010.6,27.33,3.6
2003-02-16,16,93.72882402711241,73.54494314649014,21.4,22.3,24.83,27.1,29.1,5.700000000000003,6.800000000000001,66.0,76.67,93.0,15.1,1007.83,28.67,4.212
2003-02-17,6,86.01331742555831,64.68274845229136,20.0,18.9,23.0,26.2,27.4,6.199999999999999,8.5,50.0,74.33,87.0,1.1,1007.67,31.67,8.64
2003-02-18,8,86.33583851798409,62.41822762825547,21.7,18.0,24.6,28.5,29.2,6.800000000000001,11.2,37.0,52.0,66.0,0.0,1011.37,28.67,9.251999999999999
2003-02-19,3,85.53160647862573,63.50103281756364,21.6,18.1,23.13,24.4,27.3,2.799999999999997,9.2,60.0,73.67,97.0,26.0,1009.9,6.0,6.12
2003-02-20,6,69.565046622144,69.22176968570028,21.0,20.6,21.7,22.2,22.8,1.1999999999999993,2.1999999999999993,87.0,94.0,98.0,40.0,1012.43,12.0,6.12
2003-02-21,4,81.20286872329655,66.5714896211039,19.4,18.9,21.5,25.6,25.9,6.200000000000003,7.0,57.0,75.67,92.0,0.3,1018.47,25.67,2.988
2003-02-22,3,78.107326353167,60.7800882493227,20.2,16.4,21.9,23.5,24.6,3.3000000000000007,8.200000000000003,62.0,65.33,68.0,0.0,1020.17,16.67,3.6
2003-02-23,7,108.27867011578817,68.39914393391935,21.8,20.0,25.47,31.4,31.9,9.599999999999998,11.899999999999999,63.0,76.0,83.0,0.0,1020.17,10.67,4.32
2003-02-24,4,108.20112332560012,76.24660817340654,25.2,23.0,27.17,30.8,31.0,5.600000000000001,8.0,71.0,84.0,92.0,3.4,1017.07,4.67,1.1880000000000002
2003-02-25,8,112.84060146524828,73.59358363767728,23.2,22.6,26.4,30.2,31.8,7.0,9.2,68.0,83.0,96.0,11.2,1013.83,18.33,7.308
2003-02-26,3,116.87700521564801,72.65421180658225,26.4,22.1,28.67,33.2,33.4,6.800000000000004,11.299999999999997,58.0,75.0,86.0,0.0,1013.53,16.67,6.12
2003-02-27,6,127.30078166449235,73.45957868748731,26.0,22.0,29.33,35.0,35.8,9.0,13.799999999999997,56.0,69.33,77.0,0.0,1014.4,3.0,2.52
2003-02-28,7,113.03034885270426,76.43149602642428,27.0,23.6,29.47,32.0,33.2,5.0,9.600000000000001,61.0,72.0,78.0,0.0,1014.27,15.0,4.212
2003-03-01,6,127.63231497283229,73.36518027806821,25.1,22.3,28.83,34.2,34.8,9.100000000000001,12.499999999999996,62.0,76.0,88.0,11.6,1011.8,15.0,4.932
2003-03-02,6,105.0027693622722,72.30530824755893,23.2,22.0,25.73,30.0,30.6,6.800000000000001,8.600000000000001,65.0,83.0,96.0,18.0,1011.97,16.67,6.732
2003-03-03,5,84.85467575008914,69.04983496114613,24.0,19.0,25.0,26.0,26.6,2.0,7.600000000000001,85.0,86.67,89.0,10.299999999999999,1012.47,12.0,0.6120000000000001
2003-03-04,7,100.03228971848789,74.37099915333434,24.2,22.8,26.33,29.0,29.8,4.800000000000001,7.0,72.0,82.67,92.0,0.0,1015.87,13.67,5.508
2003-03-05,8,109.05120897475209,72.24088175602444,24.0,21.8,27.47,32.0,32.4,8.0,10.599999999999998,59.0,73.0,83.0,0.0,1016.27,15.33,4.932
2003-03-06,8,124.74938157238806,75.38891761774698,25.4,23.2,28.67,34.4,34.6,9.0,11.400000000000002,54.0,74.67,86.0,0.0,1012.47,15.33,4.932
2003-03-07,9,105.0027693622722,77.29873300149363,24.5,24.0,27.17,30.2,30.6,5.699999999999999,6.600000000000001,69.0,83.0,96.0,2.1,1012.3,18.0,4.32
2003-03-08,7,113.93148203827451,77.09762361410138,25.4,23.9,27.83,31.2,32.6,5.800000000000001,8.700000000000003,66.0,77.67,89.0,0.0,1012.6,13.67,4.212
2003-03-09,7,109.5494038783473,76.77314235164064,25.8,23.9,28.07,31.2,32.4,5.399999999999999,8.5,61.0,73.67,84.0,0.0,1010.9,11.0,6.12
2003-03-10,9,113.03034885270426,78.00098851171475,25.8,24.4,28.57,32.4,33.2,6.599999999999998,8.800000000000004,57.0,72.0,83.0,0.0,1008.97,12.33,5.508
2003-03-11,8,109.19545395017285,76.54448640743618,25.0,23.6,27.57,30.9,31.4,5.899999999999999,7.799999999999997,64.0,81.67,91.0,9.600000000000001,1006.8,10.67,3.708
2003-03-12,7,91.71443637065859,74.1325147791419,25.2,22.8,25.4,25.6,28.0,0.40000000000000213,5.199999999999999,84.0,86.67,92.0,20.3,1005.47,22.67,6.84
2003-03-13,4,83.08794864707212,71.32686914537274,21.2,21.1,23.07,25.0,26.4,3.8000000000000007,5.299999999999997,63.0,78.67,91.0,4.9,1010.17,25.67,2.988
2003-03-14,7,92.51884475260792,67.65225769480136,20.3,19.4,23.83,29.2,29.4,8.899999999999999,10.0,53.0,70.0,88.0,0.0,1013.9,15.33,2.988
2003-03-22,8,78.76678890701406,57.420256888673734,18.8,14.9,20.73,24.6,25.0,5.800000000000001,10.1,48.0,70.33,87.0,1.4,1018.4,10.67,3.708
2003-03-23,5,80.7559079104863,55.238930063173555,18.2,14.6,20.93,25.4,25.8,7.199999999999999,11.200000000000001,62.0,72.67,81.0,0.0,1021.9,13.67,6.732
2003-03-24,5,83.98937802796574,60.41591889235005,19.6,17.1,22.4,26.0,27.0,6.399999999999999,9.899999999999999,57.0,70.33,79.0,0.0,1022.9,16.67,8.748000000000001
2003-03-25,5,83.23339850713629,61.707753281982534,20.0,17.7,22.33,26.4,26.6,6.399999999999999,8.900000000000002,57.0,74.0,85.0,0.0,1023.4,10.67,9.251999999999999
2003-03-26,8,83.11375167331224,66.46215371651097,20.7,19.6,22.9,26.4,26.6,5.699999999999999,7.0,64.0,73.0,80.0,0.0,1020.5,16.67,8.028
2003-03-27,7,94.20057488371197,63.68722548751398,21.0,18.6,24.17,29.1,29.8,8.100000000000001,11.2,54.0,70.0,79.0,0.0,1018.47,16.67,9.972
2003-03-28,4,94.76474200798934,63.28188022006411,21.8,17.7,24.63,29.9,30.2,8.099999999999998,12.5,51.0,67.33,84.0,0.0,1019.97,9.0,4.32
2003-03-31,6,78.4500732950142,70.96788412985266,22.6,21.3,23.17,23.6,25.0,1.0,3.6999999999999993,80.0,83.67,88.0,0.7,1015.57,21.33,5.508
2003-04-03,2,76.58646885070188,57.77149471424195,18.8,14.6,20.27,23.0,24.2,4.199999999999999,9.6,67.0,77.67,85.0,0.0,1019.83,10.67,2.4120000000000004
2003-04-04,8,76.4559353832276,62.41822762825547,20.4,18.0,21.73,23.8,24.3,3.400000000000002,6.300000000000001,77.0,81.67,84.0,28.4,1010.63,20.0,9.251999999999999
2003-04-05,3,73.25439044646394,59.36006245955018,17.8,17.0,20.13,22.2,23.2,4.399999999999999,6.199999999999999,75.0,84.0,89.0,0.0,1013.03,30.33,12.348
2003-04-06,5,75.79417764326031,61.3326040390765,17.3,16.8,19.57,23.0,24.1,5.699999999999999,7.300000000000001,62.0,82.67,95.0,3.4,1016.17,27.0,4.212
2003-04-07,8,78.94564226594524,57.346212722651664,17.8,14.4,20.2,24.8,25.1,7.0,10.700000000000001,50.0,75.33,88.0,0.0,1016.43,28.67,2.4120000000000004
2003-04-08,3,84.83753031585974,56.07036674788083,17.8,13.8,21.07,26.6,27.2,8.8,13.399999999999999,47.0,71.67,89.0,0.0,1015.47,16.67,2.4120000000000004
2003-04-09,5,85.69175012618155,58.26858421910431,20.2,16.0,22.7,27.2,27.7,7.0,11.7,48.0,67.67,81.0,0.0,1015.43,13.67,7.308
2003-04-10,7,75.21558666875136,64.83930830688963,19.6,18.4,20.87,21.6,23.4,2.0,5.0,72.0,75.33,80.0,0.0,1016.7,19.67,4.32
2003-04-11,7,75.87493184418823,46.07177716098913,13.8,11.8,16.87,20.2,20.4,6.399999999999999,8.599999999999998,37.0,60.67,76.0,0.0,1016.03,21.33,14.868
2003-04-12,5,75.88800544011484,43.10720483888412,12.8,10.9,16.67,20.4,20.6,7.599999999999998,9.700000000000001,51.0,60.33,77.0,0.0,1020.83,32.0,18.0
2003-04-13,5,74.76900101948797,50.515455920640406,13.8,10.8,17.27,21.8,22.6,8.0,11.8,62.0,71.0,80.0,0.0,1027.2,18.0,1.8
2003-04-14,6,84.66811496267022,58.25380849152682,16.2,13.4,19.73,26.2,27.2,10.0,13.799999999999999,53.0,70.67,80.0,0.0,1025.5,10.67,0.6120000000000001
2003-04-15,11,87.40005185804816,55.51666260529922,18.4,14.0,21.8,27.4,28.2,9.0,14.2,50.0,68.0,78.0,0.0,1021.37,25.67,3.6
2003-04-16,8,92.72863556736908,56.41226972834774,17.0,14.2,22.1,28.7,29.8,11.7,15.600000000000001,41.0,66.33,98.0,0.0,1018.1,15.33,2.988
2003-04-17,9,94.84241087371213,60.32318666378363,18.6,15.8,22.8,29.4,29.6,10.799999999999997,13.8,48.0,73.67,91.0,0.0,1016.6,7.67,2.4120000000000004
2003-04-18,5,92.40810909912855,68.43796497429899,21.6,20.0,23.57,25.6,29.0,4.0,9.0,61.0,74.33,85.0,1.8,1012.7,9.0,4.212
2003-04-19,6,72.51449758360627,64.4574160300558,20.0,19.1,20.13,20.2,21.4,0.1999999999999993,2.299999999999997,61.0,75.67,96.0,18.8,1009.2,25.67,12.348
2003-04-20,5,74.91776040841614,52.17396802830338,15.4,13.4,18.27,22.0,22.4,6.6,8.999999999999998,48.0,69.0,85.0,0.0,1018.77,33.33,7.452
2003-04-21,8,84.04048212236586,49.69113687402661,15.0,10.8,18.97,26.4,27.0,11.399999999999999,16.2,53.0,70.67,80.0,0.0,1019.5,12.33,2.4120000000000004
2003-04-22,9,101.80305921222438,58.03365110816533,19.2,15.0,23.33,30.8,31.2,11.600000000000001,16.2,55.0,72.0,82.0,0.0,1020.07,10.67,3.132
2003-04-23,5,100.68031186023597,68.08590402635869,23.0,18.5,26.2,31.2,31.4,8.2,12.899999999999999,54.0,68.33,77.0,0.0,1019.6,14.0,0.6120000000000001
2003-04-24,5,91.9975729285847,70.39307940052892,21.0,20.1,24.2,28.0,28.3,7.0,8.2,69.0,82.67,91.0,0.0,1018.07,13.67,1.1880000000000002
2003-04-25,7,79.82910238785507,71.32608146905149,22.5,21.0,23.37,24.8,25.4,2.3000000000000007,4.399999999999999,87.0,89.67,92.0,3.9,1015.67,6.0,2.52
2003-04-26,10,74.78267060965545,68.23660791168933,20.6,19.8,21.27,22.6,24.2,2.0,4.399999999999999,91.0,92.67,94.0,4.1,1016.9,10.67,3.6
2003-04-27,3,71.81465447651213,68.40611832990083,20.8,19.4,21.53,22.4,23.4,1.5999999999999979,4.0,90.0,93.0,95.0,6.2,1016.4,9.0,1.8
2003-04-28,4,69.90835009411998,65.49072154740645,18.8,18.4,20.13,22.2,22.4,3.3999999999999986,4.0,81.0,89.33,94.0,20.3,1015.8,21.0,2.988
2003-04-29,5,66.1765124443839,66.3090132098019,19.8,19.4,19.93,20.0,21.2,0.1999999999999993,1.8000000000000007,91.0,92.0,94.0,6.2,1016.03,18.0,6.732
2003-04-30,10,70.16978173782384,66.74187066392314,19.4,18.6,20.63,22.4,22.8,3.0,4.199999999999999,88.0,92.0,96.0,15.7,1014.63,4.67,1.8
2003-05-01,9,71.01787714987208,64.58999621742458,20.1,18.8,21.07,22.3,22.3,2.1999999999999993,3.5,70.0,85.0,95.0,8.0,1015.4,27.33,8.028
2003-05-02,9,73.90547048083218,50.5769885237066,15.0,13.0,17.93,20.8,21.2,5.800000000000001,8.2,50.0,70.0,80.0,0.0,1020.23,21.33,9.251999999999999
2003-05-03,7,73.80229683724346,48.62750768464502,12.6,10.9,16.07,19.6,20.4,7.000000000000002,9.499999999999998,55.0,69.67,87.0,0.0,1021.4,15.33,3.708
2003-05-06,7,65.89160382783587,55.115413220756835,14.4,14.0,16.07,18.2,18.6,3.799999999999999,4.600000000000001,86.0,87.33,89.0,1.9,1015.93,26.0,4.212
2003-05-07,8,71.7091359864001,45.8517860717708,12.0,11.7,13.6,15.4,17.0,3.4000000000000004,5.300000000000001,73.0,79.0,88.0,0.9,1016.37,24.33,14.76
2003-05-08,4,71.1387443960516,51.01685434904828,13.6,13.0,16.07,19.2,19.8,5.6,6.800000000000001,69.0,77.33,87.0,0.0,1020.47,26.0,8.028
2003-05-09,6,70.21228426711322,52.30535104829738,13.0,12.3,16.47,21.4,21.6,8.399999999999999,9.3,65.0,83.67,98.0,0.0,1024.53,15.0,2.988
2003-05-10,16,76.35763449683213,55.115413220756835,15.2,14.0,18.23,24.0,24.2,8.8,10.2,55.0,80.0,96.0,0.0,1024.5,10.67,4.212
2003-05-11,3,80.33866585263954,54.04356800042237,16.2,12.0,19.53,25.4,25.6,9.2,13.600000000000001,66.0,76.33,85.0,0.0,1025.4,3.0,1.1880000000000002
2003-05-12,3,82.18700534247627,54.04356800042237,14.8,12.0,19.53,25.8,26.2,11.0,14.2,54.0,76.33,93.0,0.0,1024.23,12.0,1.1880000000000002
2003-05-13,8,74.02252441731652,54.779522330354816,15.5,13.5,18.93,23.3,23.6,7.800000000000001,10.100000000000001,71.0,85.33,97.0,0.0,1023.6,10.67,3.132
2003-05-14,4,86.68371060577849,58.943544380217475,17.8,16.0,20.93,27.0,27.4,9.2,11.399999999999999,52.0,77.67,92.0,0.0,1021.73,9.33,5.508
2003-05-15,6,90.5909045853761,61.72445213323863,19.0,17.0,22.73,28.2,28.6,9.2,11.600000000000001,55.0,74.0,88.0,0.0,1019.83,7.67,4.32
2003-05-16,8,90.06647572844827,63.512801600710745,19.1,17.3,22.7,27.6,28.4,8.5,11.099999999999998,57.0,75.0,89.0,0.0,1018.03,13.67,2.4120000000000004
2003-05-17,6,90.55381666959484,63.75329484674033,20.0,18.0,23.5,28.3,28.8,8.3,10.8,56.0,71.33,82.0,0.0,1014.27,24.33,4.788
2003-05-18,9,79.76579732345384,70.28726112515633,20.9,21.0,22.4,25.0,25.4,4.100000000000001,4.399999999999999,61.0,76.67,86.0,0.0,1017.57,19.67,5.508
2003-05-19,6,76.21393959193615,67.00089340646618,19.8,19.7,21.33,23.8,24.4,4.0,4.699999999999999,79.0,87.0,91.0,0.3,1022.63,13.67,6.732
2003-05-20,3,77.70264955649213,64.33960494284557,18.9,18.4,20.7,22.6,24.7,3.700000000000003,6.300000000000001,68.0,80.0,88.0,0.0,1016.43,15.33,5.652
2003-05-21,3,92.17264104380037,63.725442596505864,19.2,17.4,22.47,28.4,29.0,9.2,11.600000000000001,55.0,73.67,85.0,0.0,1014.03,7.67,2.4120000000000004
2003-05-22,7,100.59717589479,62.87233590657347,19.8,18.0,23.3,29.4,31.0,9.599999999999998,13.0,48.0,71.67,89.0,0.0,1008.0,6.33,7.452
2003-05-23,13,68.46214188648702,60.573718071575314,17.6,17.5,18.87,19.8,20.0,2.1999999999999993,2.5,62.0,83.67,96.0,28.4,1006.17,28.67,12.348
2003-05-24,6,76.85580369280014,45.13683969655495,13.2,11.7,15.33,16.8,17.0,3.6000000000000014,5.300000000000001,53.0,68.0,81.0,0.0,1008.63,30.33,17.892
2003-05-25,11,79.82327834514868,39.85080839441859,11.0,10.0,13.07,15.2,15.8,4.199999999999999,5.800000000000001,56.0,65.67,73.0,0.0,1012.27,32.0,22.788
2003-05-26,3,70.66686247213019,37.533291654885595,7.8,5.8,12.37,18.3,18.6,10.5,12.8,51.0,78.67,93.0,0.0,1017.87,18.33,3.6
2003-05-27,6,72.91121888013322,43.25780481802195,9.7,8.7,13.73,18.5,18.6,8.8,9.900000000000002,45.0,73.67,94.0,0.0,1021.03,18.0,4.32
2003-05-28,11,70.64611002548688,42.3622847702807,9.2,7.7,13.2,19.8,20.0,10.600000000000001,12.3,54.0,78.67,97.0,0.0,1023.33,16.67,2.988
2003-05-29,7,73.44982486009434,65.69630000000001,10.4,9.0,15.13,22.0,22.4,11.6,13.399999999999999,49.0,76.33,96.0,0.0,1022.77,0.0,0.0
2003-05-30,7,81.68488552645752,49.495354056683965,12.1,11.0,17.2,25.5,26.0,13.4,15.0,50.0,78.33,96.0,0.0,1020.63,16.67,2.988
2003-05-31,6,77.14433757236266,50.75434185300233,13.3,11.3,18.3,23.4,24.4,10.099999999999998,13.099999999999998,55.0,76.67,97.0,0.0,1018.6,25.67,2.4120000000000004
2003-06-01,3,66.0556651204933,54.342794667263675,15.6,13.5,17.57,19.7,19.9,4.1,6.399999999999999,82.0,88.33,94.0,0.7,1017.93,16.67,3.708
2003-07-01,9,71.99722412674456,49.35597436733729,12.1,11.0,16.5,22.4,22.6,10.299999999999999,11.600000000000001,65.0,83.67,96.0,0.0,1020.5,10.67,3.132
2003-07-02,8,68.45408616371213,56.832519016305085,14.6,14.6,16.07,17.4,18.4,2.799999999999999,3.799999999999999,75.0,83.0,88.0,0.0,1022.37,10.67,3.6
2003-07-03,6,74.47088340812823,56.062026197966375,13.9,13.0,16.93,22.3,23.4,8.4,10.399999999999999,67.0,80.0,91.0,0.0,1020.93,10.67,1.1880000000000002
2003-07-04,6,81.77447445692965,55.219802764700276,13.8,13.4,18.73,25.6,26.0,11.8,12.6,51.0,79.67,98.0,0.0,1015.3,16.67,2.4120000000000004
2003-07-06,6,67.7037443750562,50.15498634539205,12.8,11.8,14.6,15.6,15.9,2.799999999999999,4.1,76.0,87.0,95.0,16.8,1012.97,7.67,4.32
2003-07-08,5,65.44406974347686,53.04398698218921,14.0,12.7,15.37,17.9,21.6,3.8999999999999986,8.900000000000002,93.0,95.67,98.0,5.5,1010.97,10.67,3.132
2003-07-09,8,76.86285737999984,49.79611917335502,12.7,13.3,14.33,17.0,15.0,4.300000000000001,1.6999999999999993,49.0,76.0,96.0,51.3,1017.1,21.0,14.76
2003-07-10,8,88.68168177610218,29.327674193300943,4.8,3.0,8.6,12.0,12.6,7.2,9.6,43.0,65.33,87.0,0.0,1023.53,21.33,5.652
2003-07-11,8,86.77338825839996,31.631005956428442,6.0,5.0,8.67,12.2,13.0,6.199999999999999,8.0,52.0,67.0,77.0,0.0,1026.83,19.67,9.251999999999999
2003-07-12,9,81.38138445879997,34.666369303999815,4.2,2.4,8.5,13.3,13.5,9.100000000000001,11.1,53.0,75.0,94.0,0.0,1032.37,7.67,1.1880000000000002
2003-07-13,13,69.52178824045544,31.2618280066883,5.6,3.0,9.63,16.6,17.2,11.000000000000002,14.2,60.0,82.33,97.0,0.0,1032.37,4.67,3.708
2003-07-14,6,72.51699873206424,41.701094927910454,11.4,8.4,14.93,21.6,22.2,10.200000000000001,13.799999999999999,61.0,79.0,88.0,0.0,1026.8,16.67,5.508
2003-07-16,15,71.13298195165717,49.99110928469335,11.7,11.0,14.43,16.0,19.2,4.300000000000001,8.2,48.0,77.33,98.0,5.7,1025.67,10.67,2.52
2003-07-17,10,75.38252979917348,39.93912073056547,5.0,3.9,10.17,15.3,16.4,10.3,12.499999999999998,49.0,73.67,98.0,0.0,1028.97,6.0,0.6120000000000001
2003-07-18,10,77.45699696425606,49.000071517567385,9.8,8.6,13.8,21.0,24.4,11.2,15.799999999999999,62.0,72.0,87.0,0.0,1023.5,4.67,0.6120000000000001
2003-07-19,5,86.21376933886762,56.84457695782672,16.0,14.4,19.93,26.6,27.2,10.600000000000001,12.799999999999999,57.0,79.33,91.0,0.0,1018.6,13.67,2.988
2003-07-20,15,97.90805408599135,60.323317422360375,18.2,16.5,22.8,30.4,30.7,12.2,14.2,41.0,69.33,87.0,0.0,1013.53,22.67,4.932
2003-07-21,9,79.78777719728272,54.44725963993117,12.2,12.2,16.67,25.4,25.4,13.2,13.2,54.0,78.67,93.0,1.7,1018.1,12.0,1.1880000000000002
2003-07-22,8,60.05270524597795,46.5249771300924,11.0,9.9,11.67,12.6,15.0,1.5999999999999996,5.1,95.0,96.67,98.0,59.8,1022.8,9.33,3.6
2003-07-23,5,63.250794735710116,57.09709136978188,13.6,12.8,15.53,18.4,19.4,4.799999999999999,6.599999999999998,82.0,92.33,98.0,12.299999999999999,1018.47,10.67,0.6120000000000001
2003-07-24,3,62.35839048218649,56.66756365722958,13.6,13.3,14.93,16.2,17.6,2.5999999999999996,4.300000000000001,89.0,92.33,97.0,0.5,1021.23,12.0,1.1880000000000002
2003-07-25,7,61.062068823808104,53.160251079580014,14.0,13.8,14.47,14.8,15.6,0.8000000000000007,1.799999999999999,93.0,95.0,97.0,1.7999999999999998,1025.27,12.33,7.308
2003-07-26,11,61.446073249535814,53.91560991918893,14.5,14.5,15.27,16.1,18.6,1.6000000000000014,4.100000000000001,91.0,94.0,96.0,1.3,1029.77,16.67,9.972
2003-07-27,6,74.05820172759627,57.44490720434496,16.0,15.9,18.4,22.8,23.5,6.800000000000001,7.6,70.0,83.67,92.0,0.0,1028.03,18.0,9.251999999999999
2003-07-28,8,76.82468130790015,57.200438158573014,15.4,14.8,18.67,24.2,24.5,8.799999999999999,9.7,63.0,84.0,97.0,0.0,1024.83,9.0,3.708
2003-07-29,5,82.61886385124106,57.274657599451466,16.5,15.0,19.53,25.3,26.2,8.8,11.2,61.0,81.33,92.0,0.0,1021.4,13.67,4.32
2003-07-30,9,72.87757370641822,47.24231148228403,13.0,11.7,17.53,19.8,21.1,6.800000000000001,9.400000000000002,51.0,73.67,88.0,0.0,1022.53,30.33,9.972
2003-07-31,9,72.18231699706804,45.01303496653353,10.9,8.6,14.83,20.8,21.1,9.9,12.500000000000002,60.0,76.0,96.0,0.0,1022.23,12.0,2.4120000000000004
2003-08-01,5,73.31566862694405,45.8635989497141,11.1,9.0,15.17,21.6,21.8,10.500000000000002,12.8,58.0,74.0,92.0,0.0,1022.0,9.0,2.4120000000000004
2003-08-02,14,84.64543483786424,52.02510980287835,12.5,11.0,18.03,26.4,26.8,13.899999999999999,15.8,53.0,79.33,96.0,0.0,1021.77,12.0,1.1880000000000002
2003-08-03,13,69.96970794164363,58.387106232898255,16.0,15.5,19.0,21.2,21.8,5.199999999999999,6.300000000000001,77.0,85.33,98.0,0.0,1021.47,15.0,4.32
2003-08-04,7,82.3014258450363,59.410525613271744,16.1,14.0,19.77,26.1,26.1,10.0,12.100000000000001,57.0,82.0,96.0,0.0,1017.13,6.0,0.6120000000000001
2003-08-05,12,74.11157808656748,61.44761594440415,19.1,17.0,20.63,22.0,22.0,2.8999999999999986,5.0,67.0,71.33,78.0,0.7,1009.27,19.67,4.932
2003-08-07,14,77.69087586916808,41.3364565762954,11.7,10.4,14.3,17.5,17.9,5.800000000000001,7.499999999999998,49.0,61.0,68.0,0.0,1017.5,32.0,20.412
2003-08-08,4,76.30419919916798,43.95127701270229,10.0,7.0,14.9,21.5,22.6,11.5,15.600000000000001,36.0,60.0,80.0,0.0,1019.33,4.67,1.1880000000000002
2003-08-09,11,80.63416724918207,36.06672471076004,8.6,7.2,11.27,13.6,14.4,5.0,7.2,62.0,71.67,77.0,0.0,1023.4,21.33,11.052
2003-08-11,5,68.97565526004959,44.556814471965495,9.6,7.3,12.13,17.0,18.0,7.4,10.7,61.0,82.33,95.0,0.0,1028.57,3.0,1.1880000000000002
2003-08-13,11,76.15666365507597,42.610279507246275,10.0,7.0,15.17,22.5,23.8,12.5,16.8,45.0,73.67,92.0,0.0,1022.77,4.67,1.8
2003-08-14,7,73.25044320739227,47.73117397547004,13.4,10.9,16.47,20.8,21.4,7.4,10.499999999999998,54.0,73.0,88.0,0.0,1019.6,15.33,4.932
2003-08-15,6,67.96050771120001,52.39171392991344,13.4,13.0,14.47,16.2,17.0,2.799999999999999,4.0,81.0,85.0,90.0,0.4,1020.67,12.33,5.04
2003-08-17,10,77.8565714739522,35.39032560488657,8.5,6.7,12.67,16.6,17.4,8.100000000000001,10.7,44.0,63.0,80.0,0.0,1026.13,28.67,9.828
2003-08-18,7,77.22837682327425,38.86572225879641,10.0,5.2,14.87,23.2,23.9,13.2,18.7,32.0,62.67,80.0,0.0,1025.13,9.0,1.8
2003-08-20,8,90.52337518541519,52.59576550311257,16.0,11.8,20.97,29.0,29.9,13.0,18.099999999999998,33.0,59.33,74.0,0.0,1020.4,15.0,1.8
2003-08-21,7,93.54445154958398,57.289877556739384,16.0,12.9,22.53,30.4,32.3,14.399999999999999,19.4,37.0,47.0,54.0,0.0,1016.03,3.0,0.6120000000000001
2003-08-22,5,73.72477782390413,54.97984443009118,15.5,15.0,18.97,22.2,22.2,6.699999999999999,7.199999999999999,62.0,74.0,88.0,0.0,1017.87,13.67,10.44
2003-08-23,9,72.07254780746801,56.62269045650209,15.2,15.2,18.03,22.6,22.9,7.400000000000002,7.699999999999999,72.0,86.0,97.0,0.0,1018.57,14.0,6.732
2003-08-24,12,63.037809705233954,55.222069587666546,13.0,13.9,15.33,19.0,19.4,6.0,5.499999999999998,88.0,92.67,95.0,38.2,1015.3,19.67,3.708
2003-08-25,11,75.57548031044806,42.33454106965989,10.6,8.5,12.17,14.5,15.9,3.9000000000000004,7.4,53.0,75.0,95.0,11.2,1025.27,28.67,4.932
2003-08-26,10,78.99726457417617,32.30095494420996,8.3,4.5,10.87,14.9,15.6,6.6,11.1,50.0,69.0,81.0,0.1,1026.87,24.0,6.228
2003-08-27,4,77.58242649825658,36.88667332129823,8.2,3.5,10.93,16.0,16.4,7.800000000000001,12.899999999999999,46.0,68.67,83.0,0.0,1027.87,12.0,1.1880000000000002
2003-08-28,13,77.00060885165524,39.287766869560095,9.4,6.6,10.73,12.7,14.6,3.299999999999999,8.0,76.0,77.33,79.0,0.0,1030.6,25.67,3.6
2003-08-29,16,73.03830681926175,43.01666954951894,11.3,10.0,13.5,16.0,16.3,4.699999999999999,6.300000000000001,60.0,78.33,92.0,4.699999999999999,1030.7,18.0,10.44
2003-08-30,7,69.67415756929594,48.152578805187815,11.3,10.9,12.07,13.2,13.9,1.8999999999999986,3.0,84.0,89.0,97.0,2.4000000000000004,1028.6,10.67,4.32
2003-09-01,11,68.29893584424744,41.032907551128375,9.4,7.7,13.17,18.7,19.3,9.299999999999999,11.600000000000001,65.0,83.33,97.0,0.1,1026.2,9.0,4.32
2003-10-01,7,89.41349576535241,54.11902435381955,16.4,14.0,21.53,28.2,29.0,11.8,15.0,49.0,65.33,81.0,0.0,1019.03,13.67,6.12
2003-10-02,8,84.30073487423954,60.94561641381889,19.6,17.0,23.13,27.3,27.3,7.699999999999999,10.3,55.0,66.67,81.0,0.0,1017.57,16.67,6.228
2003-10-04,6,94.16459322325697,63.02163387526542,18.9,17.7,22.37,28.2,28.8,9.3,11.100000000000001,63.0,81.67,92.0,0.0,1017.87,10.67,4.932
2003-10-05,10,75.14357821015541,65.82420449151189,19.2,18.7,21.03,23.9,24.1,4.699999999999999,5.400000000000002,80.0,87.67,94.0,14.7,1014.2,19.67,3.6
2003-10-06,5,66.22876424771476,63.28188022006411,18.2,17.7,19.5,20.7,20.9,2.5,3.1999999999999993,83.0,90.67,97.0,42.3,1014.63,9.33,4.32
2003-10-07,5,73.29641529110697,60.44439649104387,18.3,17.1,20.17,22.4,22.6,4.099999999999998,5.5,69.0,78.33,90.0,0.0,1018.2,6.0,8.64
2003-10-08,13,113.82331144569238,61.079700906637626,18.2,17.3,25.33,33.6,33.8,15.400000000000002,16.499999999999996,49.0,68.67,88.0,0.0,1009.1,19.67,8.028
2003-10-09,5,67.60500070815215,65.70687516214592,19.0,18.5,19.2,19.4,20.8,0.3999999999999986,2.3000000000000007,82.0,87.33,90.0,22.3,1011.63,13.67,2.988
2003-10-10,4,73.32072726119999,48.43573260084262,16.3,12.0,17.13,18.6,21.5,2.3000000000000007,9.5,62.0,73.0,86.0,0.0,1020.0,15.33,8.64
2003-10-11,9,75.08901074625614,46.79648116260462,12.4,10.8,15.0,18.8,18.9,6.4,8.099999999999998,51.0,67.0,79.0,0.0,1025.77,18.33,6.12
2003-10-12,6,76.37747693625602,42.40322054834101,13.1,10.0,14.93,18.0,18.4,4.9,8.399999999999999,50.0,64.0,79.0,0.0,1029.0,15.33,12.24
2003-10-13,6,74.95090504663041,41.21024254761612,12.2,8.0,16.33,20.8,21.2,8.600000000000001,13.2,46.0,65.33,81.0,0.0,1027.93,7.67,4.932
2003-10-14,9,77.38389744340617,47.886674170093855,14.3,11.0,18.7,23.6,23.9,9.3,12.899999999999999,46.0,59.67,75.0,0.0,1026.37,7.67,5.04
2003-10-15,10,82.8786967529377,54.701824812141474,16.3,14.0,20.43,25.8,26.5,9.5,12.5,66.0,73.67,85.0,0.0,1025.17,10.67,4.932
2003-10-16,3,91.23550358068391,55.939719239315316,17.8,14.4,22.7,29.3,29.8,11.5,15.4,42.0,62.33,80.0,0.0,1021.27,12.0,4.32
2003-10-17,9,100.25602873511087,55.49200120217233,19.1,14.6,24.77,32.6,33.0,13.5,18.4,31.0,55.33,79.0,0.0,1015.67,22.67,6.12
2003-10-18,5,104.15546744876042,61.21228772920527,23.8,17.0,28.13,35.3,35.3,11.499999999999996,18.299999999999997,26.0,46.67,63.0,0.0,1011.47,10.67,5.508
2003-10-19,7,83.79167497840007,70.28726112515633,22.0,21.0,24.4,27.0,27.0,5.0,6.0,57.0,69.0,78.0,1.0,1012.43,21.0,5.508
2003-10-20,11,73.66140140326766,60.77917697386845,18.6,17.1,20.07,22.2,22.6,3.599999999999998,5.5,65.0,76.67,88.0,0.0,1017.2,18.33,7.452
2003-10-21,6,78.22298277189485,61.93860564153795,17.8,16.8,19.93,23.0,24.9,5.199999999999999,8.099999999999998,75.0,81.33,90.0,2.6,1013.8,6.0,3.132
2003-10-22,9,78.92690329202063,62.119785068800354,19.4,17.4,21.4,24.2,25.1,4.800000000000001,7.700000000000003,36.0,59.67,84.0,0.0,1014.0,12.33,5.508
2003-10-23,12,82.51820021276812,48.73419930977254,18.2,11.5,21.67,27.4,27.8,9.2,16.3,36.0,48.0,58.0,0.0,1016.73,10.67,5.508
2003-10-24,9,101.74042485186214,62.117400790598424,19.6,16.0,25.6,33.0,33.6,13.399999999999999,17.6,42.0,53.67,62.0,0.0,1015.93,7.67,1.1880000000000002
2003-10-25,12,82.91353242753861,66.56646043506802,19.8,19.7,22.2,26.2,26.2,6.399999999999999,6.5,60.0,84.67,97.0,78.6,1011.63,6.0,8.64
2003-10-26,4,76.893376832416,65.39917958491645,19.8,19.4,21.73,24.2,24.6,4.399999999999999,5.200000000000003,76.0,87.0,98.0,28.7,1006.57,27.0,11.052
2003-10-28,5,77.33309055520012,57.683701505887115,17.4,16.3,20.3,23.1,24.0,5.700000000000003,7.699999999999999,56.0,63.0,74.0,0.0,1024.97,9.0,12.24
2003-10-29,9,83.3142424801576,57.945850887384914,17.6,16.3,21.73,25.8,26.6,8.2,10.3,65.0,74.67,80.0,0.0,1020.37,13.67,11.052
2003-10-30,4,99.54305713868823,65.7789887011184,20.6,18.4,25.2,30.8,31.2,10.2,12.8,47.0,68.0,89.0,0.0,1018.27,4.67,2.52
2003-10-31,8,108.08739727547201,64.82051151053547,21.8,18.5,26.63,32.8,33.3,10.999999999999996,14.799999999999997,48.0,65.0,85.0,0.0,1012.93,21.0,4.932
2003-11-01,10,67.11585901227485,52.9452363446164,14.8,14.0,18.87,21.4,21.3,6.599999999999998,7.300000000000001,85.0,90.33,96.0,52.0,1018.2,18.33,9.251999999999999
2003-11-02,7,74.53526994081605,47.22350633929865,14.2,12.0,16.93,19.2,20.9,5.0,8.899999999999999,60.0,67.0,72.0,0.2,1025.5,13.67,12.348
2003-11-03,8,75.18979576128709,45.707436635791225,14.8,10.0,17.97,21.3,21.6,6.5,11.600000000000001,47.0,64.67,80.0,0.0,1024.3,10.67,4.932
2003-11-04,5,76.05462422320016,50.790372579313434,15.8,13.0,19.2,22.6,23.0,6.800000000000001,10.0,49.0,65.0,84.0,0.0,1021.53,15.0,8.64
2003-11-05,7,78.07906945954848,57.19917553737391,16.8,16.0,19.87,24.0,24.6,7.199999999999999,8.600000000000001,58.0,66.33,71.0,0.0,1020.43,13.67,11.16
2003-11-06,4,84.7680802373368,61.222756239995384,18.6,16.9,22.03,26.4,27.4,7.799999999999997,10.5,52.0,67.67,77.0,0.0,1017.13,6.0,4.932
2003-11-07,8,83.34205619827215,59.87391209499689,19.2,17.0,22.53,25.8,26.8,6.600000000000001,9.8,58.0,70.0,81.0,0.0,1014.17,12.33,9.972
2003-11-08,10,92.98786210000009,62.37248947857936,19.8,17.0,24.47,29.8,30.0,10.0,13.0,48.0,65.0,83.0,0.0,1013.87,7.67,3.132
2003-11-09,10,84.92638633935125,62.160825819709466,21.0,17.4,23.23,26.0,26.9,5.0,9.5,74.0,78.67,82.0,0.0,1012.5,19.67,5.4
2003-11-11,8,120.68721533320007,66.43282482280316,21.2,19.0,27.0,34.0,35.5,12.8,16.5,48.0,65.0,82.0,0.0,1011.8,6.33,3.708
2003-11-12,7,88.26848075825882,78.9866728882871,20.0,24.8,24.47,27.5,28.0,7.5,3.1999999999999993,54.0,74.33,96.0,12.9,1005.83,16.67,4.932
2003-11-13,10,71.02287327466571,55.12522532278301,15.6,15.2,18.63,21.1,22.2,5.500000000000002,7.0,64.0,84.33,96.0,30.8,1010.63,31.67,11.772
2003-11-14,4,77.74186968692464,58.62205869742251,17.4,15.0,20.2,24.0,24.3,6.600000000000001,9.3,47.0,62.67,78.0,0.6,1018.5,13.67,2.4120000000000004
2003-11-15,5,88.34323916774412,57.493037802045194,17.4,14.7,22.47,28.1,28.8,10.700000000000003,14.100000000000001,59.0,64.0,68.0,0.0,1015.3,7.67,2.988
2003-11-16,3,75.60252332861702,70.89950138177804,22.4,21.4,22.8,23.2,24.3,0.8000000000000007,2.900000000000002,83.0,89.33,94.0,8.7,1010.9,12.0,6.84
2003-11-17,6,94.40444359129205,69.78754194126569,21.2,19.8,24.67,28.8,29.3,7.600000000000001,9.5,62.0,76.0,93.0,0.2,1006.63,9.0,1.1880000000000002
2003-11-18,5,91.54208115231772,64.90705152951821,20.0,19.1,23.83,27.4,28.8,7.399999999999999,9.7,58.0,74.33,83.0,7.9,1000.87,28.67,9.828
2003-11-20,7,76.188714115181,62.63047891884618,19.3,18.1,21.3,22.6,22.7,3.3000000000000007,4.599999999999998,49.0,61.67,76.0,0.0,1014.67,22.67,9.360000000000001
2003-11-21,5,87.0015045475842,45.423504314251836,15.6,10.2,20.47,27.4,28.8,11.799999999999999,18.6,49.0,59.0,67.0,0.0,1020.77,9.0,6.12
2003-11-23,1,108.03339964860658,67.57399449691198,24.6,19.0,28.47,34.6,34.7,10.0,15.700000000000003,43.0,55.67,67.0,0.0,1011.93,16.67,1.8
2003-11-24,12,91.89075105539246,69.51028704421321,21.3,20.4,24.57,28.6,28.6,7.300000000000001,8.200000000000003,61.0,78.0,93.0,20.3,1009.63,6.0,3.708
2003-11-25,8,83.09235284425684,68.21592244507326,21.2,19.9,22.6,25.4,26.2,4.199999999999999,6.300000000000001,78.0,86.67,92.0,3.5,1010.0,18.33,4.212
2003-11-27,13,97.63295460140812,76.40877409473622,24.2,23.6,25.63,28.4,29.6,4.199999999999999,6.0,64.0,80.0,89.0,0.1,1007.73,21.0,4.32
2003-11-28,4,77.31506940444342,61.44761594440415,22.2,17.0,25.67,31.0,24.0,8.8,7.0,38.0,63.33,83.0,0.0,1012.83,16.67,4.932
2003-11-29,3,98.42938491006797,62.119785068800354,17.6,17.4,24.97,32.1,32.1,14.5,14.700000000000003,36.0,58.67,80.0,0.0,1018.87,13.67,5.508
2003-11-30,6,92.92408551141091,64.26777519504348,24.8,18.6,27.13,31.6,31.8,6.800000000000001,13.2,37.0,49.33,58.0,0.0,1011.23,9.0,7.452
2003-12-01,9,92.97377127336259,70.46029438978753,23.2,21.2,25.2,28.2,29.3,5.0,8.100000000000001,64.0,72.33,77.0,0.3,1008.47,19.67,6.732
2003-12-02,4,99.10060578750921,64.64518019119097,22.6,18.6,25.93,30.8,31.3,8.2,12.7,54.0,66.33,78.0,0.0,1009.73,13.67,6.12
2003-12-03,4,87.52017152737082,68.6991407808649,22.5,20.3,24.9,27.7,28.0,5.199999999999999,7.699999999999999,57.0,71.33,80.0,0.0,1011.2,12.33,5.508
2003-12-04,8,81.61809424499388,68.3198475093946,23.0,20.5,23.33,23.8,26.0,0.8000000000000007,5.5,73.0,77.33,83.0,14.1,1010.67,14.0,9.360000000000001
2003-12-05,3,93.35071260124798,70.20777874461423,23.0,21.4,25.67,29.2,29.6,6.199999999999999,8.200000000000003,47.0,70.0,89.0,1.5,1005.97,24.33,11.052
2003-12-06,2,79.27326184456162,57.29057875269341,19.7,15.6,23.4,25.4,26.0,5.699999999999999,10.4,37.0,41.67,49.0,0.0,1012.8,25.67,7.452
2003-12-07,5,90.71070245680002,56.162208966004684,19.8,14.5,23.87,30.6,31.0,10.8,16.5,33.0,50.0,59.0,0.0,1014.53,19.67,4.32
2003-12-08,6,93.40833672100645,63.97161553028403,23.1,18.4,25.97,28.5,31.4,5.399999999999999,13.0,44.0,53.67,59.0,0.0,1008.73,10.67,6.84
2003-12-09,10,76.7965480203842,57.002969159534935,18.2,16.6,19.97,22.8,23.8,4.600000000000001,7.199999999999999,41.0,67.0,96.0,31.099999999999998,1006.6,23.0,20.88
2003-12-10,4,84.77244160162809,52.3798836122856,20.0,12.8,23.63,28.6,29.1,8.600000000000001,16.3,40.0,46.0,51.0,0.0,1013.67,12.33,4.32
2003-12-11,4,85.30914203519798,69.8137938421963,19.4,20.4,22.67,26.6,27.0,7.200000000000003,6.600000000000001,63.0,78.67,96.0,45.0,1009.83,19.67,2.988
2003-12-12,6,78.77034384000004,64.8422770875857,18.6,18.6,21.27,24.8,25.0,6.199999999999999,6.399999999999999,45.0,70.0,97.0,15.700000000000001,1013.83,10.67,5.508
2003-12-13,8,78.3523479693122,58.74929949149907,18.9,15.8,21.23,24.0,24.8,5.100000000000001,9.0,65.0,70.0,73.0,0.0,1015.17,13.67,4.932
2003-12-14,5,93.62842417859247,68.94917938323832,21.0,20.0,23.17,26.2,28.6,5.199999999999999,8.600000000000001,77.0,83.0,87.0,0.3,1011.83,9.0,2.988
2003-12-15,10,67.86920415339134,70.13708758460214,21.0,21.0,21.83,22.9,22.4,1.8999999999999986,1.3999999999999986,95.0,95.33,96.0,55.0,1009.8,9.0,6.12
2003-12-16,6,72.34089927637619,66.56646043506802,20.4,19.7,20.93,21.6,22.2,1.2000000000000028,2.5,55.0,79.67,95.0,6.3,1012.7,18.33,8.64
2003-12-17,5,77.53418490716065,45.707436635791225,18.0,10.0,20.17,23.7,23.9,5.699999999999999,13.899999999999999,46.0,55.67,64.0,0.0,1022.67,13.67,4.932
2003-12-18,5,84.74763131974674,56.44150852764344,17.7,15.4,22.43,27.0,28.0,9.3,12.6,55.0,58.67,62.0,0.0,1022.77,9.0,8.64
2003-12-19,12,97.27243839769619,64.97579250082774,21.2,18.2,25.63,31.0,31.4,9.8,13.2,49.0,62.0,75.0,0.0,1019.5,4.67,3.132
2003-12-20,9,95.46192471244052,73.00975314394165,23.4,22.2,24.37,25.7,29.0,2.3000000000000007,6.800000000000001,79.0,82.33,85.0,1.0,1016.37,27.0,5.508
2003-12-21,7,103.59469753486466,70.17906174743419,21.2,20.8,24.6,29.5,30.5,8.3,9.7,64.0,81.67,95.0,9.0,1010.57,16.67,4.32
2003-12-22,3,87.29834357808957,72.23394979483228,23.0,22.1,24.57,25.4,27.3,2.3999999999999986,5.199999999999999,76.0,82.67,93.0,2.6,1006.23,18.33,8.532
2003-12-23,2,78.79853712701419,57.58229837082483,21.8,15.4,23.27,25.0,25.0,3.1999999999999993,9.6,45.0,63.67,85.0,3.0,1016.17,20.0,5.508
2003-12-24,6,80.90961182796178,57.33538590846484,18.8,15.7,21.93,25.5,26.0,6.699999999999999,10.3,58.0,66.67,72.0,0.0,1020.8,7.67,8.028
2003-12-25,6,86.90352344677098,66.0783864775805,20.8,19.3,23.33,27.9,28.1,7.099999999999998,8.8,53.0,67.33,75.0,0.0,1020.13,12.33,6.732
2003-12-26,5,90.17201461784096,62.393421894239985,21.3,18.0,24.57,28.0,29.4,6.699999999999999,11.399999999999999,56.0,63.33,76.0,0.0,1018.63,10.67,9.360000000000001
2003-12-27,8,102.25307182835198,64.20254505866714,22.0,18.5,26.67,32.2,32.4,10.200000000000003,13.899999999999999,49.0,63.0,77.0,0.0,1012.73,7.67,6.84
2003-12-28,7,103.90063775497626,75.78531130132077,24.4,23.7,27.0,30.4,31.6,6.0,7.900000000000002,64.0,72.0,82.0,0.1,1008.37,27.33,10.548
2003-12-29,6,79.57331661788788,63.35406684649173,19.4,18.5,22.57,25.0,25.4,5.600000000000001,6.899999999999999,47.0,66.0,84.0,0.0,1013.77,18.33,10.44
2003-12-30,5,98.62539313015371,61.51004206471901,19.2,17.0,22.8,28.2,30.6,9.0,13.600000000000001,63.0,71.67,80.0,0.0,1011.23,18.0,4.788
2003-12-31,5,93.54921780371217,72.36486847607651,24.0,22.2,25.33,26.4,29.2,2.3999999999999986,7.0,65.0,75.0,81.0,0.0,1010.2,21.33,9.251999999999999
2004-01-01,7,77.69612044046706,58.73780505577101,18.2,16.0,20.1,23.9,24.2,5.699999999999999,8.2,47.0,60.33,68.0,0.0,1018.4,15.33,6.012
2004-01-02,5,81.9841931389123,56.23699115087462,18.8,15.2,22.33,26.0,26.6,7.199999999999999,11.400000000000002,52.0,63.0,71.0,0.0,1018.53,12.33,7.812
2004-01-03,7,90.30865474513726,59.08324006979926,20.0,16.4,24.43,29.1,29.6,9.100000000000001,13.200000000000003,48.0,61.67,75.0,0.0,1016.83,13.67,7.668
2004-01-04,9,93.12454212172804,64.61612355944325,21.3,18.8,25.4,30.4,30.8,9.099999999999998,12.0,40.0,58.0,75.0,0.0,1015.13,19.67,7.920000000000001
2004-01-05,6,105.49326941548834,65.19806805402348,22.8,19.0,26.8,33.0,33.8,10.2,14.799999999999997,40.0,58.0,76.0,0.0,1012.63,27.33,7.452
2004-01-06,7,113.67681616732206,69.08530451864917,24.9,20.5,28.77,34.4,35.0,9.5,14.5,39.0,60.67,78.0,0.0,1011.4,19.67,5.760000000000001
2004-01-07,10,113.46075154553289,70.94672248322141,26.4,21.5,29.4,34.3,34.8,7.899999999999999,13.299999999999997,47.0,61.67,70.0,0.0,1011.0,21.33,7.812
2004-01-08,7,107.8419958157371,73.98902820494155,26.8,22.5,28.87,32.6,33.3,5.800000000000001,10.799999999999997,54.0,64.67,72.0,0.0,1009.5,6.33,4.212
2004-01-09,5,111.56034631925503,73.78663779589124,25.0,22.7,27.63,31.3,33.0,6.300000000000001,10.3,56.0,71.67,84.0,0.0,1007.87,13.67,7.5600000000000005
2004-01-10,7,111.48974826513158,72.45959336918116,25.0,22.3,28.1,31.6,32.9,6.600000000000001,10.599999999999998,59.0,72.33,84.0,0.0,1007.67,14.0,10.332
2004-01-11,6,90.00214218597573,69.56865953531,24.2,20.7,25.47,26.2,28.2,2.0,7.5,71.0,77.67,83.0,4.7,1007.43,12.33,5.652
2004-01-12,7,89.24382250979201,69.13323642261452,22.5,20.0,24.57,27.4,28.2,4.899999999999999,8.2,62.0,75.0,83.0,1.8,1012.3,12.0,2.628
2004-01-13,4,86.74983490811451,67.42118675554107,22.5,20.0,24.8,27.2,27.7,4.699999999999999,7.699999999999999,61.0,72.67,81.0,0.0,1012.87,12.33,7.920000000000001
2004-01-14,6,89.76978319033628,67.81322683114551,22.5,20.1,24.57,27.6,28.4,5.100000000000001,8.299999999999997,62.0,74.0,81.0,0.0,1007.37,14.0,7.2
2004-01-15,7,104.95394719239835,68.31094650625013,22.7,19.9,25.57,30.4,32.0,7.699999999999999,12.100000000000001,45.0,70.33,85.0,0.0,1007.7,24.33,3.9600000000000004
2004-01-16,9,93.66280373499355,70.92747478006264,24.7,21.6,26.47,29.5,29.9,4.800000000000001,8.299999999999997,52.0,67.67,78.0,1.6,1012.4,15.33,9.360000000000001
2004-01-17,4,93.61612722280027,67.78218709453512,22.6,20.3,25.8,28.5,29.6,5.899999999999999,9.3,61.0,70.67,80.0,0.0,1015.53,10.67,9.72
2004-01-18,3,96.10525557761936,67.61998721304296,22.6,20.3,25.2,28.4,30.2,5.799999999999997,9.899999999999999,57.0,70.33,81.0,0.0,1014.3,13.67,10.692
2004-01-19,8,88.22616989128362,70.70709500143968,22.8,21.5,24.6,27.7,28.1,4.899999999999999,6.600000000000001,61.0,72.67,79.0,0.3,1013.8,15.33,9.251999999999999
2004-01-20,6,103.23757200672642,71.07552018551584,22.4,21.7,25.77,31.2,32.0,8.8,10.3,51.0,67.67,79.0,0.0,1012.1,10.67,9.972
2004-01-21,2,88.05794391738443,72.78159271322033,22.8,22.0,24.03,25.3,27.8,2.5,5.800000000000001,71.0,76.67,85.0,9.1,1010.83,10.67,4.572
2004-01-22,3,98.75576544129615,71.1862727115562,23.3,21.3,25.33,28.3,29.9,5.0,8.599999999999998,66.0,79.0,89.0,0.0,1010.93,11.0,4.680000000000001
2004-01-23,7,102.12432419457384,71.40992853453868,23.9,21.9,27.1,31.2,31.3,7.300000000000001,9.400000000000002,54.0,71.67,85.0,0.0,1010.93,10.67,11.052
2004-01-24,6,111.28973424576708,67.5564626546031,24.2,20.0,27.2,30.8,33.0,6.600000000000001,13.0,60.0,71.33,82.0,0.0,1010.0,10.67,7.308
2004-01-25,6,103.77399856934397,71.3632494772593,20.0,19.9,24.67,30.4,30.8,10.399999999999999,10.900000000000002,61.0,79.0,94.0,30.2,1008.33,4.67,0.36000000000000004
2004-01-26,9,101.41357470819695,70.569762661917,25.2,21.1,27.4,30.7,31.2,5.5,10.099999999999998,57.0,71.33,82.0,0.0,1009.3,9.0,5.292
2004-01-27,7,92.11323510355207,70.97416857073324,25.2,21.4,26.2,28.2,28.8,3.0,7.400000000000002,64.0,76.0,84.0,0.0,1011.13,17.0,6.48
2004-01-28,5,122.91873104670847,70.86832073370107,24.2,21.0,27.67,34.0,34.1,9.8,13.100000000000001,55.0,76.33,87.0,0.0,1009.9,18.33,3.6
2004-01-29,3,118.07912670555294,72.92557835957362,25.7,21.8,28.57,34.2,34.5,8.500000000000004,12.7,50.0,68.67,79.0,0.0,1008.93,9.0,2.7720000000000002
2004-01-30,9,115.98920388073601,71.54302276011222,21.8,21.2,26.7,32.4,33.4,10.599999999999998,12.2,50.0,74.0,96.0,10.4,1011.17,15.33,2.988
2004-01-31,3,113.75771955563224,74.07481469952006,25.8,22.8,28.17,32.1,32.7,6.300000000000001,9.900000000000002,64.0,76.67,85.0,0.0,1012.73,14.0,7.2
2004-02-01,6,107.72347059970164,75.12066211475928,25.4,23.1,25.53,25.6,31.1,0.20000000000000284,8.0,78.0,82.33,89.0,2.8,1011.57,8.0,5.148
2004-02-02,7,100.43401281295353,77.37032164149699,25.5,24.0,26.83,29.2,29.9,3.6999999999999993,5.899999999999999,67.0,82.33,92.0,0.8,1011.67,13.67,3.9600000000000004
2004-02-03,7,104.01456301456881,72.92620945613461,24.6,21.9,26.83,31.1,31.2,6.5,9.3,63.0,75.67,83.0,0.0,1011.93,9.33,3.3480000000000003
2004-02-04,3,91.04225474716822,74.02630415610813,22.6,21.9,24.9,27.5,27.8,4.899999999999999,5.900000000000002,80.0,88.0,94.0,14.3,1012.43,4.67,1.1880000000000002
2004-02-05,7,85.65593234766386,75.74516118090443,23.2,22.8,24.23,25.9,26.7,2.6999999999999993,3.8999999999999986,79.0,89.0,96.0,32.6,1013.0,4.67,1.332
2004-02-06,4,84.30310126844799,67.3242656937156,22.8,19.9,24.5,27.1,27.4,4.300000000000001,7.5,48.0,65.0,83.0,1.3,1015.9,9.33,7.308
2004-02-07,6,86.58453184351804,63.27951350097753,21.2,18.2,24.03,27.4,27.8,6.199999999999999,9.600000000000001,56.0,70.33,81.0,0.0,1017.03,12.33,7.668
2004-02-08,6,86.65461008708274,65.96690003818811,21.6,19.6,24.33,27.4,28.0,5.799999999999997,8.399999999999999,55.0,67.67,82.0,0.1,1020.37,10.67,10.548
2004-02-09,5,92.4742816803008,65.66272782869552,22.3,19.4,25.2,28.7,29.8,6.399999999999999,10.400000000000002,55.0,65.67,73.0,0.0,1021.33,12.33,9.612
2004-02-10,16,94.21335993999989,63.85373154241532,22.7,18.7,25.47,29.5,30.0,6.800000000000001,11.3,56.0,68.0,76.0,0.0,1018.3,10.67,10.332
2004-02-11,3,100.30224715820803,68.31163768222368,23.2,20.0,26.47,31.0,31.6,7.800000000000001,11.600000000000001,50.0,66.0,79.0,0.0,1016.87,7.67,4.572
2004-02-12,7,100.29627805000035,66.54644574512047,24.2,19.3,27.3,32.3,32.5,8.099999999999998,13.2,41.0,59.0,72.0,0.0,1016.43,11.0,5.148
2004-02-13,6,107.20109011723474,71.20630548155015,24.3,21.0,27.37,32.6,32.9,8.3,11.899999999999999,48.0,66.67,83.0,0.0,1013.5,4.67,2.7720000000000002
2004-02-14,7,91.21913070772581,72.90555870029587,23.8,21.0,26.1,28.2,28.5,4.399999999999999,7.5,69.0,77.33,90.0,15.4,1007.07,12.0,0.6120000000000001
2004-02-15,5,84.56558581807404,67.00469050461959,19.8,19.6,22.23,25.9,26.9,6.099999999999998,7.299999999999997,50.0,76.33,98.0,18.8,1008.2,13.67,5.867999999999999
2004-02-16,4,91.96757654324244,62.841263729899296,21.4,17.4,23.93,28.9,29.8,7.5,12.400000000000002,47.0,64.33,74.0,0.0,1010.77,16.67,3.8520000000000003
2004-02-17,4,101.24293954883208,65.43846170726945,23.6,18.6,26.07,30.4,31.8,6.799999999999997,13.2,53.0,66.0,76.0,0.0,1010.8,24.0,3.9600000000000004
2004-02-18,7,92.15737702508044,71.66543099729844,25.5,21.0,27.6,30.0,30.6,4.5,9.600000000000001,48.0,57.33,68.0,0.0,1012.5,10.67,1.9080000000000001
2004-02-19,4,87.15371421206402,66.44519818516594,22.2,19.2,24.4,27.4,28.2,5.199999999999999,9.0,57.0,67.0,79.0,0.0,1014.37,6.0,4.788
2004-02-20,8,86.32930231433193,64.06518040277683,21.9,18.1,23.73,27.3,27.9,5.400000000000002,9.799999999999997,56.0,67.67,80.0,0.0,1014.4,15.33,4.572
2004-02-21,6,84.06278449750027,60.75507912085804,20.1,16.9,23.13,26.9,27.5,6.799999999999997,10.600000000000001,42.0,62.0,79.0,0.0,1015.83,26.0,6.12
2004-02-22,5,85.25934224588428,60.937356570285225,21.7,16.5,23.47,26.7,27.5,5.0,11.0,57.0,68.67,77.0,0.0,1018.97,20.0,3.708
2004-02-23,5,84.53227055538345,64.16413648623296,21.6,18.0,23.57,27.0,27.4,5.399999999999999,9.399999999999999,51.0,66.33,76.0,0.0,1017.6,20.0,3.8520000000000003
2004-02-24,4,86.77795847630088,65.40375951822092,20.9,18.3,23.53,27.5,27.9,6.600000000000001,9.599999999999998,50.0,69.67,84.0,0.0,1015.57,4.67,2.7720000000000002
2004-02-25,2,92.55221264439987,61.65637802022746,22.0,17.8,24.33,28.1,29.5,6.100000000000001,11.7,54.0,69.0,78.0,0.0,1015.1,10.67,10.548
2004-02-26,7,107.92889520403135,66.8260805572385,22.3,19.7,26.4,32.3,32.9,9.999999999999996,13.2,56.0,67.67,77.0,0.0,1014.23,9.33,7.452
2004-02-27,7,92.9603139866561,68.82882649558924,24.0,19.8,26.03,29.0,29.6,5.0,9.8,59.0,69.0,79.0,0.0,1011.1,16.67,2.4120000000000004
2004-02-28,7,93.655870981455,64.69152259153861,21.6,18.0,24.47,28.6,29.8,7.0,11.8,50.0,68.67,82.0,0.0,1009.13,16.67,2.8800000000000003
2004-02-29,3,88.25356621938563,65.99654762876166,21.4,19.0,24.0,28.2,28.5,6.800000000000001,9.5,45.0,67.33,80.0,0.0,1011.47,13.67,4.788
2004-03-01,9,87.2353530234522,60.821879960516355,21.3,17.0,23.83,27.7,28.3,6.399999999999999,11.3,53.0,66.0,76.0,0.0,1012.33,14.0,6.588
2004-03-02,8,115.57003569554566,64.91663799538864,21.8,18.5,26.6,34.2,34.7,12.400000000000002,16.200000000000003,46.0,64.67,74.0,0.0,1007.8,12.0,4.680000000000001
2004-03-03,7,84.72545976947188,69.28243355878409,23.4,21.0,25.47,28.0,28.2,4.600000000000001,7.199999999999999,36.0,56.0,66.0,0.3,1012.3,19.67,10.8
2004-03-04,3,84.84567100120006,53.47762016552312,20.4,13.9,23.53,28.2,28.5,7.800000000000001,14.6,43.0,53.0,60.0,0.0,1018.23,7.67,7.092
2004-03-05,6,94.43206061135425,63.5414924231448,21.5,18.2,25.1,30.8,31.2,9.3,13.0,43.0,57.67,67.0,0.0,1019.33,9.0,6.732
2004-03-06,3,106.88836930517142,66.65600263346806,22.8,19.0,26.73,33.4,33.4,10.599999999999998,14.399999999999999,41.0,62.67,81.0,0.0,1016.7,9.0,3.24
2004-03-07,8,115.31450529714438,67.25398788919296,22.6,18.4,26.93,34.0,34.4,11.399999999999999,16.0,39.0,66.33,80.0,0.0,1013.83,7.67,0.9720000000000001
2004-03-08,6,105.39880484320041,76.5334935393518,24.4,23.0,26.8,29.7,32.0,5.300000000000001,9.0,58.0,71.0,81.0,0.0,1013.87,1.67,0.8280000000000001
2004-03-09,7,104.42627762820165,72.47680707227775,24.6,21.8,26.8,30.8,31.2,6.199999999999999,9.399999999999999,61.0,76.33,86.0,13.2,1016.17,16.67,4.068
2004-03-10,3,96.96872161152268,71.98213238555094,25.0,22.0,26.4,28.8,29.8,3.8000000000000007,7.800000000000001,54.0,76.33,89.0,0.0,1018.17,15.0,8.64
2004-03-11,6,80.52804815420282,63.504369946753485,22.7,17.8,23.57,25.0,25.7,2.3000000000000007,7.899999999999999,63.0,73.67,80.0,0.0,1019.1,12.0,4.32
2004-03-12,7,76.23939415146658,64.01168642501162,21.0,18.2,21.67,22.4,23.9,1.3999999999999986,5.699999999999999,71.0,74.67,82.0,0.0,1016.33,6.0,5.292
2004-03-13,5,78.74890099396791,68.2770481547288,20.4,20.3,21.73,24.2,25.1,3.8000000000000007,4.800000000000001,75.0,85.0,94.0,1.7000000000000002,1013.97,9.0,7.2
2004-03-14,9,103.50770873727029,67.39823246605417,22.4,20.0,25.1,30.4,31.0,8.0,11.0,57.0,76.67,88.0,0.0,1011.87,22.67,8.028
2004-03-15,10,89.68702949473067,72.72630597482565,23.2,22.0,25.03,27.3,28.0,4.100000000000001,6.0,73.0,79.67,84.0,0.8,1011.8,13.67,4.788
2004-03-16,6,89.67289309780068,68.93096472598687,22.8,20.5,24.77,27.9,28.4,5.099999999999998,7.899999999999999,58.0,73.67,87.0,4.6,1013.67,10.67,6.372
2004-03-17,6,85.17626501869711,65.17748473255412,21.6,19.1,23.63,26.4,27.1,4.799999999999997,8.0,65.0,75.67,81.0,0.3,1013.23,12.0,8.532
2004-03-18,3,86.24206221113413,66.13185345741475,21.4,19.0,23.9,27.3,27.5,5.900000000000002,8.5,56.0,73.67,86.0,0.0,1012.4,10.67,4.428
2004-03-19,6,77.57068167058652,63.095705774181674,21.3,18.2,21.9,22.4,24.6,1.0999999999999979,6.400000000000002,73.0,77.67,81.0,0.0,1011.93,10.67,8.388
2004-03-20,13,76.58215617367871,61.383207384178824,20.3,16.9,21.47,23.3,24.4,3.0,7.5,76.0,83.33,88.0,2.9000000000000004,1013.87,15.0,4.572
2004-03-21,8,84.69556415736662,59.897904672193356,18.2,15.6,21.6,26.6,26.8,8.400000000000002,11.200000000000001,53.0,79.67,97.0,0.3,1015.77,10.67,2.4120000000000004
2004-03-22,6,84.50106688791283,58.69876959366089,20.2,15.8,22.53,27.0,27.2,6.800000000000001,11.399999999999999,51.0,69.67,81.0,0.0,1017.5,18.33,5.04
2004-03-23,10,86.95895669046429,61.16764925261658,19.7,16.4,22.17,26.8,27.8,7.100000000000001,11.400000000000002,56.0,72.0,81.0,0.0,1019.83,7.67,2.988
2004-03-24,5,92.21359810001232,61.60670513572867,20.7,17.0,23.8,29.3,29.7,8.600000000000001,12.7,46.0,66.0,77.0,0.0,1018.0,9.0,4.572
2004-03-25,1,91.31100167528777,59.97707047094105,20.2,16.6,23.33,28.8,29.4,8.600000000000001,12.799999999999997,48.0,66.67,77.0,0.0,1016.93,10.67,6.372
2004-03-26,4,92.10965874097214,60.39343746671903,20.6,16.6,23.53,28.8,29.3,8.2,12.7,54.0,70.0,80.0,0.0,1016.13,7.67,5.292
2004-03-27,2,91.08792020163992,65.19806805402348,21.6,19.0,24.2,28.0,28.4,6.399999999999999,9.399999999999999,66.0,78.33,88.0,0.1,1014.5,15.0,7.452
2004-03-28,5,86.7325559487219,68.25211618870387,22.0,20.6,23.5,26.2,27.1,4.199999999999999,6.5,70.0,84.33,94.0,2.9,1012.43,15.0,11.268
2004-03-29,3,111.02851987120016,72.91966914551358,23.0,22.0,26.27,32.6,33.0,9.600000000000001,11.0,44.0,71.0,86.0,0.3,1012.7,6.0,4.068
2004-03-30,10,101.43692211731206,69.31230789073842,23.4,20.8,25.57,29.8,30.8,6.400000000000002,10.0,59.0,75.0,84.0,0.0,1015.33,9.0,7.812
2004-03-31,6,97.495944987559,64.61612355944325,21.8,18.8,24.3,28.0,30.0,6.199999999999999,11.2,64.0,75.33,85.0,0.0,1016.47,9.0,7.920000000000001
2004-04-01,3,112.20918345971207,66.74394210255089,22.4,19.7,26.2,33.0,33.2,10.600000000000001,13.500000000000004,49.0,71.0,85.0,0.0,1013.47,15.0,7.812
2004-04-02,9,97.32127992929439,68.36112975307478,22.0,20.0,24.67,28.8,29.4,6.800000000000001,9.399999999999999,65.0,81.67,93.0,0.0,1012.37,22.67,4.428
2004-04-03,6,102.41958444183798,71.7911623472069,23.0,21.6,25.67,30.0,30.7,7.0,9.099999999999998,60.0,77.67,88.0,2.4,1011.73,6.0,4.932
2004-04-04,9,97.32454879493898,70.15664211128419,23.2,20.9,25.37,29.1,29.6,5.900000000000002,8.700000000000003,65.0,79.33,89.0,0.0,1013.77,9.0,5.148
2004-04-05,5,96.36301002083184,72.61207832446311,23.4,22.4,25.93,29.4,29.8,6.0,7.400000000000002,60.0,75.0,87.0,0.0,1016.03,10.67,11.052
2004-04-06,8,111.42058636636793,71.29188675802024,22.8,21.6,26.77,32.5,32.8,9.7,11.199999999999996,49.0,73.0,90.0,0.0,1011.57,15.33,7.2
2004-04-07,7,119.98284919389687,70.96358751817927,24.0,21.0,27.63,33.9,34.2,9.899999999999999,13.200000000000003,49.0,72.67,87.0,0.0,1009.0,18.0,3.3480000000000003
2004-04-08,10,94.13690483249698,72.785701567573,23.2,21.8,25.67,28.8,29.3,5.600000000000001,7.5,60.0,75.33,87.0,0.0,1013.43,13.67,3.132
2004-04-09,6,93.26318125680848,69.7587394189559,23.8,21.0,25.07,27.4,29.0,3.599999999999998,8.0,66.0,76.67,87.0,0.6,1017.83,13.67,7.920000000000001
2004-04-10,9,76.7966095555481,64.92008395508047,21.0,19.3,21.57,22.6,24.3,1.6000000000000014,5.0,72.0,78.0,84.0,11.9,1019.53,12.33,12.492
2004-04-11,8,88.88832634499215,67.19414892447449,20.2,19.5,22.87,26.8,27.8,6.600000000000001,8.3,69.0,80.0,86.0,0.0,1013.53,6.0,4.572
2004-04-12,8,110.60694465558416,68.74038773757246,22.8,19.6,26.57,32.5,33.2,9.7,13.600000000000001,48.0,69.0,87.0,0.0,1010.9,10.67,1.9080000000000001
2004-04-13,10,108.67122946704362,68.60100722228276,24.4,20.3,27.97,33.5,34.1,9.100000000000001,13.8,43.0,60.33,71.0,0.0,1013.67,18.33,5.867999999999999
2004-04-14,6,117.33229718012215,71.00627069804858,24.3,21.0,27.87,34.2,35.0,9.900000000000002,14.0,44.0,64.67,84.0,0.0,1012.57,16.67,3.24
2004-04-15,7,106.5611530867265,69.79600973498239,24.6,20.8,28.07,32.4,33.1,7.799999999999997,12.3,47.0,64.33,79.0,0.0,1011.8,10.67,5.652
2004-04-16,6,116.10284482614992,71.98863688512873,23.0,21.7,26.4,32.2,32.8,9.200000000000003,11.099999999999998,53.0,78.67,94.0,0.0,1012.83,10.67,5.04
2004-04-17,3,82.88330966984405,71.80600013880971,22.3,20.8,23.4,24.7,26.2,2.3999999999999986,5.399999999999999,80.0,84.33,89.0,1.3,1013.2,13.67,1.1880000000000002
2004-04-18,7,72.72084694544513,68.08998613709778,20.7,19.8,21.03,21.6,23.1,0.9000000000000021,3.3000000000000007,82.0,85.33,90.0,3.5,1016.4,10.67,3.9600000000000004
2004-04-19,6,83.92428407429722,67.97720813760344,20.6,20.0,22.33,25.4,26.4,4.799999999999997,6.399999999999999,65.0,86.33,98.0,11.8,1011.97,18.33,5.652
2004-04-20,6,77.32506831029772,46.20184854010135,14.3,10.6,19.03,22.8,23.7,8.5,13.1,38.0,56.67,73.0,0.0,1016.4,13.67,6.372
2004-04-21,3,89.71813423715739,52.78257209912129,16.1,13.2,20.9,28.6,28.8,12.5,15.600000000000001,53.0,68.67,77.0,0.0,1016.67,10.67,5.148
2004-04-22,7,102.43347802641793,68.61528053201616,20.5,20.4,24.37,29.8,30.6,9.3,10.200000000000003,64.0,78.67,90.0,1.7,1011.63,9.0,6.732
2004-04-23,5,85.19632053164817,64.53005936553457,20.4,19.0,22.17,25.4,26.8,5.0,7.800000000000001,71.0,83.0,89.0,29.8,1009.1,22.67,10.548
2004-04-24,5,72.55509949715204,58.795061670923296,16.6,16.0,19.1,20.5,21.2,3.8999999999999986,5.199999999999999,55.0,75.0,90.0,0.0,1014.67,21.33,5.867999999999999
2004-04-25,8,75.66747109830902,49.07682625162365,14.5,12.0,16.87,20.1,20.5,5.600000000000001,8.5,48.0,61.67,74.0,0.0,1020.43,22.67,7.092
2004-04-26,5,73.02262803030405,46.81065722535381,12.6,8.8,16.0,21.9,22.2,9.299999999999999,13.399999999999999,57.0,77.0,93.0,0.0,1021.23,4.67,1.548
2004-04-27,2,76.26919912059523,51.06296469850208,13.6,10.4,17.27,23.6,24.0,10.000000000000002,13.6,57.0,76.33,93.0,0.0,1021.47,10.67,1.08
2004-04-28,9,89.19983415140518,52.95381189251586,15.3,12.6,20.13,27.5,28.1,12.2,15.500000000000002,51.0,76.33,92.0,0.0,1020.73,4.67,2.988
2004-04-29,4,95.05789326140838,54.107307884048616,19.6,13.7,23.1,30.0,30.2,10.399999999999999,16.5,42.0,68.0,87.0,0.0,1017.2,10.67,4.788
2004-04-30,9,75.73351625680013,59.623994098881845,17.3,15.8,19.63,24.0,24.0,6.699999999999999,8.2,62.0,81.0,94.0,16.2,1014.97,13.67,3.3480000000000003
2004-05-02,10,83.6394591903096,58.825520117223114,16.4,15.4,20.57,26.2,26.5,9.8,11.1,62.0,80.33,99.0,0.0,1014.87,10.67,3.24
2004-05-03,5,75.68141503187194,63.97762012494247,19.8,18.1,20.8,22.2,24.2,2.3999999999999986,6.099999999999998,78.0,86.0,93.0,0.4,1018.4,13.67,4.788
2004-05-04,9,61.94066438315197,56.277052962983504,17.3,16.0,18.2,19.0,19.7,1.6999999999999993,3.6999999999999993,94.0,95.0,97.0,48.6,1022.43,12.0,15.732000000000001
2004-05-05,6,67.16319603760002,57.84986067386405,16.0,15.4,17.6,20.0,21.0,4.0,5.6,73.0,89.0,98.0,14.2,1023.23,6.0,4.932
2004-05-06,6,71.57159590758415,62.448129515078776,18.4,17.8,19.57,21.8,22.8,3.400000000000002,5.0,78.0,87.0,93.0,0.8,1021.1,9.33,7.308
2004-05-07,3,61.88110352781595,62.95527249770717,18.8,17.5,19.2,19.6,19.8,0.8000000000000007,2.3000000000000007,91.0,95.33,98.0,25.4,1016.93,10.67,4.068
2004-05-08,12,71.851242875536,61.4531928520675,16.8,16.0,19.03,22.8,23.1,6.0,7.100000000000001,73.0,89.0,98.0,38.1,1015.67,4.67,1.692
2004-05-09,6,74.87243215893936,59.89088344469851,15.6,14.7,18.6,22.8,24.0,7.200000000000001,9.3,66.0,87.33,100.0,0.2,1018.9,10.67,0.9720000000000001
2004-05-10,2,82.56122230744664,57.48266374369685,15.2,13.0,19.5,25.6,26.2,10.400000000000002,13.2,53.0,80.67,98.0,0.0,1017.9,3.0,0.6120000000000001
2004-05-11,5,77.8120489094682,51.265332445853645,13.7,12.1,18.77,24.4,24.7,10.7,12.6,54.0,78.0,98.0,0.0,1017.23,6.0,3.708
2004-05-12,7,72.50171317482278,59.51789640657973,16.6,16.4,18.9,22.2,23.3,5.599999999999998,6.900000000000002,78.0,88.67,98.0,5.9,1014.93,13.67,6.372
2004-05-13,4,68.20392478165942,61.93817066514776,17.6,16.9,18.97,20.9,21.2,3.299999999999997,4.300000000000001,81.0,87.33,97.0,0.1,1013.43,12.0,3.492
2004-05-14,10,65.77589720876797,54.67141270081532,16.6,14.8,18.17,19.4,20.4,2.799999999999997,5.599999999999998,77.0,90.0,97.0,10.0,1013.37,16.67,9.828
2004-05-15,11,63.1663176674319,49.61271519522047,13.5,13.0,14.1,14.8,16.7,1.3000000000000007,3.6999999999999993,84.0,91.67,96.0,5.0,1013.93,32.0,12.492
2004-05-16,7,67.75806411307849,46.1741686551389,11.6,11.1,14.07,17.0,17.6,5.4,6.500000000000002,66.0,84.67,95.0,0.7,1019.33,28.67,9.0
2004-05-17,4,68.78605785343261,45.41721231119807,10.2,9.0,13.53,18.2,18.6,8.0,9.600000000000001,58.0,82.33,96.0,0.0,1019.97,15.33,2.7720000000000002
2004-05-18,7,74.27844824035196,48.562255117542335,11.8,11.0,14.23,16.7,17.4,4.899999999999999,6.399999999999999,59.0,73.0,81.0,0.0,1022.23,16.67,4.068
2004-05-19,6,71.120720296531,42.27524141324018,9.6,7.6,12.7,17.5,17.8,7.9,10.200000000000001,57.0,78.67,92.0,0.0,1025.7,9.33,2.8800000000000003
2004-05-20,6,70.06631701000003,45.1623519312287,9.6,7.6,12.73,17.5,17.5,7.9,9.9,64.0,81.0,92.0,0.0,1028.47,3.0,1.1880000000000002
2004-05-21,9,71.20782301250253,46.69036573122003,11.8,10.5,15.07,21.0,21.6,9.2,11.100000000000001,57.0,80.67,94.0,0.0,1026.0,9.0,5.148
2004-05-22,5,69.00844445368968,55.10727035435052,16.0,15.0,17.63,20.7,21.2,4.699999999999999,6.199999999999999,73.0,85.33,92.0,0.0,1023.3,9.0,9.972
2004-05-23,5,68.27960021555195,60.01995114907059,16.7,16.5,18.17,20.8,21.8,4.100000000000001,5.300000000000001,84.0,90.0,97.0,8.3,1019.9,9.0,5.652
2004-05-24,4,63.47390588060834,64.6157526611239,17.5,16.7,18.47,19.6,20.6,2.1000000000000014,3.900000000000002,92.0,95.0,98.0,0.2,1017.73,7.67,0.6120000000000001
2004-05-25,1,58.20259041382673,53.62962604139347,14.1,14.1,16.67,18.6,18.6,4.500000000000002,4.500000000000002,97.0,98.33,100.0,23.9,1011.4,18.0,7.920000000000001
2004-05-26,6,70.7176946754398,46.49793138082516,14.0,13.2,15.73,18.6,19.0,4.600000000000001,5.800000000000001,64.0,78.33,89.0,0.6,1009.67,30.33,34.668000000000006
2004-05-27,8,79.82943593843208,43.517928676171685,10.4,9.6,13.47,15.0,15.4,4.6,5.800000000000001,58.0,68.0,77.0,0.0,1019.23,28.67,7.092
2004-05-28,9,73.192064561421,39.67348561795437,6.8,5.9,11.97,16.7,17.4,9.899999999999999,11.499999999999998,57.0,75.33,99.0,0.0,1025.6,15.0,2.16
2004-05-29,2,70.98508890380802,41.87294019375464,7.8,6.4,12.8,20.2,20.2,12.399999999999999,13.799999999999999,53.0,78.0,97.0,0.0,1023.77,6.0,1.548
2004-05-30,10,70.0769016103263,47.843354395822466,9.8,8.0,13.93,18.6,19.2,8.8,11.2,63.0,79.67,96.0,0.0,1021.8,12.0,0.6120000000000001
2004-05-31,12,66.75132812737611,51.33689783765303,12.3,11.0,14.73,19.5,19.9,7.199999999999999,8.899999999999999,66.0,87.0,99.0,0.0,1023.33,7.67,1.548
2004-06-01,6,68.60648343633933,53.72543467754563,14.6,13.7,16.53,19.8,20.2,5.200000000000001,6.5,73.0,83.67,95.0,0.0,1022.7,9.0,5.508
2004-06-02,7,66.58964434878398,57.92083761348487,16.4,15.4,17.13,18.4,19.7,2.0,4.299999999999999,84.0,87.0,92.0,0.0,1022.5,12.33,4.788
2004-06-03,2,64.06915343164805,56.799211222474206,15.4,14.9,16.3,18.0,19.4,2.5999999999999996,4.499999999999998,83.0,91.0,96.0,0.0,1022.7,15.33,4.788
2004-06-04,7,68.22564576185073,52.44371814767062,12.8,11.8,15.8,19.6,20.1,6.800000000000001,8.3,61.0,84.33,97.0,0.0,1024.5,12.0,1.9080000000000001
2004-06-05,11,71.4118663983972,44.149368322840466,9.6,8.6,14.5,20.4,21.2,10.799999999999999,12.6,56.0,78.67,93.0,0.0,1022.67,10.67,3.132
2004-06-06,11,69.78394224964717,46.1934425964039,9.7,8.5,14.5,19.8,21.0,10.100000000000001,12.5,62.0,82.67,95.0,0.0,1021.33,13.67,1.548
2004-06-07,11,68.23012558969285,57.289877556739384,14.0,12.9,15.73,18.4,18.7,4.399999999999999,5.799999999999999,71.0,83.33,90.0,0.0,1023.1,6.0,0.6120000000000001
2004-06-08,7,63.76086308098637,50.099394004145985,11.8,10.6,13.77,16.6,17.1,4.800000000000001,6.500000000000002,84.0,90.67,98.0,0.0,1019.73,12.0,1.8
2004-06-09,5,75.4782403552002,52.0258548248526,12.8,11.6,17.2,23.4,24.0,10.599999999999998,12.4,56.0,83.0,97.0,0.4,1015.07,1.67,1.9080000000000001
2004-06-10,9,66.15536690708691,64.5522182162787,18.0,17.3,18.2,18.6,20.0,0.6000000000000014,2.6999999999999993,83.0,88.33,98.0,36.2,1009.0,7.67,1.332
2004-06-11,11,60.28844712995215,49.238186098039726,13.0,11.6,14.67,17.4,17.8,4.399999999999999,6.200000000000001,93.0,95.0,98.0,35.8,1016.13,24.0,5.04
2004-06-12,6,86.99031776427435,36.9185589186536,9.3,8.0,10.83,11.6,12.2,2.299999999999999,4.199999999999999,58.0,72.67,86.0,0.0,1025.07,26.0,14.148000000000001
2004-06-13,9,79.25446311077094,29.96725732717832,4.6,3.0,8.77,13.7,14.4,9.1,11.4,57.0,74.33,94.0,0.0,1027.77,36.0,4.932
2004-06-14,9,72.66729623278103,33.63986862086077,3.8,2.8,10.43,19.0,19.6,15.2,16.8,42.0,73.33,95.0,0.0,1025.57,3.0,1.9080000000000001
2004-06-15,7,71.77227997442253,38.23636517185872,6.5,5.0,11.9,19.2,20.6,12.7,15.600000000000001,53.0,76.33,95.0,0.0,1022.0,13.67,1.9080000000000001
2004-06-16,15,81.37412015291349,64.13012,9.6,7.6,15.6,25.2,26.0,15.6,18.4,51.0,73.67,92.0,0.0,1019.5,0.0,0.0
2004-06-17,5,88.71522929560003,58.08363628924299,19.0,15.6,22.47,27.6,28.5,8.600000000000001,12.9,55.0,69.0,79.0,0.0,1013.63,18.33,5.4
2004-06-18,7,67.48669126694278,50.92594316217587,12.5,12.5,15.8,18.4,18.8,5.899999999999999,6.300000000000001,63.0,84.67,96.0,1.4000000000000001,1021.73,13.67,5.652
2004-06-19,5,84.99418920388683,49.314328800487814,12.2,11.5,17.47,26.0,26.8,13.8,15.3,60.0,81.67,98.0,0.0,1023.57,9.0,4.572
2004-06-20,8,85.90373528206817,57.24914636007756,15.2,14.1,20.33,26.4,27.2,11.2,13.1,55.0,77.67,92.0,0.0,1020.8,15.0,1.9080000000000001
2004-06-21,7,82.51427153996974,59.693492109308025,18.0,16.0,20.63,24.9,26.5,6.899999999999999,10.5,50.0,70.33,83.0,0.0,1017.53,19.67,3.9600000000000004
2004-06-22,11,68.78503387140574,56.82967814607276,14.8,14.8,16.87,19.2,19.2,4.399999999999999,4.399999999999999,76.0,82.33,89.0,0.0,1019.5,6.0,4.32
2004-06-23,9,79.8258575131881,55.81213263230077,14.8,14.1,17.8,23.6,25.4,8.8,11.299999999999999,68.0,84.33,96.0,0.0,1018.97,10.67,3.492
2004-06-24,6,63.250794735710116,58.53665734818371,17.0,15.8,18.0,19.0,19.4,2.0,3.599999999999998,90.0,92.33,94.0,14.5,1017.93,26.0,5.4
2004-06-25,10,70.46858214847613,58.974040928465016,15.8,15.0,18.2,22.6,22.9,6.800000000000001,7.899999999999999,77.0,92.0,100.0,0.6,1016.97,7.67,2.052
2004-06-26,7,78.41272656341391,59.112178746819474,16.6,15.8,20.03,24.5,25.0,7.899999999999999,9.2,63.0,84.67,98.0,0.0,1015.27,16.67,4.212
2004-06-27,7,59.78451716577614,60.383121281212546,16.7,15.6,18.03,19.1,19.1,2.400000000000002,3.5000000000000018,97.0,97.0,97.0,13.100000000000001,1015.23,4.67,1.9080000000000001
2004-06-28,9,62.22680068075141,56.31036030967393,15.6,15.1,16.53,18.2,19.6,2.5999999999999996,4.500000000000002,93.0,94.33,95.0,0.6,1019.37,13.67,6.9479999999999995
2004-06-29,8,92.45627164815029,59.29155931403681,15.0,14.6,19.8,27.4,28.2,12.399999999999999,13.6,61.0,85.67,100.0,0.1,1018.33,4.67,1.1880000000000002
2004-06-30,3,97.17378219513606,66.15431718568647,19.3,18.0,23.17,28.6,29.6,9.3,11.600000000000001,59.0,79.0,89.0,0.0,1018.17,15.0,1.1880000000000002
2004-07-01,3,69.69332033564795,66.53269918978299,19.0,19.0,20.53,22.4,22.4,3.3999999999999986,3.3999999999999986,81.0,90.0,96.0,20.6,1016.0,13.67,3.492
2004-07-02,7,96.96240042026196,62.335132242535195,18.0,16.6,22.07,29.0,29.2,11.0,12.599999999999998,58.0,83.33,98.0,0.0,1012.13,24.0,2.052
2004-07-03,13,76.318385902528,55.881525777968704,15.7,14.2,18.7,24.4,24.4,8.7,10.2,74.0,86.0,94.0,20.599999999999998,1015.83,27.0,3.708
2004-07-04,5,75.81182953035534,45.847030530703925,10.4,9.2,13.63,16.3,17.0,5.9,7.800000000000001,46.0,70.67,85.0,0.0,1021.1,12.0,2.7720000000000002
2004-07-05,9,69.3042730119671,43.97065761876462,8.6,6.7,11.73,17.4,18.1,8.799999999999999,11.400000000000002,56.0,81.67,95.0,0.0,1020.9,15.0,0.9720000000000001
2004-07-06,10,70.05291289292302,44.25896986736544,8.0,6.6,12.73,19.4,20.2,11.399999999999999,13.6,54.0,80.33,97.0,0.0,1019.6,7.67,0.8280000000000001
2004-07-07,4,62.41049221798906,66.25565,11.0,9.5,13.6,17.0,19.2,6.0,9.7,90.0,93.33,98.0,0.5,1010.77,0.0,0.0
2004-07-08,12,70.34310168949295,42.677550617546245,11.6,9.0,13.93,15.8,15.8,4.200000000000001,6.800000000000001,68.0,83.67,100.0,8.0,1012.27,12.33,6.12
2004-07-09,10,74.049248974622,42.12986428456013,5.4,4.2,9.7,14.7,15.7,9.299999999999999,11.5,58.0,78.33,96.0,0.0,1014.77,9.0,0.36000000000000004
2004-07-10,5,77.10846834216215,36.43541183238064,8.2,7.0,10.27,13.4,14.3,5.200000000000001,7.300000000000001,50.0,78.33,96.0,0.0,1013.67,13.67,9.107999999999999
2004-07-11,10,90.18155884863805,28.694201808299766,4.4,3.2,8.47,11.8,12.6,7.4,9.399999999999999,48.0,58.67,74.0,0.0,1023.7,30.33,7.092
2004-07-12,8,72.10979993651206,39.52306560495638,4.2,2.8,9.67,18.6,19.2,14.400000000000002,16.4,47.0,75.0,95.0,0.0,1020.77,3.0,0.36000000000000004
2004-07-13,10,68.95896046266638,51.13475924043487,12.6,10.3,14.9,18.9,20.6,6.299999999999999,10.3,79.0,83.67,88.0,1.2,1012.9,7.67,0.9720000000000001
2004-07-14,5,86.98794780550277,67.12197309157125,18.5,18.0,21.27,26.7,27.1,8.2,9.100000000000001,73.0,85.67,94.0,0.3,1008.7,7.67,0.6120000000000001
2004-07-15,11,60.87043817516789,51.66228963019322,12.8,12.4,15.07,19.4,19.4,6.599999999999998,6.999999999999998,95.0,96.0,97.0,32.7,1018.93,11.0,4.068
2004-07-16,6,74.52359873980785,41.191153303140496,11.2,9.4,12.2,12.8,13.4,1.6000000000000014,4.0,74.0,85.0,93.0,4.3,1024.23,19.67,11.520000000000001
2004-07-17,10,82.2417243013665,34.78697494974861,6.8,5.0,9.47,12.2,12.9,5.3999999999999995,7.9,61.0,76.67,85.0,0.0,1031.17,19.67,4.572
2004-07-18,5,68.91712356812812,32.80078766362215,5.8,4.0,9.27,15.0,15.6,9.2,11.6,68.0,86.0,96.0,0.0,1030.67,4.67,4.32
2004-07-19,7,71.52022975777939,47.17199463711331,11.8,11.8,14.03,16.5,17.0,4.699999999999999,5.199999999999999,70.0,79.33,90.0,0.0,1024.8,10.67,10.908
2004-07-20,4,70.82778364307207,47.368275288571354,13.4,11.7,15.37,18.3,19.4,4.9,7.699999999999999,64.0,78.0,89.0,0.0,1029.43,9.0,9.612
2004-07-21,8,72.98351655845265,47.39654410306736,13.8,11.6,15.8,19.6,20.1,5.800000000000001,8.500000000000002,54.0,72.33,84.0,0.0,1028.83,10.67,8.892000000000001
2004-07-22,11,72.12475580368363,45.78483295608844,11.5,10.2,15.57,21.0,21.6,9.5,11.400000000000002,59.0,77.67,92.0,0.0,1023.63,13.67,5.508
2004-07-23,5,74.11157808656748,47.09875106762341,11.8,10.3,16.37,21.7,22.0,9.899999999999999,11.7,56.0,71.33,80.0,0.0,1023.83,9.0,3.9600000000000004
2004-07-24,10,75.37121416420075,51.33689783765303,12.7,11.0,16.83,21.8,22.6,9.100000000000001,11.600000000000001,46.0,67.33,81.0,0.0,1026.37,1.67,1.548
2004-07-25,14,75.16208312275185,46.37342684975511,10.1,8.2,15.97,22.0,22.8,11.9,14.600000000000001,49.0,70.0,96.0,0.0,1022.17,1.67,1.1880000000000002
2004-07-26,9,73.06203804515215,48.982070892534175,11.4,9.0,16.2,22.1,22.4,10.700000000000001,13.399999999999999,51.0,78.0,94.0,0.0,1023.63,4.67,0.8280000000000001
2004-07-27,8,72.83217914458656,46.28888094130438,10.8,9.2,16.07,22.4,22.6,11.599999999999998,13.400000000000002,56.0,80.33,98.0,0.0,1023.57,4.67,2.4120000000000004
2004-07-28,10,77.11759175484414,46.150814291508894,10.8,9.2,16.6,24.0,24.3,13.2,15.100000000000001,47.0,74.0,90.0,0.0,1021.1,16.67,2.52
2004-07-29,8,73.10317122619207,55.31381851974252,14.7,12.4,17.27,20.3,22.2,5.600000000000001,9.799999999999999,68.0,76.67,82.0,0.0,1020.13,9.0,0.9720000000000001
2004-07-30,8,63.80738317163551,45.027999351988974,11.2,10.0,13.8,17.0,17.0,5.800000000000001,7.0,80.0,90.67,98.0,20.3,1021.27,18.33,6.012
2004-07-31,4,61.92854779337206,41.9621711127141,9.4,9.4,10.67,12.6,13.1,3.1999999999999993,3.6999999999999993,97.0,98.0,99.0,39.2,1018.03,33.33,9.468
2004-08-01,4,61.636237187967964,47.686827909549024,10.2,9.7,11.67,13.4,14.4,3.200000000000001,4.700000000000001,90.0,96.0,100.0,0.9,1020.0,15.33,2.16
2004-08-02,8,69.27913791820619,51.06745975748727,10.8,9.0,14.9,20.9,20.9,10.099999999999998,11.899999999999999,55.0,83.67,98.0,0.0,1019.5,9.0,0.36000000000000004
2004-08-03,8,81.3750789330495,44.76511078663682,12.8,10.0,17.47,25.6,25.9,12.8,15.899999999999999,59.0,78.67,89.0,0.0,1017.33,10.67,6.48
2004-08-04,8,101.67634234713674,58.95898799937875,17.0,15.6,22.0,30.5,31.1,13.5,15.500000000000002,47.0,72.67,89.0,0.0,1017.93,6.33,3.708
2004-08-05,8,93.40491202970631,63.68119041665095,20.5,17.0,24.57,30.3,30.5,9.8,13.5,42.0,61.33,78.0,0.0,1016.53,15.0,1.548
2004-08-06,12,70.08811603772929,50.33370341048571,14.2,11.8,17.3,22.2,22.2,8.0,10.399999999999999,78.0,87.33,93.0,0.0,1020.5,14.0,4.068
2004-08-07,14,82.55393821461752,40.19449267619469,9.2,8.5,10.8,11.8,12.0,2.6000000000000014,3.5,60.0,80.67,96.0,17.7,1028.97,22.67,8.64
2004-08-08,5,81.64313171564791,33.71008467907358,7.0,5.0,10.0,13.5,14.2,6.5,9.2,57.0,70.67,85.0,0.0,1031.97,31.67,5.867999999999999
2004-08-09,9,70.76452859657016,35.74411643835067,8.8,5.7,12.23,18.3,18.8,9.5,13.100000000000001,62.0,78.33,89.0,0.0,1030.07,9.0,5.292
2004-08-10,6,72.96662626331201,42.90369534880179,11.4,8.2,15.37,21.5,21.7,10.1,13.5,50.0,75.0,90.0,0.0,1026.73,15.33,3.492
2004-08-11,5,68.60112891347161,47.43091262257039,12.4,9.8,14.6,17.6,18.6,5.200000000000001,8.8,69.0,82.67,95.0,0.0,1026.43,10.67,2.52
2004-08-12,12,74.8128610981657,50.28280716223606,13.6,12.4,17.0,22.8,23.2,9.200000000000001,10.799999999999999,57.0,75.67,93.0,0.0,1027.4,9.33,6.48
2004-08-13,6,78.24386272494272,48.59755825856652,13.7,11.1,18.0,24.3,24.7,10.600000000000001,13.6,42.0,66.67,79.0,0.0,1024.3,7.67,4.32
2004-08-14,6,79.19197547642494,46.9268039286898,14.0,9.5,18.73,24.8,25.2,10.8,15.7,49.0,67.67,82.0,0.0,1021.17,9.33,2.4120000000000004
2004-08-15,8,84.404751422608,49.35597436733729,15.6,11.0,20.13,26.4,27.1,10.799999999999999,16.1,49.0,71.0,85.0,0.0,1020.87,6.0,3.132
2004-08-16,8,80.21162410997476,53.694812737751306,16.7,13.0,20.27,24.7,25.6,8.0,12.600000000000001,57.0,72.33,81.0,0.0,1019.1,3.0,3.132
2004-08-17,4,73.44373871259165,62.07991449576443,18.3,15.8,19.33,20.7,22.6,2.3999999999999986,6.800000000000001,74.0,77.67,82.0,0.0,1016.57,4.67,0.9720000000000001
2004-08-18,3,60.70954376741403,63.93855747223516,17.0,16.6,17.53,18.2,18.2,1.1999999999999993,1.5999999999999979,87.0,94.67,99.0,19.0,1018.4,4.67,0.8280000000000001
2004-08-19,6,61.94544720894474,63.54496572013777,16.9,16.4,17.87,19.5,20.2,2.6000000000000014,3.8000000000000007,90.0,96.33,100.0,12.1,1019.67,3.0,0.8280000000000001
2004-08-20,12,69.69332033564795,65.9197019978781,17.8,17.5,19.2,21.2,22.4,3.3999999999999986,4.899999999999999,80.0,90.0,96.0,0.1,1015.4,15.33,0.7200000000000001
2004-08-21,8,66.38880174270376,44.97269544866726,11.6,11.2,15.1,19.0,19.0,7.4,7.800000000000001,71.0,86.67,95.0,15.8,1017.03,28.67,13.428
2004-08-22,6,82.01481098999997,38.800296936522486,9.2,7.5,10.67,11.6,12.5,2.4000000000000004,5.0,73.0,79.0,84.0,0.0,1021.3,28.67,6.84
2004-08-23,9,70.95859905221778,42.40848477465698,9.8,7.6,11.7,14.7,16.8,4.899999999999999,9.200000000000001,67.0,80.67,91.0,0.0,1020.7,6.0,2.7720000000000002
2004-08-24,5,71.52395491386937,39.16856366525316,9.0,6.0,12.9,18.1,19.6,9.100000000000001,13.600000000000001,57.0,76.33,89.0,0.0,1020.17,30.33,2.628
2004-08-25,4,70.60362520733256,65.13695,10.4,8.5,13.6,18.2,18.8,7.799999999999999,10.3,58.0,78.67,96.0,0.0,1016.7,0.0,0.0
2004-08-26,4,71.65540323772802,48.20355291338521,13.4,10.8,15.33,18.4,19.6,4.999999999999998,8.8,66.0,76.0,86.0,0.0,1020.2,15.33,3.9600000000000004
2004-08-27,4,71.47089771597557,51.21760410766555,13.0,12.0,15.6,20.8,22.0,7.800000000000001,10.0,67.0,81.67,92.0,0.0,1017.9,12.33,3.492
2004-08-28,7,72.08563262416612,55.76380888412926,15.9,13.9,17.83,21.2,22.6,5.299999999999999,8.700000000000001,66.0,83.33,92.0,0.0,1015.27,12.33,2.988
2004-08-29,4,77.01377244465068,45.03335744851859,13.2,10.3,17.07,23.6,24.2,10.400000000000002,13.899999999999999,46.0,72.67,87.0,0.0,1016.27,24.33,7.308
2004-08-30,8,77.85921513523405,55.648048289315796,17.8,14.2,20.4,23.6,24.4,5.800000000000001,10.2,55.0,63.33,71.0,0.0,1016.6,23.0,4.068
2004-08-31,2,77.04456197710053,45.884903671006086,14.4,9.4,17.43,23.2,23.6,8.799999999999999,14.200000000000001,46.0,60.33,72.0,0.0,1020.27,12.33,3.132
2004-09-01,6,86.11327536950465,51.33736813862603,14.4,12.0,18.97,27.5,27.6,13.1,15.600000000000001,48.0,71.33,83.0,0.0,1019.6,7.67,3.3480000000000003
2004-09-02,6,62.40246109599158,59.12953131275855,17.2,15.0,17.87,18.4,19.4,1.1999999999999993,4.399999999999999,90.0,93.67,96.0,5.6000000000000005,1016.77,23.0,1.9080000000000001
2004-09-03,11,66.09792925207906,57.17992763173512,15.6,15.4,17.87,20.4,21.0,4.799999999999999,5.6,80.0,91.33,98.0,0.6000000000000001,1020.5,19.67,6.48
2004-09-04,5,83.17709793257362,56.51460921711879,16.6,15.0,20.13,26.0,26.5,9.399999999999999,11.5,63.0,76.33,88.0,0.0,1018.5,13.67,5.867999999999999
2004-09-05,10,120.88144241647493,60.356373216765135,18.6,16.3,24.8,34.6,35.1,16.0,18.8,38.0,67.67,86.0,0.0,1011.3,18.0,3.9600000000000004
2004-09-06,8,116.54047789080012,66.15431718568647,24.0,18.0,28.3,36.5,36.5,12.5,18.5,28.0,55.0,74.0,0.0,1008.9,22.67,1.1880000000000002
2004-09-07,5,112.17058017778902,71.40439167438322,25.1,21.3,29.3,36.2,36.6,11.100000000000001,15.3,31.0,49.67,59.0,0.0,1007.07,10.67,3.9600000000000004
2004-09-08,4,84.64543483786424,63.99711438978493,19.6,18.0,22.73,26.6,26.8,7.0,8.8,67.0,79.33,91.0,0.0,1011.33,27.33,4.212
2004-09-09,7,63.45604336249602,61.636711249666526,18.0,16.2,18.5,18.9,19.4,0.8999999999999986,3.1999999999999993,89.0,92.0,95.0,0.2,1016.63,7.67,1.9080000000000001
2004-09-10,7,58.484122031904135,48.21367102138636,15.0,11.5,15.47,16.2,16.8,1.1999999999999993,5.300000000000001,95.0,97.0,98.0,23.200000000000003,1020.97,18.33,6.48
2004-09-11,7,67.66825617316833,45.75876354405168,11.5,11.0,12.9,14.8,15.2,3.3000000000000007,4.199999999999999,76.0,88.33,96.0,16.1,1021.7,16.67,9.468
2004-09-12,3,75.07492206510001,48.679893073728834,12.8,12.6,14.87,16.2,17.9,3.3999999999999986,5.299999999999999,65.0,69.67,77.0,0.0,1031.73,13.67,12.348
2004-09-13,6,69.76543091749011,49.31170777867569,14.2,13.0,16.0,18.4,19.2,4.199999999999999,6.199999999999999,78.0,80.33,83.0,2.4,1025.17,10.67,13.68
2004-09-14,4,61.31068734155167,60.08488000001227,15.6,15.4,16.73,17.8,19.0,2.200000000000001,3.5999999999999996,90.0,94.67,98.0,6.5,1018.8,20.0,1.8
2004-09-15,4,69.91909022180907,55.94149391951454,15.4,14.6,17.67,20.6,21.4,5.200000000000001,6.799999999999999,65.0,83.67,96.0,13.2,1016.1,9.0,5.148
2004-09-16,9,73.3650500665623,48.40583328187722,13.0,11.8,15.8,18.2,19.6,5.199999999999999,7.800000000000001,54.0,71.33,92.0,0.0,1019.47,20.0,7.5600000000000005
2004-09-17,5,76.36850346440602,36.703555349635295,12.6,7.5,16.97,23.5,23.8,10.9,16.3,56.0,71.67,86.0,0.0,1019.93,10.67,11.268
2004-09-18,6,91.88228368278277,57.10443608728974,16.8,13.9,21.27,28.2,28.8,11.399999999999999,14.9,54.0,75.33,90.0,0.0,1015.73,12.33,1.692
2004-09-19,10,103.23757200672642,62.81331895555448,21.4,17.3,24.93,31.4,32.0,10.0,14.7,53.0,67.67,81.0,0.0,1012.17,18.0,3.492
2004-09-20,7,82.6035896536002,60.34874158394659,16.8,16.6,19.93,26.0,26.0,9.2,9.399999999999999,82.0,92.0,98.0,35.2,1015.27,11.0,5.4
2004-09-21,7,68.610790968864,63.671937078357814,16.6,16.6,18.4,20.2,22.8,3.599999999999998,6.199999999999999,94.0,97.0,99.0,27.3,1014.23,10.67,0.9720000000000001
2004-09-22,6,63.706185849126186,60.450405255017756,16.2,15.8,18.47,20.4,20.8,4.199999999999999,5.0,94.0,95.33,98.0,48.0,1014.97,16.67,2.2680000000000002
2004-09-23,3,70.9736917108001,52.39171392991344,15.8,13.0,17.73,20.8,21.5,5.0,8.5,64.0,81.0,93.0,0.5,1021.33,13.67,5.04
2004-09-24,8,79.20227707536654,55.99417802653338,16.6,14.7,19.83,24.7,25.2,8.099999999999998,10.5,63.0,76.67,84.0,0.0,1016.53,15.33,5.508
2004-09-25,5,78.59936093999994,57.41949658225916,17.6,15.0,20.2,24.6,25.0,7.0,10.0,61.0,79.0,92.0,0.0,1018.3,12.0,4.068
2004-09-26,9,83.40968716938238,60.895418599663714,19.0,17.0,20.73,24.0,26.4,5.0,9.399999999999999,75.0,81.67,91.0,0.0,1014.67,15.33,6.372
2004-09-27,7,67.73277071439973,66.90370599949753,20.0,19.6,20.53,21.4,22.0,1.3999999999999986,2.3999999999999986,89.0,92.67,96.0,0.0,1016.37,15.33,6.228
2004-09-28,8,78.39998574000012,65.18032854157596,20.2,18.8,21.73,23.7,25.0,3.5,6.199999999999999,76.0,85.0,94.0,0.0,1012.23,19.67,5.867999999999999
2004-09-29,5,74.05841746303597,51.95370430950974,16.2,13.0,19.0,21.2,22.1,5.0,9.100000000000001,48.0,72.0,98.0,14.5,1016.13,29.0,5.867999999999999
2004-09-30,8,75.74552213942938,40.44750142662856,14.5,9.0,16.3,19.8,20.2,5.300000000000001,11.2,52.0,61.67,68.0,0.0,1022.53,12.0,10.908
2004-10-01,10,81.71656571420789,48.57564567489647,14.8,12.0,19.4,25.2,26.4,10.399999999999999,14.399999999999999,53.0,65.0,80.0,0.0,1019.1,15.33,8.28
2004-10-02,7,86.67383254115205,53.876599996372434,19.0,13.4,22.1,28.1,28.2,9.100000000000001,14.799999999999999,39.0,65.0,79.0,0.0,1015.93,25.67,4.068
2004-10-03,5,73.47990603959916,50.46655064548664,17.4,12.6,18.43,20.2,21.0,2.8000000000000007,8.4,60.0,71.33,86.0,0.0,1019.47,20.0,7.092
2004-10-04,4,74.49187314070983,43.47224506097729,14.2,10.0,17.37,22.1,22.2,7.900000000000002,12.2,49.0,70.33,85.0,0.0,1019.8,12.33,9.251999999999999
2004-10-05,3,74.26081755856742,48.57564567489647,15.6,12.0,18.37,21.0,21.6,5.4,9.600000000000001,55.0,69.33,84.0,0.7,1020.5,15.33,8.28
2004-10-06,4,74.1156168361473,44.19738063959512,15.0,10.2,16.93,20.2,20.8,5.199999999999999,10.600000000000001,50.0,68.67,82.0,0.0,1022.8,15.33,8.64
2004-10-07,6,75.98681466403207,47.89317758665715,14.2,11.6,17.77,22.1,22.2,7.900000000000002,10.6,48.0,61.0,76.0,0.0,1022.73,13.67,7.668
2004-10-08,6,81.06378353720785,48.63656896297225,15.6,12.3,20.1,25.8,26.2,10.200000000000001,13.899999999999999,47.0,62.67,77.0,0.0,1017.33,11.0,10.08
2004-10-09,6,84.60513090034992,56.875402453779515,17.4,15.4,19.8,22.6,27.0,5.200000000000003,11.6,71.0,74.33,76.0,2.1,1009.57,12.33,7.308
2004-10-10,4,85.00931294748092,63.35596657853235,20.6,18.0,22.77,26.8,27.2,6.199999999999999,9.2,57.0,72.67,82.0,0.0,1007.6,17.0,5.867999999999999
2004-10-11,6,80.84347957902563,57.07959460017921,18.6,15.0,21.4,25.6,26.0,7.0,11.0,48.0,65.67,79.0,0.0,1013.47,21.33,4.680000000000001
2004-10-12,10,78.91799725802092,55.488194627859336,16.8,15.3,20.53,23.8,25.1,7.0,9.8,71.0,77.33,84.0,0.0,1012.23,12.33,11.268
2004-10-13,6,80.39785481594008,65.78499429123524,21.0,19.0,22.63,25.5,25.6,4.5,6.600000000000001,68.0,78.33,88.0,9.8,1007.4,22.67,5.4
2004-10-14,5,77.89070435465584,52.9912208152009,18.2,14.0,20.87,23.4,24.4,5.199999999999999,10.399999999999999,50.0,62.33,82.0,0.1,1014.03,27.33,9.107999999999999
2004-10-15,7,90.8979506512541,55.35321924208524,17.6,14.8,22.6,28.8,29.2,11.2,14.399999999999999,54.0,67.67,75.0,0.0,1014.8,12.33,7.668
2004-10-16,5,72.23801731803306,64.8630473908459,20.2,19.0,21.27,22.8,23.0,2.6000000000000014,4.0,81.0,86.33,95.0,8.8,1007.67,12.33,8.892000000000001
2004-10-17,3,80.85445852071487,64.18752124174006,19.8,18.4,22.0,24.8,25.8,5.0,7.400000000000002,53.0,74.67,98.0,26.599999999999998,1012.93,17.0,6.12
2004-10-18,6,88.32294731672447,56.84457695782672,18.4,14.4,21.73,26.1,28.6,7.700000000000003,14.200000000000001,61.0,66.33,77.0,0.0,1011.83,21.33,2.988
2004-10-19,6,74.37857256180682,53.36667186464761,18.2,14.6,19.2,20.2,20.9,2.0,6.299999999999999,49.0,67.67,92.0,9.2,1018.03,13.67,13.068
2004-10-20,5,74.94399920060805,48.91794302187335,14.6,12.0,17.27,21.2,21.6,6.6,9.600000000000001,53.0,66.0,76.0,0.0,1024.17,18.33,7.452
2004-10-21,5,79.90998255513597,52.2816861445086,15.6,13.7,20.07,25.5,25.6,9.9,11.900000000000002,49.0,64.0,75.0,0.0,1022.37,10.67,9.107999999999999
2004-10-22,5,91.33990004895895,56.760800698371575,18.4,14.6,23.13,29.0,30.0,10.600000000000001,15.4,44.0,60.67,79.0,0.0,1017.17,8.0,3.708
2004-10-23,3,81.11060623763223,63.06174252262158,21.2,17.5,22.47,23.6,25.8,2.400000000000002,8.3,69.0,80.0,88.0,0.9,1009.37,15.33,3.8520000000000003
2004-10-24,2,73.14752949563025,56.91342572693794,18.0,15.4,20.1,21.2,21.8,3.1999999999999993,6.4,55.0,74.67,94.0,4.699999999999999,1010.1,20.0,7.2
2004-10-25,5,73.44193030460426,52.4532277680539,14.2,13.0,16.7,20.5,20.9,6.300000000000001,7.899999999999999,57.0,71.33,93.0,9.1,1011.07,15.33,4.932
2004-10-26,6,81.11614767479173,48.31946019572754,15.0,10.0,18.93,25.0,26.2,10.0,16.2,40.0,63.33,80.0,0.0,1011.27,21.0,2.16
2004-10-27,7,75.94989629999996,49.24263502541653,14.5,12.0,17.67,19.3,20.0,4.800000000000001,8.0,49.0,61.0,69.0,4.3,1016.93,17.0,6.732
2004-10-28,7,80.29413798371382,47.22213364465374,13.8,9.0,18.47,25.2,26.0,11.399999999999999,17.0,33.0,57.33,75.0,0.0,1021.5,7.67,1.548
2004-10-29,10,90.23679034099524,51.75905268098184,17.6,12.0,22.47,29.6,30.2,12.0,18.2,37.0,55.67,69.0,0.0,1017.23,7.67,2.8800000000000003
2004-10-30,7,98.13944685681167,57.96744779232255,19.8,15.8,24.93,31.8,31.9,12.0,16.099999999999998,42.0,59.67,78.0,0.0,1012.03,28.67,6.84
2004-10-31,11,79.76973063049611,64.25040558906761,20.6,19.0,22.33,23.8,25.4,3.1999999999999993,6.399999999999999,67.0,77.0,83.0,0.0,1014.2,17.0,12.132000000000001
2004-11-01,5,88.72069151787156,57.854292514725934,19.0,16.0,22.8,28.2,28.4,9.2,12.399999999999999,51.0,70.33,86.0,0.0,1017.33,13.67,8.64
2004-11-02,4,106.16966850847443,58.883200150708724,19.2,16.0,25.1,32.4,33.4,13.2,17.4,39.0,61.67,81.0,0.0,1011.87,27.33,5.652
2004-11-03,6,91.32844777125966,70.11190808409373,22.2,21.0,24.47,27.4,28.5,5.199999999999999,7.5,63.0,77.67,93.0,9.3,1005.03,24.33,6.228
2004-11-04,7,85.04407789958435,65.90683320937225,21.0,19.0,23.63,26.7,26.8,5.699999999999999,7.800000000000001,70.0,82.0,95.0,10.9,1008.47,16.67,5.04
2004-11-05,7,77.36890310969797,66.26339595723266,21.3,18.7,21.63,22.0,24.8,0.6999999999999993,6.100000000000001,88.0,90.33,95.0,4.7,1007.23,27.0,2.7720000000000002
2004-11-06,5,73.9987331999513,49.827534608397315,14.9,13.1,17.73,19.6,21.0,4.700000000000001,7.9,57.0,69.33,88.0,9.6,1015.8,25.67,12.6
2004-11-07,6,76.21846585985205,46.05039244962225,15.6,10.5,18.8,22.8,23.2,7.200000000000001,12.7,55.0,65.33,75.0,0.0,1022.43,13.67,6.228
2004-11-08,5,81.94899124209815,54.19375020099067,17.4,14.8,21.67,26.0,26.6,8.600000000000001,11.8,55.0,62.67,78.0,0.0,1020.27,11.0,11.628
2004-11-09,6,71.47089771597557,64.15072458809615,19.0,17.6,20.0,21.3,22.0,2.3000000000000007,4.399999999999999,77.0,81.67,85.0,1.8,1016.33,4.67,2.4120000000000004
2004-11-10,3,88.25363463452821,65.62661825638986,18.2,18.5,22.37,27.2,27.6,9.0,9.100000000000001,64.0,81.0,96.0,3.9,1010.2,21.33,3.132
2004-11-11,3,72.72232505065641,62.448129515078776,20.4,17.8,21.67,23.6,23.6,3.200000000000003,5.800000000000001,88.0,92.0,94.0,42.5,1003.0,10.67,7.308
2004-11-12,6,64.17805044356787,55.49965253625511,16.6,15.0,17.63,18.4,19.0,1.7999999999999972,4.0,87.0,90.33,94.0,16.1,1004.77,32.0,8.64
2004-11-13,6,74.66513976625608,52.99087584990074,16.5,13.0,18.9,21.2,22.1,4.699999999999999,9.100000000000001,62.0,69.0,80.0,1.2,1015.47,16.67,4.068
2004-11-14,5,82.91061370930927,55.313484165526155,16.8,15.0,21.67,26.7,26.8,9.899999999999999,11.8,57.0,66.67,78.0,0.0,1016.1,10.67,9.251999999999999
2004-11-15,4,80.4263663205825,67.9168714861414,20.2,20.0,22.07,24.8,25.6,4.600000000000001,5.600000000000001,74.0,79.33,83.0,0.2,1012.63,12.0,5.867999999999999
2004-11-16,11,94.98108085129616,67.66648798441416,21.4,20.0,24.7,28.4,29.6,7.0,9.600000000000001,65.0,74.0,84.0,0.0,1011.53,16.67,6.84
2004-11-17,8,80.37864171967288,66.80000568165559,20.6,18.8,22.63,25.3,25.6,4.699999999999999,6.800000000000001,51.0,77.67,94.0,10.3,1012.17,9.33,2.2680000000000002
2004-11-18,3,79.06679879814408,53.62231198381116,19.6,14.3,21.33,24.4,25.2,4.799999999999997,10.899999999999999,45.0,59.0,70.0,0.0,1012.2,24.0,9.360000000000001
2004-11-19,6,77.1683832789796,56.16143699205925,18.6,15.0,20.0,22.4,23.9,3.799999999999997,8.899999999999999,51.0,63.67,74.0,0.0,1013.57,18.33,6.732
2004-11-20,8,75.97545599321714,55.931267784150066,17.9,15.1,19.73,22.6,23.0,4.700000000000003,7.9,52.0,65.67,73.0,0.0,1017.33,21.33,8.028
2004-11-21,3,80.4692930735041,51.57395563088081,17.0,12.7,20.37,25.0,25.8,8.0,13.100000000000001,53.0,67.0,74.0,0.0,1018.7,17.0,5.292
2004-11-22,10,87.99734658631783,56.120011565257485,17.8,15.0,22.77,29.1,29.2,11.3,14.2,45.0,58.33,69.0,0.0,1017.8,10.67,6.84
2004-11-23,5,109.19245816508821,61.40525524138173,20.0,16.8,25.87,33.4,33.8,13.399999999999999,16.999999999999996,39.0,63.0,83.0,0.0,1014.53,22.67,4.068
2004-11-24,4,106.19240333928644,64.90721762247294,24.2,18.7,27.73,33.0,33.6,8.8,14.900000000000002,50.0,60.33,71.0,0.0,1012.63,27.0,6.012
2004-11-25,8,100.11486025018738,69.65517289287573,24.8,20.4,27.43,30.5,31.4,5.699999999999999,11.0,61.0,67.33,79.0,0.9,1009.77,10.67,3.3480000000000003
2004-11-26,2,99.17452795787274,70.31520488064243,23.3,21.0,25.9,29.6,30.2,6.300000000000001,9.2,61.0,76.67,91.0,3.6,1009.93,23.0,5.4
2004-11-27,3,81.07892617911607,68.13275475523389,21.8,19.8,22.93,24.4,25.8,2.599999999999998,6.0,72.0,79.33,86.0,0.2,1008.93,14.0,3.8520000000000003
2004-11-28,8,90.81602744247617,70.04693567164043,21.2,20.0,23.07,25.0,28.1,3.8000000000000007,8.100000000000001,75.0,82.0,89.0,0.0,1008.37,3.0,1.332
2004-11-29,6,86.3924063588037,65.05803559219619,21.5,19.0,23.7,26.4,27.6,4.899999999999999,8.600000000000001,62.0,72.67,84.0,0.0,1012.0,13.67,8.028
2004-11-30,8,82.60971910714386,59.22083818642802,20.4,16.7,22.7,26.4,26.6,6.0,9.900000000000002,52.0,68.67,82.0,0.0,1014.67,12.33,9.72
2004-12-01,4,89.1454511390592,61.36916035661018,20.0,17.8,24.07,28.2,29.1,8.2,11.3,50.0,63.33,76.0,0.0,1016.17,12.33,11.988000000000001
2004-12-02,5,94.06703823673615,63.90378412274062,20.8,18.7,25.4,30.4,30.6,9.599999999999998,11.900000000000002,52.0,62.0,75.0,0.0,1016.57,7.67,10.08
2004-12-03,6,101.74042485186214,64.8630473908459,22.8,19.0,27.03,32.8,33.6,9.999999999999996,14.600000000000001,34.0,53.67,73.0,0.0,1012.3,8.0,8.892000000000001
2004-12-04,9,105.88819319086689,72.21952940518685,24.4,22.0,27.47,31.0,33.2,6.600000000000001,11.200000000000003,53.0,62.67,75.0,0.0,1010.67,24.33,7.2
2004-12-05,11,86.54677187785602,69.34079734601285,23.0,20.8,24.7,26.7,27.4,3.6999999999999993,6.599999999999998,66.0,77.0,85.0,0.3,1014.17,13.67,7.668
2004-12-06,13,85.12844621484297,71.78358893222327,21.7,21.4,22.97,25.2,26.6,3.5,5.200000000000003,84.0,88.67,96.0,11.600000000000001,1010.7,15.33,3.492
2004-12-07,8,90.14610004043229,69.86754004452513,22.8,21.2,24.53,27.2,27.9,4.399999999999999,6.699999999999999,71.0,83.0,90.0,0.0,1010.1,13.67,10.08
2004-12-08,5,85.61065312515004,68.91923948994352,22.3,20.6,23.33,25.3,26.8,3.0,6.199999999999999,74.0,85.67,92.0,0.8,1009.1,13.67,7.452
2004-12-09,6,76.12414198356339,62.71783871833821,20.6,18.0,21.83,22.5,24.0,1.8999999999999986,6.0,73.0,77.67,86.0,0.2,1012.8,16.67,8.028
2004-12-10,8,77.629401224712,60.73530978801857,18.2,17.5,20.8,23.2,24.6,5.0,7.100000000000001,66.0,76.67,94.0,2.4000000000000004,1015.9,13.67,11.520000000000001
2004-12-11,5,78.75923856000014,57.173995588725575,19.4,16.0,21.93,24.0,25.0,4.600000000000001,9.0,53.0,58.0,64.0,0.0,1018.17,10.67,11.268
2004-12-12,5,84.59163556775673,60.48199788019203,19.2,17.0,22.93,26.0,27.4,6.800000000000001,10.399999999999999,58.0,66.67,79.0,0.0,1016.1,9.0,7.668
2004-12-13,9,89.48355675950665,59.10041573990778,20.0,16.0,23.7,28.9,29.2,8.899999999999999,13.2,43.0,63.33,76.0,0.0,1014.37,16.67,5.148
2004-12-14,5,90.87680129942785,59.44422160654417,21.3,16.9,24.4,28.6,29.6,7.300000000000001,12.700000000000003,53.0,63.33,73.0,0.0,1015.67,10.67,10.8
2004-12-15,4,113.51521674083219,66.20352309697836,21.4,19.2,27.37,34.2,34.6,12.800000000000004,15.400000000000002,49.0,63.0,77.0,0.0,1011.23,10.67,5.508
2004-12-16,2,99.67763168879998,73.97145965824004,25.4,22.4,27.63,31.0,31.0,5.600000000000001,8.600000000000001,60.0,70.0,77.0,2.2,1007.4,28.67,3.492
2004-12-17,8,84.82467026333427,60.54660375912346,22.4,17.0,24.2,27.2,27.5,4.800000000000001,10.5,53.0,66.33,82.0,5.2,1014.37,12.33,7.452
2004-12-18,4,98.11376646745616,61.287144710641435,20.3,17.3,25.03,30.8,31.6,10.5,14.3,48.0,62.0,73.0,0.0,1013.4,12.33,7.308
2004-12-19,5,103.60244138482538,63.14816861331215,21.6,18.5,24.53,26.6,32.2,5.0,13.700000000000003,62.0,66.67,75.0,8.0,1009.27,27.33,11.520000000000001
2004-12-20,10,88.88832634499215,66.27925036012525,20.4,19.6,23.03,26.7,27.8,6.300000000000001,8.2,62.0,80.0,94.0,3.0,1011.27,27.33,8.892000000000001
2004-12-21,1,79.55824327809017,57.393199209680546,21.0,16.3,22.7,24.5,25.6,3.5,9.3,43.0,55.67,70.0,0.0,1018.37,13.67,13.68
2004-12-22,5,78.79163895021406,59.22082656275185,19.2,17.0,21.4,24.2,25.0,5.0,8.0,49.0,61.67,69.0,0.0,1018.87,12.33,13.068
2004-12-23,9,80.68895098849777,58.257886257276205,19.2,17.0,22.33,25.6,26.0,6.400000000000002,9.0,55.0,63.33,70.0,0.0,1016.67,9.33,19.08
2004-12-24,4,91.04760981326399,62.59011420971881,19.6,18.0,24.17,28.3,29.3,8.7,11.3,56.0,67.0,79.0,0.0,1011.8,10.67,8.532
2004-12-25,5,106.5611530867265,65.2344930457284,22.0,19.0,26.7,32.8,33.1,10.799999999999997,14.100000000000001,45.0,64.33,80.0,0.0,1006.8,15.33,7.308
2004-12-26,4,83.45780437062291,66.92479381995717,23.4,20.0,26.3,28.3,28.4,4.900000000000002,8.399999999999999,42.0,46.67,54.0,0.0,1009.27,30.33,10.548
2004-12-28,10,91.23550358068391,62.43339610439662,22.4,17.7,25.37,29.4,29.8,7.0,12.100000000000001,48.0,62.33,71.0,0.0,1013.17,9.0,6.588
2004-12-29,4,101.39722901105422,65.77345462359054,21.6,18.8,26.0,31.2,32.0,9.599999999999998,13.2,52.0,64.67,75.0,0.0,1013.67,15.33,4.212
2004-12-30,5,120.07052716796808,69.48648887065957,23.0,21.1,28.0,35.4,35.4,12.399999999999999,14.299999999999997,40.0,65.0,83.0,0.0,1010.63,27.33,11.052
2004-12-31,6,98.37294959544639,68.19340707666683,23.1,20.0,26.1,30.6,30.8,7.5,10.8,51.0,69.33,84.0,0.0,1014.67,12.33,4.932
2005-01-01,6,97.36180173362692,69.35192104284906,24.2,21.0,26.9,30.7,30.8,6.5,9.8,50.0,67.33,80.0,0.0,1017.23,13.67,10.332
2005-01-02,8,119.35248615869993,69.9041733241342,24.4,21.3,28.07,33.6,34.5,9.200000000000003,13.2,54.0,70.0,80.0,0.0,1013.47,10.67,11.520000000000001
2005-01-03,6,85.99110554041393,75.81792068097538,24.2,23.4,25.57,26.4,27.0,2.1999999999999993,3.6000000000000014,77.0,82.67,90.0,6.0,1012.6,10.67,5.04
2005-01-04,1,109.97488009997349,73.16191212989179,23.6,22.3,27.7,32.0,32.6,8.399999999999999,10.3,58.0,72.67,92.0,0.7,1008.97,10.67,5.867999999999999
2005-01-05,5,105.0603308080742,72.09629208237075,25.0,22.0,27.17,31.2,31.5,6.199999999999999,9.5,63.0,74.67,82.0,0.0,1007.7,10.67,7.920000000000001
2005-01-06,8,117.14121601903668,75.99713609935588,25.7,23.5,28.97,34.0,34.4,8.3,10.899999999999999,50.0,68.33,81.0,0.0,1008.73,7.67,5.292
2005-01-07,5,120.50601462766978,72.7469376088431,26.0,22.2,29.4,35.0,35.2,9.0,13.000000000000004,47.0,66.67,79.0,0.0,1010.8,15.33,6.84
2005-01-08,4,125.92971801575267,75.22557402683188,25.4,23.0,29.77,35.6,35.6,10.200000000000003,12.600000000000001,54.0,69.33,84.0,0.0,1010.23,10.67,3.708
2005-01-09,9,143.41522098092832,77.11052076475325,26.3,24.0,31.43,38.6,39.2,12.3,15.200000000000003,35.0,63.0,84.0,0.0,1010.97,19.67,5.4
2005-01-10,10,109.20065678174409,69.51392421147922,24.7,20.8,27.1,31.6,31.7,6.900000000000002,10.899999999999999,60.0,79.0,92.0,5.7,1008.6,15.0,6.84
2005-01-11,6,103.59069432344633,76.87131412888348,25.0,24.0,27.97,31.7,31.7,6.699999999999999,7.699999999999999,55.0,70.67,86.0,0.0,1012.27,10.67,7.092
2005-01-12,7,108.152381584192,72.55600447414409,24.3,22.0,28.23,33.0,33.6,8.7,11.600000000000001,45.0,63.0,82.0,0.0,1012.0,10.67,5.508
2005-01-13,3,107.669544863712,66.07295644357379,24.6,19.5,27.67,32.4,33.8,7.799999999999997,14.299999999999997,40.0,61.0,73.0,0.0,1010.4,19.67,8.748000000000001
2005-01-15,6,86.04878552080007,74.75822884755496,23.8,23.0,25.4,27.0,27.0,3.1999999999999993,4.0,68.0,83.0,92.0,12.0,1006.13,13.67,5.867999999999999
2005-01-16,5,85.91016694729862,64.65869705576786,23.6,18.9,25.27,27.6,28.0,4.0,9.100000000000001,43.0,64.33,92.0,4.300000000000001,1010.47,21.33,8.748000000000001
2005-01-17,3,90.63551793580802,57.48388841778442,21.6,15.0,24.8,30.4,30.4,8.799999999999997,15.399999999999999,36.0,55.0,66.0,0.0,1011.37,10.67,3.9600000000000004
2005-01-18,5,98.74785718441618,64.16413648623296,22.0,18.0,25.6,31.8,32.4,9.8,14.399999999999999,30.0,57.0,71.0,0.0,1009.5,10.67,3.8520000000000003
2005-01-19,7,101.04892253677649,68.37835669503387,24.2,20.4,26.8,31.3,31.8,7.100000000000001,11.400000000000002,47.0,65.67,77.0,0.0,1009.07,12.33,7.812
2005-01-20,5,97.64579239473046,64.31114512243312,23.0,19.0,24.93,28.0,30.5,5.0,11.5,58.0,70.67,80.0,0.0,1007.9,18.33,11.772
2005-01-21,9,86.55179783279993,60.821879960516355,21.8,17.0,24.6,28.8,29.0,7.0,12.0,42.0,55.0,65.0,0.0,1012.1,13.67,6.588
2005-01-22,5,108.62573931069416,61.78182063730488,21.4,17.1,26.4,34.2,34.4,12.800000000000004,17.299999999999997,46.0,58.33,65.0,0.0,1012.47,11.0,4.680000000000001
2005-01-23,8,112.71626885960701,70.1973239399459,25.0,21.0,28.2,33.6,34.2,8.600000000000001,13.200000000000003,36.0,64.67,80.0,0.0,1011.4,12.33,5.867999999999999
2005-01-24,6,100.20515304949896,75.16071794997337,25.3,23.0,26.77,29.4,30.6,4.099999999999998,7.600000000000001,62.0,74.67,82.0,0.0,1009.3,18.0,3.9600000000000004
2005-01-25,1,82.12741039090498,67.6129206213212,24.8,20.4,25.9,26.6,26.6,1.8000000000000007,6.200000000000003,52.0,64.33,78.0,0.1,1008.37,21.0,12.348
2005-01-26,5,81.46127829519997,55.895139464223405,20.6,15.0,22.73,26.6,27.0,6.0,12.0,34.0,51.0,62.0,0.0,1017.73,21.33,7.452
2005-01-27,4,88.2302005656966,55.11079149088541,20.9,14.5,24.5,29.8,30.2,8.900000000000002,15.7,39.0,49.33,56.0,0.0,1019.5,10.67,6.48
2005-01-28,8,97.32101570991034,66.65367352218723,22.4,19.6,26.17,31.4,32.0,9.0,12.399999999999999,43.0,57.33,69.0,0.0,1015.4,13.67,7.2
2005-01-29,5,114.4360601975319,73.45957868748731,24.2,22.0,27.93,33.8,34.3,9.599999999999998,12.299999999999997,47.0,66.0,79.0,0.0,1011.6,16.67,2.52
2005-01-30,4,118.64984510080001,73.90666164622755,27.2,22.4,30.2,34.6,36.0,7.400000000000002,13.600000000000001,48.0,60.0,74.0,0.0,1009.43,10.67,3.708
2005-01-31,14,121.57796837862566,77.05482059905076,26.2,24.0,30.33,36.4,36.8,10.2,12.799999999999997,38.0,58.33,78.0,0.0,1010.87,19.67,5.760000000000001
2005-02-01,7,85.71483192424543,67.36202058301127,21.4,19.8,23.33,26.8,26.8,5.400000000000002,7.0,78.0,86.33,91.0,2.1,1013.6,18.33,6.228
2005-02-02,4,71.77692380226557,64.29007301626814,19.1,18.3,20.67,22.5,22.7,3.3999999999999986,4.399999999999999,73.0,85.33,96.0,11.3,1018.8,12.33,5.148
2005-02-03,7,73.11251805075231,62.618985494259135,18.5,17.8,19.83,21.6,23.2,3.1000000000000014,5.399999999999999,71.0,84.67,95.0,3.8000000000000003,1020.6,10.67,6.732
2005-02-04,4,93.84463027470154,63.85251231649291,18.8,18.5,23.93,29.1,29.5,10.3,11.0,58.0,72.33,88.0,1.6,1020.1,14.0,8.172
2005-02-05,4,100.49031448578177,70.00230272602117,22.6,21.3,26.67,30.9,31.6,8.299999999999997,10.3,52.0,66.33,80.0,0.0,1018.43,14.0,10.8
2005-02-06,7,105.02438504269885,66.50863651138661,23.2,19.8,27.43,33.4,33.6,10.2,13.8,40.0,58.67,75.0,0.0,1017.43,9.33,10.188
2005-02-07,6,98.78916265987753,64.84987882578474,23.8,18.9,27.33,33.2,33.3,9.400000000000002,14.399999999999999,36.0,50.67,69.0,0.0,1012.97,12.33,7.920000000000001
2005-02-08,5,100.69055038616415,66.0211759579846,23.0,19.5,26.53,31.8,33.2,8.8,13.700000000000003,42.0,54.67,69.0,0.0,1014.53,9.0,9.0
2005-02-09,7,105.41792529385577,67.03309314932714,23.9,19.5,27.23,33.0,34.4,9.100000000000001,14.899999999999999,38.0,54.0,67.0,0.0,1014.77,13.67,5.04
2005-02-10,8,109.96074985613586,74.91254847507487,24.7,22.9,28.47,33.7,34.3,9.000000000000004,11.399999999999999,42.0,60.67,80.0,0.3,1009.53,7.67,4.068
2005-02-11,9,89.36671205226347,71.7361030214808,23.0,21.6,25.6,27.4,28.9,4.399999999999999,7.299999999999997,52.0,66.33,82.0,2.5999999999999996,1006.7,16.0,5.148
2005-02-12,5,91.19510728572557,69.25284027133878,21.5,20.4,23.37,26.0,28.4,4.5,8.0,67.0,78.67,89.0,4.5,1007.37,24.33,4.428
2005-02-13,6,96.57970677596805,69.1040925619761,22.5,20.3,24.4,26.6,29.4,4.100000000000001,9.099999999999998,74.0,80.0,86.0,0.9,1011.0,12.33,4.212
2005-02-14,5,89.01451956063008,68.77560515903582,23.6,20.7,25.5,28.2,28.8,4.599999999999998,8.100000000000001,48.0,66.33,80.0,0.3,1014.13,17.0,9.468
2005-02-15,2,88.34646573759977,67.9234003353519,22.3,20.1,24.07,27.3,28.5,5.0,8.399999999999999,50.0,67.67,77.0,1.1,1009.27,14.0,6.732
2005-02-16,5,93.54921780371217,69.05206515471296,22.8,20.6,24.93,28.8,29.2,6.0,8.599999999999998,57.0,75.0,87.0,0.3,1011.03,15.33,6.84
2005-02-17,4,99.28506372660424,67.2912269867285,22.4,19.9,25.43,29.0,30.7,6.600000000000001,10.8,64.0,72.0,76.0,0.0,1010.87,14.0,7.452
2005-02-18,5,104.71182441596815,75.66458322310444,24.6,23.3,26.87,30.8,31.4,6.199999999999999,8.099999999999998,59.0,75.0,85.0,0.0,1012.7,14.0,4.680000000000001
2005-02-19,5,114.77027652991418,75.17133602856238,24.7,23.2,28.03,33.1,33.3,8.400000000000002,10.099999999999998,56.0,73.33,83.0,0.0,1013.17,20.0,6.12
2005-02-20,6,109.29591808007608,74.1497967047751,25.0,22.9,27.33,31.4,32.4,6.399999999999999,9.5,54.0,73.33,84.0,0.0,1013.8,10.67,8.28
2005-02-21,10,100.4925893681923,69.26807560781936,24.0,20.9,26.37,30.7,31.4,6.699999999999999,10.5,51.0,68.0,80.0,0.0,1012.23,10.67,9.360000000000001
2005-02-22,5,106.02782587750038,72.24088175602444,24.0,21.8,26.83,32.4,32.5,8.399999999999999,10.7,44.0,68.0,82.0,0.0,1009.3,10.67,4.932
2005-02-23,4,104.62906308310012,75.12066211475928,24.9,23.1,27.13,30.6,31.5,5.700000000000003,8.399999999999999,58.0,74.0,85.0,0.0,1014.93,4.67,5.148
2005-02-24,6,112.90317054819896,72.97786713722621,24.6,22.3,27.63,32.4,33.0,7.799999999999997,10.7,55.0,73.33,84.0,0.0,1013.33,17.0,6.84
2005-02-25,7,95.41029177614486,75.47976472679159,24.9,23.3,26.23,28.8,29.2,3.900000000000002,5.899999999999999,63.0,79.67,89.0,1.5,1011.23,25.67,5.652
2005-02-26,8,94.01902696948055,74.2078728460664,23.1,22.3,25.93,27.7,29.0,4.599999999999998,6.699999999999999,67.0,78.67,93.0,10.1,1006.57,18.33,2.2680000000000002
2005-02-27,5,103.17173895409215,68.84230527426786,22.9,19.9,25.67,30.6,31.7,7.700000000000003,11.8,52.0,70.0,85.0,0.6,1006.57,12.33,2.7720000000000002
2005-02-28,6,104.46571646636824,68.17450268088899,24.4,20.1,26.73,31.0,32.2,6.600000000000001,12.100000000000001,47.0,68.0,81.0,0.0,1013.67,11.0,5.760000000000001
2005-03-01,4,84.48594986051211,69.87324199709298,23.1,20.5,24.87,27.7,27.8,4.599999999999998,7.300000000000001,37.0,60.0,72.0,5.2,1018.4,17.0,3.3480000000000003
2005-03-02,4,85.27847225241064,59.262734667252595,20.8,16.1,23.17,27.4,28.0,6.599999999999998,11.899999999999999,44.0,61.33,71.0,0.0,1019.6,23.0,5.292
2005-03-03,7,86.54638535713755,61.853386517333185,20.8,18.0,23.93,28.0,28.5,7.199999999999999,10.5,44.0,60.67,70.0,0.0,1019.57,12.33,11.988000000000001
2005-03-04,2,94.57916281468829,65.24900574153503,22.1,18.8,25.77,30.6,31.2,8.5,12.399999999999999,44.0,58.0,70.0,0.0,1019.1,12.33,5.652
2005-03-05,5,104.31793118761611,65.14452391483456,23.0,19.0,26.87,33.3,33.4,10.299999999999997,14.399999999999999,38.0,59.0,78.0,0.0,1018.13,13.67,7.668
2005-03-06,2,113.67681616732206,69.00234589505754,23.8,20.0,27.73,34.6,35.0,10.8,15.0,31.0,60.67,79.0,0.0,1015.23,6.33,2.8800000000000003
2005-03-07,3,123.24768675927974,70.31520488064243,24.6,21.0,29.17,36.9,36.9,12.299999999999997,15.899999999999999,35.0,59.33,74.0,0.0,1011.97,10.67,5.4
2005-03-08,5,119.79840043984554,70.33388440062136,26.4,21.3,30.57,37.4,37.8,11.0,16.499999999999996,31.0,51.33,71.0,0.0,1010.17,26.0,8.64
2005-03-09,6,96.16671481380479,73.88627813117448,23.4,22.2,26.53,30.6,30.6,7.200000000000003,8.400000000000002,47.0,66.67,89.0,1.0,1013.0,14.0,2.52
2005-03-10,6,106.18334384280004,68.43796497429899,22.2,20.0,26.37,32.7,33.5,10.500000000000004,13.5,42.0,61.0,71.0,0.0,1010.67,18.33,4.212
2005-03-11,11,110.91347049470662,71.78358893222327,25.5,21.4,28.67,34.6,34.8,9.100000000000001,13.399999999999999,34.0,58.67,75.0,0.0,1010.2,23.0,3.492
2005-03-12,6,86.33510190268828,72.84893846770649,24.4,22.0,26.67,28.2,28.4,3.8000000000000007,6.399999999999999,52.0,61.0,78.0,0.0,1011.17,9.33,4.32
2005-03-13,14,77.98915389470412,68.62018881907156,22.1,20.6,23.03,24.0,24.9,1.8999999999999986,4.299999999999997,78.0,86.33,95.0,60.5,1008.37,12.33,9.0
2005-03-14,5,90.097978037248,74.22814997586252,22.4,22.0,24.47,27.6,28.2,5.200000000000003,6.199999999999999,53.0,78.0,91.0,5.5,1004.3,12.33,1.1880000000000002
2005-03-15,7,90.24553321897629,68.19340707666683,20.6,20.0,22.7,25.0,27.6,4.399999999999999,7.600000000000001,82.0,89.0,97.0,1.2,1005.6,22.67,4.932
2005-03-16,6,89.18626883017642,74.63184161537134,22.8,22.2,23.77,25.1,27.4,2.3000000000000007,5.199999999999999,82.0,89.0,94.0,6.0,1009.5,10.67,1.1880000000000002
2005-03-17,7,103.59345908048158,71.26798399505412,22.6,20.6,25.6,30.0,30.7,7.399999999999999,10.099999999999998,59.0,79.67,93.0,0.0,1012.73,15.33,1.332
2005-03-18,2,110.09109946387208,68.57371234067844,23.3,20.0,26.33,31.8,32.2,8.5,12.200000000000003,52.0,76.0,90.0,0.0,1011.67,15.33,3.8520000000000003
2005-03-19,5,83.34206087070706,68.67512841423354,21.8,20.4,24.17,26.5,26.7,4.699999999999999,6.300000000000001,61.0,72.33,82.0,5.7,1013.73,10.67,6.48
2005-03-20,4,96.54011135337304,65.11391244219887,20.4,18.4,24.3,29.9,30.4,9.5,12.0,57.0,69.33,76.0,0.0,1013.2,15.33,3.708
2005-03-21,10,128.56390723591906,69.23514871884528,23.6,20.3,27.77,35.2,35.6,11.600000000000001,15.3,47.0,71.67,86.0,0.0,1010.6,12.33,3.8520000000000003
2005-03-22,8,83.01711526019189,68.30103110511862,21.8,20.5,23.47,26.4,26.4,4.599999999999998,5.899999999999999,71.0,78.0,87.0,6.6,1015.3,18.33,9.468
2005-03-23,6,67.92586163548808,63.79706036750159,18.2,18.0,19.37,20.9,21.2,2.6999999999999993,3.1999999999999993,75.0,88.0,97.0,41.199999999999996,1021.4,14.0,4.680000000000001
2005-03-24,5,79.17160773561872,59.70887180388479,19.0,16.5,21.8,25.1,25.2,6.100000000000001,8.7,62.0,80.33,96.0,1.9000000000000001,1021.43,14.0,6.48
2005-03-25,10,85.18346285753431,61.959348559010216,20.1,17.0,22.73,27.1,27.2,7.0,10.2,58.0,73.67,84.0,0.0,1020.27,7.67,3.8520000000000003
2005-03-26,7,91.94319977220447,64.54190866378636,21.2,18.0,24.23,29.1,29.2,7.900000000000002,11.2,52.0,70.67,80.0,0.0,1017.9,4.67,3.132
2005-03-27,6,97.90805408599135,61.8929107339016,22.0,17.3,24.8,30.4,30.7,8.399999999999999,13.399999999999999,48.0,69.33,84.0,0.0,1016.27,16.67,5.508
2005-03-28,10,102.04318151632357,67.86841130954085,22.5,19.5,25.67,31.3,31.4,8.8,11.899999999999999,49.0,70.67,86.0,0.0,1015.93,10.67,2.988
2005-03-29,7,105.80248811155202,69.28561302923696,23.0,20.5,26.37,31.4,32.2,8.399999999999999,11.700000000000003,56.0,70.0,85.0,0.0,1012.1,26.0,5.04
2005-03-30,16,84.03706404112195,70.65341443070682,22.0,21.2,23.6,24.8,26.4,2.8000000000000007,5.199999999999999,78.0,87.33,92.0,6.5,1016.57,7.67,5.867999999999999
2005-03-31,6,78.26346565167711,67.53276112000222,21.9,20.5,22.4,23.3,24.9,1.4000000000000021,4.399999999999999,77.0,80.33,86.0,0.0,1017.0,15.33,14.868
2005-04-01,7,80.72508360889604,68.64312648548432,21.2,20.2,21.67,22.6,25.6,1.4000000000000021,5.400000000000002,84.0,92.0,96.0,93.4,1013.7,16.67,4.932
2005-04-02,6,79.03439560882981,71.76723742579016,21.5,20.5,22.77,24.8,25.2,3.3000000000000007,4.699999999999999,79.0,88.33,94.0,0.3,1010.8,18.0,0.7200000000000001
2005-04-03,9,73.5973059529629,67.25398788919296,18.4,18.4,21.1,22.6,23.2,4.200000000000003,4.800000000000001,66.0,82.33,93.0,4.3,1014.83,18.0,0.9720000000000001
2005-04-04,2,76.01596094393706,54.8404393444051,17.0,14.0,19.6,23.0,23.0,6.0,9.0,47.0,65.33,84.0,0.0,1020.6,18.0,4.680000000000001
2005-04-05,5,83.74316445615803,50.58543283722703,16.2,12.4,20.47,26.6,27.0,10.400000000000002,14.6,52.0,68.67,81.0,0.0,1020.03,16.67,5.867999999999999
2005-04-06,4,112.56528611313855,69.85333670614989,21.0,20.0,25.23,31.9,32.9,10.899999999999999,12.899999999999999,59.0,73.67,82.0,0.0,1016.47,6.0,1.548
2005-04-07,5,128.6850657179453,72.46916529690823,22.6,22.2,27.57,34.6,35.3,12.0,13.099999999999998,49.0,73.67,90.0,0.3,1010.6,25.67,8.532
2005-04-08,5,109.05220717112105,68.88074703420038,20.4,20.0,24.73,31.6,31.6,11.200000000000003,11.600000000000001,61.0,79.67,94.0,20.2,1013.43,13.67,3.132
2005-04-09,5,83.3565482077921,68.04818633991934,21.0,19.8,23.0,26.0,26.3,5.0,6.5,74.0,85.0,93.0,0.1,1018.2,17.0,4.068
2005-04-10,5,86.88821637393387,71.41680076208567,22.0,20.4,23.47,25.8,27.0,3.8000000000000007,6.600000000000001,80.0,87.67,93.0,0.0,1013.93,3.0,0.8280000000000001
2005-04-11,9,134.09524048632835,70.03329235140984,23.6,20.6,27.67,35.0,35.6,11.399999999999999,15.0,50.0,76.33,93.0,0.0,1009.03,10.67,3.492
2005-04-12,7,74.92116129760022,67.78865961549059,21.3,20.1,22.5,24.0,24.0,2.6999999999999993,3.8999999999999986,80.0,87.0,95.0,7.1,1016.97,12.33,7.308
2005-04-13,3,66.40517387345511,65.22248136505316,19.8,19.3,20.1,20.4,21.0,0.5999999999999979,1.6999999999999993,89.0,90.67,92.0,0.5,1020.33,12.33,10.692
2005-04-14,4,88.87422037901999,69.33984585231073,20.8,20.0,23.0,25.0,27.4,4.199999999999999,7.399999999999999,87.0,87.67,89.0,1.9000000000000001,1013.23,10.67,2.2680000000000002
2005-04-15,9,75.9732830736001,62.741249071633995,19.4,18.5,21.83,23.8,24.0,4.400000000000002,5.5,66.0,79.0,91.0,7.0,1012.07,21.33,13.932
2005-04-16,7,79.2071509196939,58.43098662384184,18.0,16.3,20.63,24.6,25.2,6.600000000000001,8.899999999999999,60.0,75.67,87.0,0.0,1017.07,25.67,9.107999999999999
2005-04-17,4,77.98695678035214,55.58237826126209,16.2,13.5,19.93,24.6,24.8,8.400000000000002,11.3,58.0,80.0,98.0,0.0,1019.5,10.67,2.2680000000000002
2005-04-18,5,86.53157968534414,55.99555639162358,17.2,13.5,20.77,27.5,27.7,10.3,14.2,53.0,71.67,83.0,0.0,1015.83,6.0,1.9080000000000001
2005-04-19,5,69.64876551985746,65.00128857127672,18.7,18.0,20.73,21.9,22.2,3.1999999999999993,4.199999999999999,84.0,88.67,96.0,0.0,1013.27,9.0,2.4120000000000004
2005-04-20,2,79.10320937827201,62.09594466032859,19.0,17.0,21.13,24.8,25.2,5.800000000000001,8.2,68.0,85.0,94.0,0.0,1015.17,19.67,3.6
2005-04-21,2,79.12603090005102,64.34482846376622,19.0,18.0,21.33,24.4,25.2,5.399999999999999,7.199999999999999,66.0,83.67,94.0,2.8000000000000003,1017.7,9.33,3.492
2005-04-22,4,76.76534274753024,59.0447252087762,16.5,14.9,19.93,23.6,24.4,7.100000000000001,9.499999999999998,65.0,81.33,97.0,0.0,1016.37,6.0,1.8
2005-04-23,6,83.051956732788,59.12953131275855,15.4,15.0,19.47,25.2,26.4,9.799999999999999,11.399999999999999,53.0,78.33,98.0,0.0,1016.5,16.67,1.9080000000000001
2005-04-24,2,72.33723964182381,57.148398856009976,16.2,13.0,19.0,21.8,22.8,5.600000000000001,9.8,77.0,84.0,91.0,0.0,1014.03,7.67,0.7200000000000001
2005-04-25,7,66.23029680385216,47.25414011205556,11.1,11.0,14.8,19.9,19.9,8.799999999999999,8.899999999999999,86.0,88.0,92.0,0.7,1018.87,16.67,6.12
2005-04-26,6,65.44603923148297,53.91446433274129,13.6,13.0,15.57,18.6,19.4,5.000000000000002,6.399999999999999,79.0,88.67,98.0,7.2,1024.57,19.67,2.8800000000000003
2005-04-27,2,70.24352164289196,50.42823448298928,14.5,11.0,16.6,19.5,20.3,5.0,9.3,74.0,80.0,85.0,0.0,1023.27,13.67,2.16
2005-04-28,7,74.04704300080019,54.562613397364395,16.0,13.6,18.03,21.7,23.0,5.699999999999999,9.4,67.0,78.0,85.0,0.0,1019.1,6.0,3.708
2005-04-29,10,72.33723964182381,52.724122042797816,14.2,12.4,17.33,21.8,22.8,7.600000000000001,10.4,69.0,84.0,98.0,0.0,1020.33,13.67,2.7720000000000002
2005-04-30,5,72.42403372281603,54.422970982402504,14.0,12.5,17.47,22.2,22.6,8.2,10.100000000000001,55.0,82.0,99.0,0.0,1023.6,13.67,1.548
2005-05-01,6,74.96199870793623,49.69099216045332,12.8,10.2,17.03,23.1,23.4,10.3,13.2,53.0,77.0,97.0,0.0,1024.73,3.0,1.548
2005-05-02,2,79.20957463763185,53.583758481809554,15.4,12.8,19.0,24.8,25.2,9.4,12.399999999999999,48.0,75.0,91.0,0.0,1022.93,10.67,2.7720000000000002
2005-05-03,5,81.06768432072047,53.06468103473718,16.0,13.0,19.63,24.9,25.9,8.899999999999999,12.899999999999999,54.0,73.33,86.0,0.0,1020.73,7.67,3.9600000000000004
2005-05-04,5,87.68425980639996,57.509044127151995,17.6,14.0,21.27,27.2,28.0,9.599999999999998,14.0,50.0,72.0,85.0,0.0,1019.4,12.0,1.548
2005-05-05,7,89.00035196073453,59.56642622365163,19.4,15.0,22.4,27.2,28.4,7.800000000000001,13.399999999999999,56.0,71.33,80.0,0.0,1018.2,16.67,1.548
2005-05-06,8,76.09364447866793,64.101453155506,20.2,16.0,21.63,23.5,23.9,3.3000000000000007,7.899999999999999,74.0,76.0,78.0,0.0,1017.6,6.0,0.36000000000000004
2005-05-07,8,64.97711385187192,62.165189582484416,17.8,16.4,18.9,19.5,20.2,1.6999999999999993,3.8000000000000007,88.0,91.0,96.0,27.5,1018.27,6.0,1.8
2005-05-09,3,68.70462527426612,63.17118939657749,18.0,17.7,19.53,21.6,21.7,3.6000000000000014,4.0,84.0,88.33,96.0,27.4,1022.4,10.67,4.572
2005-05-10,12,75.38505226795642,61.004517977396695,17.1,16.7,19.93,23.1,24.2,6.0,7.5,73.0,88.33,98.0,24.0,1015.8,6.33,4.428
2005-05-11,2,67.9853889137112,65.73857251315059,19.2,18.0,19.67,20.0,21.6,0.8000000000000007,3.6000000000000014,83.0,89.67,94.0,9.6,1014.03,16.67,1.548
2005-05-12,5,70.17995763563218,61.848117314617575,19.2,17.0,20.03,21.3,22.9,2.1000000000000014,5.899999999999999,90.0,93.0,97.0,6.1000000000000005,1015.77,15.33,4.068
2005-05-13,10,104.76055414278058,65.38558568784325,19.8,18.5,23.37,30.2,30.4,10.399999999999999,11.899999999999999,59.0,84.67,98.0,5.8,1013.07,3.0,3.6
2005-05-14,7,105.11057679668278,66.15431718568647,19.6,18.0,24.47,30.8,31.1,11.2,13.100000000000001,56.0,78.33,91.0,0.0,1010.67,7.67,1.1880000000000002
2005-05-15,5,73.90663723339166,67.79595460965024,19.4,19.0,21.53,23.4,23.8,4.0,4.800000000000001,82.0,89.33,95.0,3.8,1013.1,16.67,1.548
2005-05-16,6,78.0725908963773,68.62739616451493,20.2,19.8,22.2,24.6,24.9,4.400000000000002,5.099999999999998,69.0,84.67,95.0,0.0,1010.83,7.67,2.7720000000000002
2005-05-17,12,66.86241977567909,61.906613515548955,16.8,16.0,19.13,20.6,21.0,3.8000000000000007,5.0,87.0,89.67,93.0,1.9000000000000001,1013.17,16.67,1.332
2005-05-18,5,63.65080346265603,64.62610708844846,18.2,18.0,19.0,19.6,20.4,1.4000000000000021,2.3999999999999986,88.0,94.0,97.0,24.1,1010.93,14.0,2.988
2005-05-19,1,80.20727628337393,63.107124185438494,19.0,17.8,21.1,25.2,25.5,6.199999999999999,7.699999999999999,69.0,85.67,95.0,6.699999999999999,1008.37,19.67,5.292
2005-05-20,11,70.80365300755197,64.94511275989275,18.6,17.0,19.73,22.0,22.6,3.3999999999999986,5.600000000000001,82.0,88.0,97.0,9.1,1007.17,18.0,0.7200000000000001
2005-05-21,5,76.49319813749534,47.69015866950458,12.4,12.4,15.7,18.2,18.2,5.799999999999999,5.799999999999999,38.0,64.33,92.0,1.8,1012.0,30.33,14.292000000000002
2005-05-22,4,81.78724745692799,37.17166294357242,8.8,7.6,12.23,15.2,15.8,6.399999999999999,8.200000000000001,45.0,58.0,72.0,0.0,1016.47,25.67,10.692
2005-05-23,14,74.05501772886393,39.28102347890371,7.5,5.5,12.63,18.8,19.8,11.3,14.3,45.0,69.0,93.0,0.0,1014.73,15.0,1.9080000000000001
2005-05-24,4,67.83931123739978,58.51545598492654,14.6,13.0,16.47,20.0,20.2,5.4,7.199999999999999,78.0,85.33,95.0,2.4,1011.5,4.67,0.36000000000000004
2005-05-25,8,67.47817932339024,50.734347457474826,13.0,12.8,16.0,18.0,18.6,5.0,5.800000000000001,64.0,84.67,97.0,0.9,1010.4,27.0,7.5600000000000005
2005-05-26,10,70.98938450099212,46.1934425964039,10.2,8.5,13.73,18.2,18.6,8.0,10.100000000000001,62.0,78.0,91.0,0.0,1020.1,25.67,1.548
2005-05-27,9,73.34254651762332,46.35483675569613,10.2,8.8,14.9,22.3,22.8,12.100000000000001,14.0,57.0,79.67,96.0,0.0,1021.7,15.0,1.8
2005-05-28,9,82.91208758857606,68.04557,12.3,11.1,18.1,25.8,26.4,13.5,15.299999999999999,52.0,77.0,96.0,0.0,1020.03,0.0,0.0
2005-05-29,6,88.18445425839992,55.45166203065233,14.8,13.0,20.2,27.2,28.0,12.399999999999999,15.0,54.0,74.0,91.0,0.0,1017.17,16.67,1.548
2005-05-30,7,77.6985904109411,64.13585898814246,19.6,17.0,19.73,20.0,24.8,0.3999999999999986,7.800000000000001,84.0,85.33,87.0,0.0,1020.3,16.67,1.1880000000000002
2005-05-31,12,77.5296648286081,63.870939901182,17.4,16.7,20.1,24.1,24.8,6.700000000000003,8.100000000000001,76.0,88.0,95.0,0.0,1022.13,3.0,0.9720000000000001
2005-06-01,9,94.67086885388797,61.62380832015127,17.5,16.0,21.77,28.0,28.8,10.5,12.8,58.0,83.0,96.0,0.0,1020.37,16.67,1.548
2005-06-02,11,94.1150668844433,64.46794836965452,18.2,17.0,23.23,29.1,29.1,10.900000000000002,12.100000000000001,53.0,77.67,94.0,0.0,1017.87,16.67,0.9720000000000001
2005-06-03,6,94.74147392183585,67.27786610770949,19.4,18.9,23.8,29.3,29.4,9.900000000000002,10.5,55.0,75.67,89.0,0.0,1017.1,12.0,1.9080000000000001
2005-06-04,5,93.02142174944278,67.53191847330675,22.0,19.5,24.6,28.6,29.4,6.600000000000001,9.899999999999999,59.0,71.33,79.0,0.0,1017.9,27.0,3.708
2005-06-05,5,91.01419698047421,65.21750133811707,19.3,18.5,23.77,28.2,28.6,8.899999999999999,10.100000000000001,59.0,75.33,90.0,0.0,1018.93,22.67,3.9600000000000004
2005-06-06,10,95.46192471244052,76.8833,19.4,19.0,23.27,28.4,29.0,9.0,10.0,64.0,82.33,95.0,0.0,1019.47,0.0,0.0
2005-06-07,11,88.71812577341323,64.94511275989275,18.2,17.0,22.67,27.4,27.8,9.2,10.8,56.0,79.33,97.0,0.0,1016.93,13.67,0.7200000000000001
2005-06-08,2,86.32105010066859,59.25275616702341,17.4,15.0,21.6,27.6,27.6,10.200000000000003,12.600000000000001,56.0,72.33,87.0,0.0,1016.93,28.67,1.8
2005-06-09,4,74.68578751716956,61.84564291107554,18.3,16.3,20.43,23.2,23.8,4.899999999999999,7.5,74.0,84.67,93.0,0.0,1019.27,4.67,1.9080000000000001
2005-06-10,11,77.6985904109411,57.80894448840542,15.5,14.5,19.37,24.0,24.8,8.5,10.3,69.0,85.33,95.0,0.0,1017.03,16.67,2.16
2005-06-11,8,87.86309300415938,67.56723792396727,19.4,18.7,22.43,27.5,27.6,8.100000000000001,8.900000000000002,59.0,79.33,90.0,0.1,1014.17,18.0,1.1880000000000002
2005-06-12,8,73.45745960690805,66.69369973691693,18.3,18.0,20.9,22.6,22.9,4.300000000000001,4.899999999999999,74.0,80.0,91.0,1.3,1014.7,12.0,0.8280000000000001
2005-06-13,3,62.61997373343257,62.65249936840112,16.8,16.5,17.73,18.4,19.4,1.5999999999999979,2.8999999999999986,91.0,93.33,95.0,2.4,1012.97,12.0,1.548
2005-06-14,7,66.46855013432607,57.116021550078166,16.6,16.0,18.07,19.0,19.2,2.3999999999999986,3.1999999999999993,83.0,86.67,92.0,12.8,1015.5,16.67,11.520000000000001
2005-06-15,6,71.48392066952036,59.239752433589125,17.0,16.5,19.2,22.4,22.8,5.399999999999999,6.300000000000001,77.0,87.33,96.0,1.6,1019.4,9.0,7.920000000000001
2005-06-16,9,67.76505218542823,62.792092595308254,18.0,17.0,19.47,21.4,21.8,3.3999999999999986,4.800000000000001,82.0,91.33,96.0,4.5,1017.4,16.67,2.52
2005-06-17,7,64.10614116528936,64.46794836965452,17.6,17.0,19.03,20.1,20.1,2.5,3.1000000000000014,89.0,92.33,96.0,0.1,1014.83,13.67,0.9720000000000001
2005-06-18,5,67.9997342304459,60.72603748557972,17.0,16.7,18.6,20.3,21.4,3.3000000000000007,4.699999999999999,79.0,88.67,95.0,0.0,1012.3,21.33,5.04
2005-06-19,10,66.89395004502374,59.09757733198068,15.0,14.0,16.33,18.4,18.4,3.3999999999999986,4.399999999999999,80.0,85.67,89.0,2.4,1013.67,16.67,0.7200000000000001
2005-06-20,11,76.89783832314654,43.24558331063531,10.4,10.0,12.97,14.3,14.9,3.9000000000000004,4.9,58.0,76.33,91.0,0.0,1019.83,24.33,9.828
2005-06-21,11,78.02431464051847,46.4237245039011,8.5,7.7,11.23,14.8,15.8,6.300000000000001,8.100000000000001,56.0,70.33,80.0,0.0,1027.8,9.0,0.8280000000000001
2005-06-22,3,75.42416426569604,44.67365660979757,9.0,6.6,10.93,14.6,15.4,5.6,8.8,52.0,77.0,97.0,0.0,1028.53,12.33,0.7200000000000001
2005-06-23,4,68.32865363324179,46.77711848926391,11.0,8.4,14.23,19.9,20.4,8.899999999999999,11.999999999999998,68.0,84.67,96.0,0.0,1024.4,13.67,1.1880000000000002
2005-06-24,5,68.40484251795559,47.26507305209667,10.8,9.5,14.63,18.9,19.6,8.099999999999998,10.100000000000001,67.0,83.33,96.0,0.0,1023.7,13.67,2.16
2005-06-25,11,69.03195782790394,47.98819340779032,10.2,9.0,14.43,20.3,20.8,10.100000000000001,11.8,65.0,84.0,97.0,0.0,1021.3,6.0,1.1880000000000002
2005-06-26,7,64.92085716327809,60.07216656996602,15.0,14.5,16.53,18.4,19.2,3.3999999999999986,4.699999999999999,84.0,89.33,95.0,8.8,1017.5,16.67,0.7200000000000001
2005-06-27,8,74.02263373838178,72.52037000000001,15.5,15.1,18.03,22.0,23.8,6.5,8.700000000000001,76.0,88.67,97.0,0.0,1014.03,0.0,0.0
2005-06-28,4,74.58108050829982,62.0213450459367,16.5,15.5,19.43,23.4,23.8,6.899999999999999,8.3,74.0,85.33,94.0,0.7,1014.6,21.0,0.7200000000000001
2005-06-29,4,77.79538033218446,64.13585898814246,17.4,17.0,20.6,24.8,24.8,7.400000000000002,7.800000000000001,68.0,83.67,96.0,0.0,1016.27,12.0,1.1880000000000002
2005-06-30,4,73.78697788931208,64.10802482674497,18.3,17.8,20.27,22.9,23.8,4.599999999999998,6.0,78.0,90.0,98.0,0.0,1018.37,3.0,3.132
2005-07-01,9,89.84856220640627,54.78028371865502,15.0,14.0,19.93,27.0,27.8,12.0,13.8,64.0,83.67,95.0,0.0,1017.67,18.0,4.788
2005-07-02,10,93.8761338014331,69.40720306834504,21.5,20.0,24.17,29.2,29.3,7.699999999999999,9.3,56.0,74.67,90.0,0.0,1012.83,33.0,2.16
2005-07-03,7,83.44559074726769,66.66579649490477,20.0,18.7,22.97,26.1,26.5,6.100000000000001,7.800000000000001,64.0,78.67,89.0,0.0,1011.17,12.33,2.16
2005-07-04,8,64.1896123424043,53.78315804540262,15.0,13.4,17.0,20.6,20.6,5.600000000000001,7.200000000000001,92.0,93.67,95.0,8.700000000000001,1015.17,17.0,4.212
2005-07-05,10,77.09263650483193,43.72645264390094,10.0,10.0,12.37,13.6,13.7,3.5999999999999996,3.6999999999999993,68.0,80.67,95.0,4.4,1023.87,22.67,8.64
2005-07-06,4,83.13196483693142,33.265941795316785,6.0,5.5,9.6,12.2,13.0,6.199999999999999,7.5,59.0,74.67,86.0,0.0,1030.47,27.0,8.388
2005-07-08,8,70.73046023045096,43.06234093730312,9.5,9.0,13.73,19.5,19.8,10.0,10.8,52.0,78.33,97.0,0.0,1034.03,7.67,5.508
2005-07-09,9,73.13957095753618,45.966714365225286,10.3,9.6,15.13,20.9,21.6,10.599999999999998,12.000000000000002,58.0,74.0,88.0,0.0,1031.67,6.0,3.492
2005-07-10,13,74.85627955336113,50.308206789403215,11.6,10.5,16.53,22.8,23.4,11.200000000000001,12.899999999999999,53.0,77.67,93.0,0.0,1028.3,16.67,1.548
2005-07-11,14,74.47336480036539,54.7914578712069,12.4,11.0,17.13,23.0,23.2,10.6,12.2,53.0,77.67,95.0,0.0,1026.17,6.0,0.36000000000000004
2005-07-12,13,74.53262553478213,50.51394499905317,11.2,10.6,17.2,23.0,23.2,11.8,12.6,57.0,77.33,97.0,0.0,1024.83,1.67,1.548
2005-07-13,7,81.61809424499388,52.03780288650785,13.4,12.5,18.33,25.2,26.0,11.799999999999999,13.5,55.0,77.33,94.0,0.0,1021.67,16.67,3.8520000000000003
2005-07-14,6,84.19211805226993,54.52411152348911,15.6,13.0,20.57,26.9,27.0,11.299999999999999,14.0,46.0,71.67,87.0,0.0,1019.33,19.67,2.2680000000000002
2005-07-15,7,82.86756148320211,57.45834954921871,16.3,14.5,20.87,26.6,26.8,10.3,12.3,49.0,66.33,81.0,0.0,1014.17,10.67,2.52
2005-07-16,8,71.16740512207299,65.07762299794541,18.0,17.8,20.3,21.8,21.8,3.8000000000000007,4.0,69.0,81.67,95.0,17.2,1007.4,9.33,1.8
2005-07-17,12,66.69817053260788,48.7340127910471,13.2,12.2,15.87,18.6,18.6,5.400000000000002,6.400000000000002,75.0,86.0,93.0,11.1,1010.7,29.0,9.107999999999999
2005-07-18,9,80.50558248159997,39.61644921045504,9.2,8.8,11.73,13.6,14.0,4.4,5.199999999999999,48.0,74.0,92.0,0.1,1018.97,28.67,11.879999999999999
2005-07-19,6,87.12955690720003,32.927794216365044,5.2,3.7,9.4,12.6,13.0,7.3999999999999995,9.3,56.0,66.0,84.0,0.0,1026.07,24.33,3.6
2005-07-20,5,71.83598222100898,37.66106654809656,4.4,1.8,9.67,17.6,18.2,13.200000000000001,16.4,48.0,76.67,97.0,0.0,1025.8,4.67,0.36000000000000004
2005-07-21,2,70.65890056360001,46.040062303965755,8.1,6.3,10.27,11.4,13.5,3.3000000000000007,7.2,83.0,89.0,95.0,3.9,1020.3,4.67,0.36000000000000004
2005-07-24,8,75.937107120905,37.3904825648337,7.2,6.5,10.77,15.1,15.8,7.8999999999999995,9.3,48.0,74.67,97.0,0.0,1021.9,27.0,5.508
2005-07-25,8,73.77062141519843,37.55205878948742,9.0,7.4,11.03,14.1,16.8,5.1,9.4,63.0,75.67,86.0,0.0,1020.6,19.67,8.748000000000001
2005-07-27,13,69.8189734279393,63.45890000000001,8.2,7.0,12.57,18.7,19.6,10.5,12.600000000000001,58.0,80.33,96.0,0.0,1025.03,0.0,0.0
2005-07-28,10,72.68972879500231,63.45890000000001,8.8,7.0,14.17,21.7,22.2,12.899999999999999,15.2,52.0,78.33,96.0,0.0,1021.67,0.0,0.0
2005-07-29,9,83.3944137669505,46.841862655631985,11.6,10.0,17.73,26.2,26.6,14.6,16.6,57.0,75.33,95.0,0.0,1019.7,9.33,3.492
2005-07-30,8,104.68308859708853,57.661372160926526,17.2,14.9,22.97,31.7,32.2,14.5,17.300000000000004,44.0,68.33,88.0,0.0,1015.87,16.67,3.3480000000000003
2005-07-31,7,95.77173381556645,65.38558568784325,20.2,18.5,25.1,31.3,31.6,11.100000000000001,13.100000000000001,34.0,57.33,69.0,0.0,1015.07,1.67,3.6
2005-08-01,9,93.26093410790301,63.080880206559804,18.9,17.0,24.5,30.4,30.8,11.5,13.8,44.0,58.33,73.0,0.0,1016.13,24.0,2.16
2005-08-02,8,93.44164081274297,57.879441265143775,17.2,15.0,23.5,30.3,30.4,13.100000000000001,15.399999999999999,39.0,62.33,81.0,0.0,1016.43,22.67,3.3480000000000003
2005-08-03,4,91.56444460404727,63.26624935242148,18.7,16.0,23.47,30.1,30.1,11.400000000000002,14.100000000000001,38.0,60.33,74.0,0.0,1017.2,10.67,0.6120000000000001
2005-08-04,9,94.54619948269615,63.54285343844806,18.4,15.7,23.07,30.2,30.8,11.8,15.100000000000001,39.0,61.33,75.0,0.0,1017.3,12.0,0.36000000000000004
2005-08-05,12,93.0905004242924,57.905891307892865,18.5,15.5,23.5,30.4,30.6,11.899999999999999,15.100000000000001,38.0,59.67,72.0,0.0,1017.07,22.67,5.292
2005-08-06,7,77.45699696425606,50.20903723067263,14.8,13.6,18.6,24.4,24.4,9.599999999999998,10.799999999999999,56.0,72.0,83.0,0.0,1018.87,21.33,16.308
2005-08-08,13,79.66326312160476,42.94704168150418,8.3,8.1,10.3,12.6,13.3,4.299999999999999,5.200000000000001,66.0,78.67,92.0,13.5,1030.2,19.67,3.24
2005-08-10,8,72.84061540271969,49.7712323158987,13.0,12.9,15.13,18.2,19.0,5.199999999999999,6.1,58.0,73.33,84.0,0.5,1027.2,16.67,11.052
2005-08-11,10,68.88911423038206,51.38064356152061,14.2,12.7,15.67,18.4,19.6,4.199999999999999,6.900000000000002,69.0,82.33,89.0,0.39999999999999997,1024.77,19.67,5.652
2005-08-12,12,70.53445867206521,51.934904158906896,13.6,12.6,15.67,19.0,19.4,5.4,6.799999999999999,63.0,78.67,87.0,0.0,1022.23,7.67,4.32
2005-08-13,6,74.7390005163067,49.683332087651564,11.6,10.4,15.47,22.2,23.8,10.6,13.4,62.0,84.33,98.0,0.1,1019.2,7.67,1.8
2005-08-14,8,84.7934023931484,53.39427993415269,13.0,12.0,18.33,25.6,26.8,12.600000000000001,14.8,55.0,80.33,97.0,0.1,1016.57,13.67,1.548
2005-08-15,6,78.88970129409601,55.716205464565526,16.7,14.2,19.63,22.6,25.1,5.900000000000002,10.900000000000002,68.0,79.0,93.0,0.0,1019.9,4.67,3.9600000000000004
2005-08-16,8,91.19510728572557,58.21879043091923,15.1,15.2,19.3,27.4,28.4,12.299999999999999,13.2,49.0,78.67,94.0,0.0,1017.73,10.67,3.492
2005-08-17,9,97.19486728298237,58.41844423694697,18.4,16.1,22.13,27.8,30.3,9.400000000000002,14.2,54.0,71.67,82.0,0.0,1012.37,12.33,7.5600000000000005
2005-08-18,9,65.57091492749998,56.10637833056657,15.0,14.8,16.1,17.5,17.5,2.5,2.6999999999999993,79.0,88.0,94.0,10.0,1021.03,7.67,5.760000000000001
2005-08-20,8,68.40189628350257,57.75158958179889,16.7,16.0,18.43,21.0,21.4,4.300000000000001,5.399999999999999,78.0,87.67,95.0,0.0,1023.77,13.67,9.0
2005-08-22,15,84.71961533054434,63.68119041665095,17.6,17.0,20.13,25.0,26.6,7.399999999999999,9.600000000000001,67.0,85.67,96.0,16.8,1014.07,4.67,1.548
2005-08-23,8,105.15228166727019,60.805733007152995,19.2,17.2,21.63,24.7,31.0,5.5,13.8,62.0,79.33,89.0,0.0,1009.37,15.0,8.172
2005-08-25,6,74.3253995104,41.04943390908922,9.7,8.0,12.23,15.4,17.0,5.700000000000001,9.0,57.0,74.0,90.0,0.0,1022.17,30.33,5.148
2005-08-26,6,73.2055353786233,40.244413789467856,9.8,6.8,14.13,20.6,21.0,10.8,14.2,57.0,72.33,84.0,0.0,1019.47,10.67,3.132
2005-08-27,9,87.93241345679996,47.63828993526364,12.4,9.5,17.9,27.1,28.0,14.700000000000001,18.5,40.0,73.0,94.0,0.0,1012.4,1.67,1.9080000000000001
2005-08-28,10,72.61752416636423,59.76658090710816,16.8,16.2,18.6,21.2,22.7,4.399999999999999,6.5,64.0,82.0,92.0,23.9,1007.97,12.33,4.680000000000001
2005-08-30,9,60.49534253673011,50.43181755823698,12.2,12.0,14.33,17.5,17.5,5.300000000000001,5.5,92.0,94.67,97.0,51.3,1008.8,19.67,4.572
2005-08-31,4,70.71465892722787,47.22386039313966,12.4,11.2,12.6,13.0,13.6,0.5999999999999996,2.4000000000000004,86.0,88.67,93.0,10.399999999999999,1018.73,20.0,7.092
2005-09-01,7,62.172529035877474,49.984822055137315,11.6,11.8,12.7,13.3,13.9,1.700000000000001,2.0999999999999996,95.0,96.33,97.0,15.5,1018.83,20.0,4.572
2005-09-07,3,72.76267144060816,43.95127701270229,11.9,7.0,14.53,19.4,19.8,7.499999999999998,12.8,54.0,73.0,85.0,0.0,1024.27,9.33,1.1880000000000002
2005-09-08,6,76.87608300419197,46.233712051728716,12.8,10.0,16.9,23.3,23.8,10.5,13.8,51.0,66.0,79.0,0.0,1023.87,9.33,4.212
2005-09-10,9,87.81067631093536,60.07791605471139,17.0,16.5,20.07,23.8,27.7,6.800000000000001,11.2,69.0,77.33,83.0,3.4,1010.63,21.33,5.508
2005-09-11,10,67.35185198005911,47.35532705739329,12.0,11.3,14.87,19.8,19.8,7.800000000000001,8.5,77.0,85.67,95.0,66.7,1015.1,18.33,7.308
2005-09-12,7,83.5113019983041,41.42071902288436,9.8,9.0,11.4,13.0,13.8,3.1999999999999993,4.800000000000001,62.0,69.0,74.0,0.0,1029.4,18.33,8.532
2005-09-13,4,81.18751712034768,34.731590268302725,9.4,5.2,10.87,13.6,14.6,4.199999999999999,9.399999999999999,52.0,69.33,80.0,0.0,1031.43,15.33,5.148
2005-09-14,6,74.29308813851212,44.04566012139262,11.0,10.0,12.4,13.6,14.1,2.5999999999999996,4.1,68.0,83.0,93.0,5.1,1026.23,17.0,7.920000000000001
2005-09-15,9,69.50024780660695,46.882990344526256,12.4,11.4,13.87,15.8,16.4,3.4000000000000004,4.999999999999998,67.0,83.67,98.0,14.1,1021.5,15.33,9.0
2005-09-16,9,72.59499729875455,47.277284992908335,11.6,10.8,13.13,15.6,16.2,4.0,5.399999999999999,77.0,79.33,81.0,0.7,1025.2,27.33,5.292
2005-09-17,12,70.54051043314317,48.394714095999596,14.0,12.0,16.0,17.9,19.5,3.8999999999999986,7.5,69.0,78.67,89.0,0.0,1024.6,17.0,8.748000000000001
2005-09-18,11,69.43076358120106,53.53342363661118,14.8,14.2,15.93,18.2,19.8,3.3999999999999986,5.600000000000001,74.0,81.33,89.0,2.1,1020.37,10.67,8.892000000000001
2005-09-19,13,67.0096270201872,55.53652775409622,15.4,14.9,17.07,19.8,20.7,4.4,5.799999999999999,76.0,88.33,98.0,12.6,1016.6,24.33,7.812
2005-09-20,6,70.91959517847944,55.31035362982552,17.2,14.5,18.73,21.6,22.3,4.400000000000002,7.800000000000001,69.0,85.33,94.0,6.3,1020.7,23.0,6.012
2005-09-21,9,77.38441762992072,58.09954369433499,16.8,15.8,20.13,24.0,24.5,7.199999999999999,8.7,61.0,76.67,90.0,0.0,1019.53,12.33,6.48
2005-09-22,8,85.00931294748092,60.53166472450893,18.0,16.7,21.87,26.8,27.2,8.8,10.5,55.0,72.67,88.0,0.0,1014.93,18.0,5.508
2005-09-23,13,87.26415124626182,60.37764184448023,20.2,17.0,23.0,27.4,27.8,7.199999999999999,10.8,59.0,73.33,83.0,0.0,1013.63,13.67,8.028
2005-09-24,11,70.65473680537565,65.2344930457284,19.8,19.0,20.73,21.2,22.0,1.3999999999999986,3.0,77.0,84.33,91.0,0.5,1011.0,19.67,7.308
2005-09-25,6,72.72471621614295,52.460849709686066,15.5,13.6,18.17,20.0,20.5,4.5,6.9,42.0,73.33,94.0,1.5,1015.47,18.33,7.920000000000001
2005-09-26,6,77.49373143430452,44.57100582852958,13.6,9.8,15.47,18.0,18.5,4.4,8.7,41.0,58.67,71.0,0.0,1023.9,18.33,6.012
2005-09-27,13,73.98618927808582,46.15715604460875,13.0,10.2,16.63,20.9,21.2,7.899999999999999,11.0,51.0,69.67,79.0,0.0,1027.17,13.67,4.932
2005-09-28,6,77.3683800663394,50.93212967950463,15.8,13.2,19.33,23.4,24.0,7.599999999999998,10.8,49.0,62.33,77.0,0.0,1025.63,9.33,9.612
2005-09-29,7,82.957489250128,54.985471979114635,17.6,14.0,21.27,26.2,26.9,8.599999999999998,12.899999999999999,56.0,65.0,70.0,0.0,1019.7,12.33,4.428
2005-10-02,8,85.57582728429088,55.17797897982189,16.3,15.0,21.1,27.0,27.6,10.7,12.600000000000001,57.0,68.67,75.0,0.0,1018.97,9.0,9.72
2005-10-03,6,100.65345500803198,61.51252973646505,19.2,17.3,24.43,30.5,31.2,11.3,13.899999999999999,54.0,70.0,87.0,0.0,1012.73,9.33,6.588
2005-10-04,11,71.56223190553212,65.28428776026834,19.2,18.6,20.87,22.6,22.9,3.400000000000002,4.299999999999997,80.0,88.0,95.0,45.1,1006.57,18.33,4.32
2005-10-05,13,65.04358618019215,55.881525777968704,14.4,14.2,16.33,19.6,19.8,5.200000000000001,5.600000000000001,83.0,90.0,97.0,10.8,1013.17,26.0,3.708
2005-10-06,7,74.68336469166726,46.46920345033108,14.4,9.6,17.23,21.6,22.2,7.200000000000001,12.6,48.0,69.33,86.0,0.0,1021.3,15.33,2.988
2005-10-07,5,64.31595213819483,50.86269557651654,14.6,12.6,15.47,17.0,18.2,2.4000000000000004,5.6,81.0,89.67,95.0,7.8,1020.93,12.33,6.228
2005-10-08,5,65.24449049990402,61.55790511172747,17.0,17.0,18.17,19.8,21.2,2.8000000000000007,4.199999999999999,87.0,94.0,98.0,78.8,1018.8,22.67,4.680000000000001
2005-10-09,10,67.36117354367738,59.851464707602034,16.8,16.6,18.53,20.2,21.2,3.3999999999999986,4.599999999999998,81.0,89.33,97.0,2.2,1023.93,23.0,6.732
2005-10-10,8,73.58215815857717,51.86039901818364,17.0,13.4,19.3,22.2,23.0,5.199999999999999,9.6,69.0,80.33,90.0,1.2,1019.87,18.33,8.28
2005-10-11,6,87.40686292720768,62.30280140151657,18.1,17.4,22.13,27.1,27.6,9.0,10.200000000000003,65.0,77.33,89.0,0.0,1014.93,10.67,5.04
2005-10-12,4,115.991176168757,62.609941091432795,19.2,17.0,23.4,31.6,32.7,12.400000000000002,15.700000000000003,50.0,79.33,98.0,0.0,1011.2,12.33,2.7720000000000002
2005-10-13,7,97.33936659999983,66.66952346336808,21.2,19.3,25.4,29.2,30.0,8.0,10.7,66.0,75.0,81.0,0.0,1008.53,13.67,4.788
2005-10-14,9,65.56097636985719,59.29418476272719,17.4,16.2,18.73,21.2,21.2,3.8000000000000007,5.0,89.0,93.33,98.0,50.800000000000004,1012.83,9.33,5.760000000000001
2005-10-15,10,75.473873706208,44.38422291539969,16.2,11.0,17.53,19.8,20.2,3.6000000000000014,9.2,55.0,63.0,72.0,0.2,1020.6,11.0,13.788
2005-10-17,9,67.93442081836169,60.31271817204489,17.0,16.8,18.77,21.0,21.7,4.0,4.899999999999999,85.0,90.33,96.0,4.0,1012.23,16.67,6.732
2005-10-19,7,82.16760166977417,50.253236961275704,15.9,11.6,19.77,25.8,26.4,9.9,14.799999999999999,41.0,69.67,85.0,0.0,1021.13,16.67,3.6
2005-10-20,9,90.93547485966053,55.430348085916926,18.6,13.8,23.33,30.0,30.8,11.399999999999999,17.0,41.0,52.33,64.0,0.0,1014.17,22.67,3.132
2005-10-21,3,89.82574458576714,60.85695459539885,22.8,16.5,24.83,27.7,29.3,4.899999999999999,12.8,60.0,63.33,68.0,0.0,1011.9,25.67,3.8520000000000003
2005-10-22,6,93.22235825164817,66.71132784899336,21.6,19.0,22.8,24.0,28.2,2.3999999999999986,9.2,81.0,88.0,93.0,41.10000000000001,1009.3,15.33,3.132
2005-10-23,11,71.50526999721615,61.61140254677715,18.9,17.2,20.17,21.4,21.4,2.5,4.199999999999999,69.0,79.0,93.0,0.4,1015.53,22.67,5.652
2005-10-24,5,75.85404770021228,55.82935949797007,17.2,15.2,20.07,22.4,23.7,5.199999999999999,8.5,71.0,74.67,80.0,0.0,1015.73,12.33,9.107999999999999
2005-10-25,3,96.06273227955596,62.623960975067384,20.1,18.6,24.67,29.2,29.8,9.099999999999998,11.2,67.0,74.33,81.0,7.3,1008.23,21.33,16.452
2005-10-26,5,78.07906945954848,61.903095800831665,19.2,17.0,22.53,24.4,24.6,5.199999999999999,7.600000000000001,60.0,66.33,72.0,0.0,1014.33,20.0,3.9600000000000004
2005-10-27,7,74.83946635460418,60.75853905940771,17.8,16.8,20.23,21.9,23.7,4.099999999999998,6.899999999999999,73.0,82.0,91.0,1.7,1012.13,13.67,5.508
2005-10-28,2,67.33869990616736,62.043353760567015,19.6,17.5,19.9,20.2,20.6,0.5999999999999979,3.1000000000000014,76.0,87.33,95.0,5.3,1008.87,10.67,6.372
2005-10-30,4,75.3077663122562,52.6667950737353,16.2,13.0,18.07,21.4,21.6,5.199999999999999,8.600000000000001,54.0,64.0,75.0,0.0,1019.3,17.0,4.572
2005-10-31,7,75.78632294724642,52.96790068847896,15.5,12.8,17.3,20.2,21.2,4.699999999999999,8.399999999999999,44.0,60.67,73.0,0.0,1021.1,15.33,3.492
2005-11-01,4,76.67225215044917,43.351858162227785,14.6,8.5,17.63,22.6,23.0,8.000000000000002,14.5,43.0,58.67,67.0,0.0,1019.67,16.67,3.708
2005-11-02,4,80.7242695161072,46.18434351844725,15.4,11.0,19.47,25.2,26.2,9.799999999999999,15.2,55.0,58.33,64.0,0.0,1022.3,9.0,8.388
2005-11-03,6,92.99007198614393,60.84746887934738,18.6,16.9,23.63,29.5,29.8,10.899999999999999,12.900000000000002,50.0,67.0,81.0,0.0,1018.17,11.0,5.867999999999999
2005-11-04,9,110.76872254647083,63.333264745331775,20.5,17.9,25.8,32.3,33.0,11.799999999999997,15.100000000000001,50.0,70.67,81.0,0.0,1012.13,25.67,5.292
2005-11-05,9,72.22208065925359,60.80263104341266,18.0,17.4,19.33,20.8,21.4,2.8000000000000007,4.0,68.0,76.67,82.0,37.800000000000004,1015.03,13.67,10.08
2005-11-06,4,65.43211289884819,51.99333917700311,14.9,13.4,16.57,18.2,18.2,3.299999999999999,4.799999999999999,76.0,88.0,95.0,24.9,1014.2,18.33,7.920000000000001
2005-11-07,4,69.8189734279393,55.094737785805215,14.2,14.2,16.97,18.4,19.6,4.199999999999999,5.400000000000002,72.0,80.33,91.0,7.4,1022.13,14.0,5.04
2005-11-08,8,73.88173651052801,51.598493311652526,15.8,13.6,18.2,20.8,21.6,5.0,8.000000000000002,60.0,71.0,77.0,0.0,1023.07,14.0,10.548
2005-11-09,9,75.51967840306074,54.00549129303762,16.6,14.4,18.93,21.8,22.6,5.199999999999999,8.200000000000001,59.0,66.33,70.0,0.0,1021.9,10.67,8.892000000000001
2005-11-10,6,76.29095968682128,56.176371847677665,17.2,15.6,19.93,22.6,23.3,5.400000000000002,7.700000000000001,56.0,65.67,72.0,0.0,1019.7,14.0,11.412
2005-11-11,8,80.08526027870101,57.46292772721332,17.7,16.0,21.23,25.0,25.6,7.300000000000001,9.600000000000001,59.0,68.67,81.0,0.0,1017.37,7.67,10.08
2005-11-12,15,87.56331520940819,61.903095800831665,19.0,17.0,23.33,28.3,28.4,9.3,11.399999999999999,53.0,66.0,83.0,0.0,1014.8,19.67,3.9600000000000004
2005-11-13,7,95.65391644915873,64.23463752179597,21.8,18.0,24.93,29.4,30.0,7.599999999999998,12.0,58.0,71.33,81.0,0.0,1012.83,13.67,3.708
2005-11-14,7,93.13698031765634,67.09228101310532,21.8,19.3,24.33,28.0,29.0,6.199999999999999,9.7,64.0,76.33,84.0,0.0,1012.57,9.0,3.708
2005-11-15,8,104.2993650536224,66.11686157612297,22.6,19.3,26.43,31.3,32.0,8.7,12.7,56.0,69.33,81.0,0.0,1010.53,14.0,6.588
2005-11-16,3,90.88033687249231,70.46029438978753,25.5,21.2,27.63,29.4,29.8,3.8999999999999986,8.600000000000001,49.0,61.33,74.0,0.0,1010.8,9.33,6.732
2005-11-17,8,73.0633413065919,65.46866286894475,19.5,19.2,20.63,21.2,21.8,1.6999999999999993,2.6000000000000014,72.0,75.0,80.0,2.4000000000000004,1011.57,9.0,8.28
2005-11-18,14,90.5909045853761,65.84356017491058,19.8,18.6,22.67,27.6,28.6,7.800000000000001,10.0,64.0,74.0,87.0,0.0,1008.5,15.33,3.132
2005-11-19,2,88.2126806366403,68.87454474254861,22.2,20.6,24.1,27.9,27.9,5.699999999999999,7.299999999999997,55.0,75.67,86.0,0.1,1009.93,13.67,7.668
2005-11-21,11,102.5369926477118,62.6548430656519,22.0,17.6,26.83,33.2,34.2,11.200000000000003,16.6,27.0,51.0,74.0,0.0,1012.47,4.67,5.292
2005-11-22,6,114.02757258088036,68.27710291526134,25.6,19.6,29.93,36.3,36.8,10.699999999999996,17.199999999999996,31.0,50.67,67.0,0.0,1007.57,26.0,2.628
2005-11-23,7,104.63779033997874,72.19655285713134,27.4,21.9,31.27,36.4,36.9,9.0,15.0,31.0,38.33,43.0,0.0,1004.7,23.0,6.12
2005-11-24,3,91.99004831612417,69.205628688423,21.7,20.4,24.67,29.3,29.3,7.600000000000001,8.900000000000002,49.0,69.67,93.0,6.7,1006.07,21.33,4.572
2005-11-25,6,81.87060043564819,57.71963705283018,20.4,15.2,23.0,26.6,26.8,6.200000000000003,11.600000000000001,35.0,58.0,76.0,0.0,1012.47,16.67,4.32
2005-11-26,4,90.4756748421502,56.67480103122973,20.8,15.0,24.37,30.7,31.0,9.899999999999999,16.0,35.0,49.33,65.0,0.0,1013.03,16.67,5.508
2005-11-27,7,90.76055490640013,59.149273569642844,23.4,16.0,26.4,31.8,32.0,8.400000000000002,16.0,25.0,42.0,51.0,0.0,1013.43,10.67,5.04
2005-11-28,12,97.10634584627195,65.03029888964569,22.0,18.9,26.2,32.2,32.8,10.200000000000003,13.899999999999999,33.0,51.0,64.0,0.0,1009.47,8.0,7.2
2005-11-29,11,109.64715389374206,66.58258917334521,23.6,19.3,28.13,34.6,35.2,11.0,15.900000000000002,32.0,54.67,71.0,0.0,1007.97,24.33,5.04
2005-11-30,2,106.92970711379213,73.43361292974026,26.6,22.4,28.7,29.9,33.8,3.299999999999997,11.399999999999999,54.0,60.0,66.0,0.0,1008.27,18.33,5.652
2005-12-01,4,79.16381088131202,67.56476910637102,20.0,19.8,22.33,25.2,25.2,5.199999999999999,5.399999999999999,75.0,81.0,90.0,5.2,1014.17,17.0,5.508
2005-12-02,7,78.33661337701186,55.076659383435185,19.8,14.9,21.73,23.2,24.7,3.3999999999999986,9.799999999999999,53.0,61.33,77.0,0.0,1018.5,15.33,9.251999999999999
2005-12-03,7,88.41315515592183,56.079131974880966,18.2,15.0,23.23,29.2,29.6,11.0,14.600000000000001,42.0,55.67,68.0,0.0,1015.53,19.67,6.9479999999999995
2005-12-04,4,98.25426201283759,64.87895217335381,22.0,18.6,25.33,31.6,31.8,9.600000000000001,13.2,49.0,60.67,73.0,0.0,1009.27,19.67,5.4
2005-12-05,2,79.21214419158403,70.3428261852527,22.2,21.2,23.83,25.2,25.2,3.0,4.0,58.0,72.0,82.0,1.5,1004.53,22.67,7.308
2005-12-06,6,79.20846527510199,62.48497483318628,18.6,17.5,21.37,24.3,25.2,5.699999999999999,7.699999999999999,59.0,75.33,88.0,7.300000000000001,1007.23,10.67,5.148
2005-12-07,9,78.74118760821409,52.425139111127365,18.0,13.4,20.7,24.5,25.0,6.5,11.6,48.0,56.67,64.0,0.7,1013.1,14.0,6.84
2005-12-08,2,97.49645780648626,60.473174691035375,18.6,17.1,24.13,31.1,32.0,12.5,14.899999999999999,44.0,57.67,71.0,0.0,1011.47,18.0,8.532
2005-12-09,9,98.8367827814081,68.43796497429899,25.6,20.0,27.2,30.0,31.4,4.399999999999999,11.399999999999999,61.0,65.0,68.0,0.0,1011.23,15.33,4.212
2005-12-10,8,79.43494501388109,64.39097973441946,23.0,18.8,23.4,24.0,25.3,1.0,6.5,55.0,70.33,83.0,5.1,1014.6,18.33,8.892000000000001
2005-12-11,4,78.77454554337501,53.61811164365692,18.8,14.5,21.8,25.1,25.1,6.300000000000001,10.600000000000001,44.0,52.33,58.0,0.0,1018.7,12.33,11.052
2005-12-12,3,85.6971720196,62.451683091098175,19.2,18.0,23.27,27.4,28.5,8.2,10.5,49.0,57.0,65.0,0.0,1017.03,9.33,9.107999999999999
2005-12-13,7,85.4549665904321,63.66963184985736,21.1,18.8,24.1,27.0,27.8,5.899999999999999,9.0,54.0,65.0,80.0,0.0,1014.63,10.67,12.708
2005-12-14,3,86.51604510378121,64.2663747638598,21.0,19.1,24.27,27.4,28.1,6.399999999999999,9.0,53.0,65.67,76.0,0.0,1015.13,9.33,13.572000000000001
2005-12-15,12,93.88854887367997,65.8023133211351,21.2,19.6,25.37,30.1,30.3,8.900000000000002,10.7,51.0,64.33,78.0,0.0,1010.33,12.33,11.520000000000001
2005-12-16,6,111.82155147250916,66.5935073424935,22.3,19.6,26.67,32.8,33.6,10.499999999999996,14.0,46.0,67.67,82.0,0.0,1005.93,24.33,7.452
2005-12-17,7,87.44316935368427,69.48746623991161,22.9,21.0,24.6,26.2,27.5,3.3000000000000007,6.5,71.0,79.33,89.0,5.8,1006.13,17.0,9.468
2005-12-18,6,96.52211520059211,66.07666016672533,22.7,19.0,25.17,29.0,31.1,6.300000000000001,12.100000000000001,48.0,63.0,79.0,0.1,1009.17,13.67,4.572
2005-12-20,4,85.12921595864111,66.34517631965734,22.3,20.0,23.6,26.2,27.4,3.8999999999999986,7.399999999999999,57.0,69.67,79.0,0.0,1013.9,14.0,14.508000000000001
2005-12-21,3,94.35508903151019,59.693492109308025,20.0,16.0,24.53,30.4,31.1,10.399999999999999,15.100000000000001,44.0,58.33,70.0,0.0,1016.67,7.67,3.9600000000000004
2005-12-22,1,115.93703161305028,64.33960494284557,21.7,18.4,27.5,34.4,35.3,12.7,16.9,42.0,61.33,78.0,0.0,1012.3,22.67,5.652
2005-12-23,8,104.11561152951593,73.45844190866606,22.5,22.5,26.53,30.5,31.8,8.0,9.3,57.0,70.67,89.0,21.0,1009.2,25.67,6.732
2005-12-24,9,88.89616425267327,63.02331523414146,22.7,17.3,23.17,24.0,27.6,1.3000000000000007,10.3,81.0,83.67,87.0,9.2,1012.23,21.33,3.132
2005-12-25,9,79.08700691267191,59.610931747230715,20.1,16.4,21.73,24.8,25.2,4.699999999999999,8.8,42.0,60.0,74.0,0.1,1018.77,18.33,6.12
2005-12-26,6,83.16310513228822,53.73136739698559,19.4,13.9,22.6,27.4,27.6,8.0,13.700000000000001,38.0,55.0,70.0,0.0,1019.13,10.67,6.48
2005-12-27,4,87.97747331198298,59.628860593279136,20.8,17.0,24.27,28.0,29.1,7.199999999999999,12.100000000000001,52.0,59.33,67.0,0.0,1016.87,10.67,11.052
2005-12-28,5,96.74665106702045,64.88051426697135,21.7,19.2,26.13,31.4,31.6,9.7,12.400000000000002,43.0,59.33,71.0,0.0,1014.83,10.67,11.268
2005-12-30,5,112.65263293081613,69.87324199709298,23.8,20.5,28.1,33.5,34.6,9.7,14.100000000000001,45.0,62.0,76.0,0.0,1010.6,7.67,3.3480000000000003
2005-12-31,9,89.24382250979201,73.4635018137392,22.6,22.4,25.23,27.4,28.2,4.799999999999997,5.800000000000001,63.0,75.0,95.0,11.4,1009.97,11.0,5.508
2006-01-01,6,96.3249512325723,68.82905246766322,23.7,20.4,25.97,29.4,29.7,5.699999999999999,9.3,64.0,76.0,89.0,0.2,1009.57,21.0,5.867999999999999
2006-01-02,7,92.1641265731365,73.11489682508362,23.3,22.2,25.23,27.6,28.4,4.300000000000001,6.199999999999999,71.0,81.67,93.0,47.599999999999994,1010.97,9.33,5.04
2006-01-03,8,86.65996872792766,68.21532038293361,23.8,20.2,25.43,27.6,27.8,3.8000000000000007,7.600000000000001,55.0,70.67,81.0,0.0,1010.87,14.0,6.48
2006-01-04,5,95.79035785936803,65.24014293915074,22.8,18.6,25.37,29.7,30.3,6.899999999999999,11.7,53.0,68.67,80.0,0.0,1010.37,12.33,4.428
2006-01-05,3,87.9596991206081,63.7740268408215,22.6,18.4,24.87,28.4,28.6,5.799999999999997,10.200000000000003,54.0,65.0,80.0,0.0,1010.93,13.67,7.5600000000000005
2006-01-06,4,100.60788969216647,63.55302933133353,21.5,17.8,25.8,31.7,32.0,10.2,14.2,45.0,63.33,73.0,0.0,1011.17,20.0,4.212
2006-01-07,5,119.2125607274296,69.54256530311936,24.8,20.6,28.37,35.4,35.7,10.599999999999998,15.100000000000001,32.0,62.33,80.0,0.0,1011.93,11.0,4.932
2006-01-08,4,127.29372104867227,75.52696682389542,27.2,23.5,31.4,37.0,38.2,9.8,14.700000000000003,43.0,56.0,70.0,0.0,1009.17,21.33,8.532
2006-01-09,6,132.58811048832467,77.6691752868685,25.6,24.4,28.73,32.2,35.2,6.600000000000001,10.800000000000004,67.0,77.67,87.0,4.2,1011.7,19.67,8.28
2006-01-10,5,129.96302072260875,75.09924085107008,27.2,23.0,31.07,36.4,37.6,9.2,14.600000000000001,47.0,61.33,81.0,0.0,1010.73,18.33,4.212
2006-01-11,4,127.75528485588029,80.56069081914839,27.3,25.5,30.87,36.0,36.2,8.7,10.700000000000003,46.0,67.33,84.0,0.0,1014.6,12.33,4.932
2006-01-12,6,117.16922254230398,77.11052076475325,28.2,24.0,30.8,35.8,36.8,7.599999999999998,12.799999999999997,44.0,54.0,65.0,0.0,1013.53,21.33,5.4
2006-01-13,8,99.73934350748807,81.0604006306359,28.1,25.8,29.87,31.5,31.6,3.3999999999999986,5.800000000000001,62.0,65.0,69.0,0.0,1014.47,21.33,6.84
2006-01-14,6,121.9235022525221,77.93992284620252,26.7,24.1,29.43,34.6,35.0,7.900000000000002,10.899999999999999,51.0,69.33,82.0,0.0,1015.3,9.0,2.52
2006-01-15,8,125.3506433338082,76.88401023528289,28.0,23.9,31.07,36.4,37.0,8.399999999999999,13.100000000000001,43.0,60.67,75.0,0.0,1012.4,15.33,5.4
2006-01-16,12,124.22815834566407,77.27823493571486,30.1,24.0,32.03,35.8,37.0,5.699999999999996,13.0,52.0,59.67,64.0,0.0,1009.77,24.33,4.428
2006-01-17,6,74.4100730196513,64.65059595954888,19.9,18.4,22.03,24.0,24.0,4.100000000000001,5.600000000000001,83.0,90.33,95.0,16.9,1018.33,15.33,4.788
2006-01-18,9,72.41800602529294,68.06379832144584,18.6,18.6,20.2,21.4,22.8,2.799999999999997,4.199999999999999,80.0,83.67,90.0,5.199999999999999,1018.83,7.67,0.7200000000000001
2006-01-19,3,85.9284919998936,68.91653915720153,19.8,19.8,23.23,26.3,26.8,6.5,7.0,78.0,87.67,95.0,43.099999999999994,1012.4,10.67,2.2680000000000002
2006-01-20,4,113.10350053321018,69.8289579257974,22.5,20.2,25.87,31.7,32.9,9.2,12.7,52.0,74.33,86.0,0.0,1010.47,12.33,2.16
2006-01-21,8,106.95422682921263,72.6647957941274,26.4,22.2,27.47,28.6,32.2,2.200000000000003,10.000000000000004,67.0,71.67,75.0,0.0,1010.5,16.67,7.308
2006-01-22,6,79.82910238785507,75.59307590592313,23.5,23.0,24.03,24.6,25.4,1.1000000000000014,2.3999999999999986,85.0,89.67,93.0,15.6,1012.77,10.67,2.52
2006-01-23,8,71.5576763837197,68.79419113340074,20.8,20.1,22.1,23.0,23.3,2.1999999999999993,3.1999999999999993,89.0,92.67,96.0,24.2,1009.47,9.0,3.8520000000000003
2006-01-24,11,90.57407662307902,71.48865561511967,21.1,21.3,23.63,27.2,27.8,6.099999999999998,6.5,79.0,86.33,91.0,1.1,1009.73,9.0,3.708
2006-01-25,9,103.39536355182626,73.57070378484357,24.0,22.6,26.53,29.4,30.5,5.399999999999999,7.899999999999999,69.0,81.33,95.0,4.5,1008.37,34.67,7.452
2006-01-26,4,89.05830414779604,70.40155147412358,23.7,20.9,25.37,27.6,28.2,3.900000000000002,7.300000000000001,61.0,74.33,86.0,0.2,1014.5,12.0,4.32
2006-01-27,6,95.50209715926434,64.23337261980907,22.2,18.5,25.67,30.0,30.2,7.800000000000001,11.7,57.0,69.0,79.0,0.0,1013.93,12.33,6.732
2006-01-28,6,106.9851271719264,70.31520488064243,23.6,21.0,26.8,30.6,32.0,7.0,11.0,62.0,73.33,83.0,0.0,1013.57,14.0,5.4
2006-01-29,6,108.96717275611881,72.97759691617549,25.5,22.1,28.17,32.2,33.0,6.700000000000003,10.899999999999999,56.0,68.33,80.0,0.0,1011.03,12.33,4.680000000000001
2006-01-30,7,111.84650692369532,72.0541490236937,25.7,21.9,28.73,34.2,34.4,8.500000000000004,12.5,39.0,62.33,76.0,0.0,1008.9,24.0,6.84
2006-01-31,7,89.76978319033628,73.6180026206527,23.8,22.5,25.73,27.8,28.4,4.0,5.899999999999999,62.0,74.0,81.0,0.0,1013.27,20.0,5.867999999999999
2006-02-01,2,96.10525557761936,67.16230441317109,22.5,19.7,25.5,30.2,30.2,7.699999999999999,10.5,59.0,70.33,80.0,0.0,1013.27,9.0,6.12
2006-02-02,3,104.5206619731743,70.47974688536912,23.2,21.3,26.77,31.5,32.0,8.3,10.7,60.0,69.67,77.0,0.0,1013.73,10.67,7.812
2006-02-03,5,120.90810312572215,70.77850026790118,25.0,21.0,28.8,34.6,35.0,9.600000000000001,14.0,47.0,68.33,86.0,0.0,1010.5,25.67,3.8520000000000003
2006-02-04,8,131.007408147323,81.8201359298534,26.2,26.0,28.93,33.4,35.2,7.199999999999999,9.200000000000003,61.0,76.33,86.0,0.0,1009.73,14.0,3.708
2006-02-05,3,105.57872559936179,79.42138740523924,27.2,24.9,29.03,31.9,32.2,4.699999999999999,7.300000000000004,60.0,69.67,75.0,0.0,1007.17,19.67,3.6
2006-02-06,9,93.19108565737967,75.2176342106836,26.4,22.9,27.53,29.2,29.5,2.8000000000000007,6.600000000000001,69.0,70.67,72.0,0.0,1008.13,13.67,2.988
2006-02-07,6,87.95155401903246,61.98769510624963,22.9,17.4,25.3,28.8,29.0,5.900000000000002,11.600000000000001,51.0,60.33,68.0,0.0,1009.03,17.0,5.867999999999999
2006-02-08,6,85.07236193089622,65.39917958491645,22.8,19.4,24.4,27.4,28.1,4.599999999999998,8.700000000000003,52.0,59.0,68.0,0.0,1011.7,14.0,11.052
2006-02-09,4,91.21654411855889,65.36852978437136,21.9,18.8,25.13,29.3,30.0,7.400000000000002,11.2,55.0,60.33,64.0,0.0,1013.97,10.67,5.292
2006-02-10,8,86.59629156798991,65.63641903233687,23.7,19.0,25.07,27.7,28.2,4.0,9.2,54.0,64.67,70.0,0.0,1017.0,15.33,5.867999999999999
2006-02-11,5,83.83811667425584,68.01851777616858,22.0,20.0,23.4,25.9,26.8,3.8999999999999986,6.800000000000001,61.0,73.67,82.0,0.4,1016.53,15.33,5.508
2006-02-12,4,100.22188466270049,69.89658509701209,21.8,20.6,25.23,29.1,30.5,7.300000000000001,9.899999999999999,64.0,75.67,86.0,1.2,1013.53,14.0,3.8520000000000003
2006-02-13,6,95.35191445516213,72.40783771111855,24.0,22.1,26.37,29.9,29.9,5.899999999999999,7.799999999999997,52.0,71.67,82.0,0.4,1013.9,12.33,7.452
2006-02-14,4,96.95884254556115,68.63101212381034,23.8,20.0,26.33,30.2,30.6,6.399999999999999,10.600000000000001,49.0,68.33,81.0,0.0,1014.87,12.33,3.708
2006-02-15,4,107.24411648320027,67.32385550072223,23.4,19.8,26.6,32.2,33.0,8.800000000000004,13.2,48.0,66.0,77.0,0.0,1013.43,13.67,6.372
2006-02-16,10,79.11503860508816,76.01977534961028,24.2,23.2,24.47,25.0,25.2,0.8000000000000007,2.0,79.0,84.33,92.0,2.8000000000000003,1012.03,4.67,2.52
2006-02-17,4,106.35151838474869,73.14514806054933,23.4,21.6,25.83,30.7,31.2,7.300000000000001,9.599999999999998,57.0,79.33,91.0,0.4,1011.8,7.67,1.548
2006-02-18,5,95.95396174000024,70.13708758460214,24.8,21.0,26.8,29.6,30.0,4.800000000000001,9.0,57.0,72.0,82.0,0.0,1014.23,12.33,6.12
2006-02-19,6,95.01378557485394,74.43384474578559,24.4,23.0,25.93,27.4,29.4,3.0,6.399999999999999,72.0,76.33,84.0,0.0,1016.47,12.33,7.920000000000001
2006-02-20,9,90.05758010319978,73.56952970548414,22.5,22.5,24.67,27.3,28.0,4.800000000000001,5.5,66.0,81.0,90.0,1.4,1015.17,10.67,6.12
2006-02-21,5,100.39940878469987,70.54717962989989,23.4,21.5,25.87,29.8,30.5,6.400000000000002,9.0,58.0,76.0,87.0,0.0,1009.57,10.67,10.332
2006-02-22,6,91.65714519654367,71.15775754681701,23.8,21.0,25.4,28.2,28.8,4.399999999999999,7.800000000000001,63.0,74.67,81.0,0.0,1005.77,21.33,2.8800000000000003
2006-02-23,8,100.31577105999995,71.70163694467406,23.6,21.2,25.6,29.6,30.0,6.0,8.8,61.0,81.0,91.0,4.1000000000000005,1008.93,15.33,2.628
2006-02-24,12,97.27870968342393,69.34079734601285,22.2,20.8,24.97,28.9,29.8,6.699999999999999,9.0,59.0,77.0,96.0,26.0,1003.47,16.67,7.668
2006-02-25,7,71.61523607689833,62.58522493226434,19.1,18.2,20.47,21.5,22.5,2.3999999999999986,4.300000000000001,78.0,84.33,91.0,10.2,1003.63,21.33,10.692
2006-02-26,4,87.09180679515916,65.35719270058283,20.5,19.0,22.63,26.0,27.3,5.5,8.3,61.0,81.67,94.0,42.0,1009.1,22.67,6.84
2006-02-27,6,95.12049977547181,64.86959203969819,21.9,17.7,24.13,28.6,29.6,6.700000000000003,11.900000000000002,55.0,74.33,85.0,0.0,1011.6,24.33,1.8
2006-02-28,5,99.63404399756406,64.4988903700569,22.8,17.8,25.83,31.1,31.7,8.3,13.899999999999999,43.0,64.0,78.0,0.0,1012.8,11.0,2.52
2006-03-01,9,104.02826972481388,70.03440263640005,23.9,20.8,27.07,31.9,32.2,8.0,11.400000000000002,52.0,67.33,79.0,0.0,1011.0,14.0,4.788
2006-03-02,8,108.66156637920163,77.53167279491939,25.3,24.0,26.03,26.6,30.8,1.3000000000000007,6.800000000000001,85.0,86.67,89.0,4.3,1012.6,12.33,3.24
2006-03-03,12,108.36497339470354,77.50566064469703,24.8,24.0,26.93,30.6,31.2,5.800000000000001,7.199999999999999,69.0,82.33,89.0,0.39999999999999997,1012.33,21.0,3.3480000000000003
2006-03-04,7,88.88832634499215,73.27225167802817,23.8,22.0,25.13,27.2,27.8,3.3999999999999986,5.800000000000001,74.0,80.0,84.0,0.1,1009.93,1.67,2.988
2006-03-05,3,84.22737433196815,61.807005891256686,20.2,18.0,24.0,26.6,27.2,6.400000000000002,9.2,53.0,68.0,78.0,0.0,1010.53,30.33,12.24
2006-03-06,3,88.53327062647338,63.191288921470324,20.8,18.0,23.9,28.1,28.8,7.300000000000001,10.8,49.0,64.67,79.0,0.0,1011.97,25.67,6.372
2006-03-07,5,95.85380134124804,65.73857251315059,22.4,18.0,25.1,30.3,30.6,7.900000000000002,12.600000000000001,42.0,66.0,79.0,0.0,1010.17,15.33,1.548
2006-03-08,4,105.64989077874255,65.78594902055197,22.6,18.6,26.2,32.4,33.2,9.799999999999997,14.600000000000001,41.0,62.33,74.0,0.0,1007.97,24.33,3.24
2006-03-09,7,95.91315535793773,72.72630597482565,26.2,22.0,27.67,30.4,30.8,4.199999999999999,8.8,59.0,64.33,68.0,0.0,1006.83,15.0,4.788
2006-03-10,3,81.07972384666989,69.05709771304365,23.3,20.5,25.1,26.0,26.3,2.6999999999999993,5.800000000000001,53.0,60.33,67.0,0.0,1012.13,15.33,5.867999999999999
2006-03-11,7,85.55630592656274,57.32929391184245,20.5,14.9,22.83,27.2,28.0,6.699999999999999,13.1,48.0,62.67,70.0,0.0,1016.17,13.67,3.8520000000000003
2006-03-12,6,95.29705809932824,65.63641903233687,21.6,19.0,24.5,30.0,30.8,8.399999999999999,11.8,48.0,63.0,75.0,0.0,1014.97,18.33,5.867999999999999
2006-03-13,8,102.34289699529465,67.86902576794543,23.6,19.7,26.6,31.9,32.2,8.299999999999997,12.500000000000004,46.0,64.67,80.0,0.0,1012.3,21.33,3.9600000000000004
2006-03-14,7,110.15860224681589,69.22176968570028,24.4,20.6,27.63,33.0,33.4,8.600000000000001,12.799999999999997,47.0,67.0,82.0,0.0,1012.37,17.0,6.12
2006-03-15,7,114.3421245207255,67.83676218255283,23.8,20.2,27.43,33.7,34.8,9.900000000000002,14.599999999999998,35.0,62.67,79.0,0.0,1012.27,15.33,8.172
2006-03-16,7,125.86840452687359,72.59757601837784,24.8,21.0,28.67,35.4,36.2,10.599999999999998,15.200000000000003,34.0,65.67,83.0,0.0,1011.23,4.67,0.8280000000000001
2006-03-17,7,119.58657236020827,69.5857520799958,26.8,20.6,29.93,36.0,37.0,9.2,16.4,38.0,55.33,69.0,0.0,1009.27,26.0,4.788
2006-03-18,8,95.06843159999984,75.87475026487056,26.8,23.8,28.4,29.4,30.0,2.599999999999998,6.199999999999999,59.0,70.0,81.0,0.0,1011.63,20.0,12.24
2006-03-19,2,85.35937131153617,74.27687647336393,24.4,22.6,25.2,26.2,26.6,1.8000000000000007,4.0,86.0,90.33,96.0,3.0999999999999996,1012.73,10.67,3.9600000000000004
2006-03-20,8,101.12542510694047,73.690376148638,22.6,22.5,24.5,26.0,29.4,3.3999999999999986,6.899999999999999,82.0,89.67,98.0,37.6,1011.53,18.0,5.508
2006-03-21,7,88.0786672750529,68.57371234067844,22.6,20.0,24.8,28.2,28.2,5.599999999999998,8.2,51.0,70.67,88.0,0.1,1016.9,15.33,3.8520000000000003
2006-03-22,7,96.13059093713566,69.97578326824548,22.7,21.0,25.47,29.1,29.6,6.400000000000002,8.600000000000001,71.0,76.67,84.0,0.0,1016.9,10.67,6.84
2006-03-23,4,88.87422037901999,77.43713681707045,24.8,24.1,25.57,27.0,27.4,2.1999999999999993,3.299999999999997,83.0,87.67,93.0,5.9,1011.0,18.33,4.788
2006-03-24,3,106.96354288563023,74.27726093596979,24.2,23.0,26.73,31.0,31.6,6.800000000000001,8.600000000000001,55.0,76.67,88.0,4.5,1008.07,30.33,9.107999999999999
2006-03-25,6,79.81011361164373,69.34769012689716,23.3,20.9,23.9,25.0,25.4,1.6999999999999993,4.5,77.0,81.33,89.0,1.7,1014.17,9.33,8.892000000000001
2006-03-26,5,79.49638067843205,63.0433738681127,20.8,17.9,21.97,24.2,25.4,3.3999999999999986,7.5,54.0,63.0,73.0,0.0,1020.93,17.0,6.12
2006-03-27,5,89.69436397046411,59.335302619289536,19.0,15.6,22.57,28.4,29.2,9.399999999999999,13.6,50.0,64.0,74.0,0.0,1018.67,27.33,3.132
2006-03-28,7,90.74203352205552,69.25410848717954,20.6,20.0,23.83,28.3,28.3,7.699999999999999,8.3,64.0,78.67,96.0,11.0,1014.13,9.33,2.4120000000000004
2006-03-29,4,74.82614635980909,61.3862524824322,18.2,17.5,20.73,22.8,23.0,4.600000000000001,5.5,62.0,73.67,80.0,12.5,1013.27,21.33,8.64
2006-03-30,13,79.68136119879998,57.311519742755365,17.8,14.0,20.27,24.8,25.5,7.0,11.5,47.0,63.0,73.0,0.0,1015.73,7.67,1.692
2006-03-31,4,84.74647203670195,54.985471979114635,17.8,14.0,21.6,27.6,27.6,9.8,13.600000000000001,52.0,64.33,74.0,0.0,1019.9,6.0,4.428
2006-04-01,1,95.64204464929519,61.3326040390765,21.0,16.8,23.93,29.8,29.9,8.8,13.099999999999998,54.0,72.33,82.0,0.0,1019.53,7.67,4.212
2006-04-02,10,89.52427647859184,65.7497744271808,22.0,19.0,23.8,27.2,28.2,5.199999999999999,9.2,60.0,76.0,84.0,0.0,1019.83,10.67,5.508
2006-04-03,8,89.43125522395195,68.15935308928206,22.2,20.0,24.2,26.9,28.2,4.699999999999999,8.2,62.0,75.67,86.0,0.0,1019.6,14.0,5.04
2006-04-04,3,96.64102498881871,67.97155593350817,22.2,19.7,24.93,30.0,30.6,7.800000000000001,10.900000000000002,49.0,67.67,81.0,0.0,1016.4,18.33,3.708
2006-04-05,7,99.28464235304845,66.00346242378099,22.7,18.7,25.6,30.9,31.3,8.2,12.600000000000001,47.0,66.67,81.0,0.0,1013.7,12.33,3.24
2006-04-06,6,81.06326775254412,73.50692840308233,22.6,22.0,24.27,25.8,25.8,3.1999999999999993,3.8000000000000007,73.0,79.0,88.0,0.0,1017.23,12.33,2.4120000000000004
2006-04-07,4,94.5443621566642,71.02320900998826,21.0,20.2,23.83,27.7,28.8,6.699999999999999,8.600000000000001,65.0,82.67,93.0,0.0,1014.7,1.67,0.8280000000000001
2006-04-08,14,92.11632297045644,70.34666904253842,21.7,20.6,24.2,28.5,28.6,6.800000000000001,8.0,58.0,78.67,90.0,0.0,1013.97,7.67,2.7720000000000002
2006-04-09,6,81.62145014891193,67.37676921364047,21.6,19.0,23.07,25.2,25.9,3.599999999999998,6.899999999999999,73.0,83.0,90.0,0.0,1011.77,9.33,2.052
2006-04-10,8,81.52673526677671,68.53190687540251,21.5,20.0,22.93,25.7,25.9,4.199999999999999,5.899999999999999,68.0,81.33,89.0,0.2,1012.33,18.33,3.9600000000000004
2006-04-11,6,79.82700998280208,64.30359487040822,18.7,18.4,21.43,24.7,25.4,6.0,7.0,68.0,84.67,94.0,0.0,1007.47,19.67,5.760000000000001
2006-04-12,7,84.55593104995202,60.74690546088524,19.2,17.2,22.47,26.6,27.2,7.400000000000002,10.0,48.0,70.0,83.0,0.0,1009.43,28.67,8.388
2006-04-13,6,84.92491572374195,65.40053192254773,18.7,18.1,22.4,26.5,27.0,7.800000000000001,8.899999999999999,61.0,76.33,86.0,0.0,1012.53,15.0,2.16
2006-04-14,7,85.72011625828682,62.30573456888755,20.5,17.0,22.67,26.6,27.2,6.100000000000001,10.2,62.0,76.67,84.0,0.0,1015.47,12.0,3.24
2006-04-15,11,70.38171672505023,63.55302933133353,20.0,17.8,20.33,21.0,21.2,1.0,3.3999999999999986,73.0,81.67,89.0,0.1,1015.13,26.0,4.212
2006-04-16,7,73.15900334665605,57.31457065316636,15.6,15.5,17.67,19.6,20.6,4.000000000000002,5.100000000000001,59.0,72.0,92.0,1.1,1023.8,21.33,6.732
2006-04-17,6,75.90544813516873,50.08592243246227,15.3,13.0,17.57,21.0,21.7,5.699999999999999,8.7,46.0,60.33,68.0,0.0,1027.33,21.33,10.8
2006-04-18,5,75.5457337533122,59.07405570198449,15.4,13.3,17.97,22.5,23.4,7.1,10.099999999999998,59.0,73.0,81.0,0.0,1023.37,4.67,0.36000000000000004
2006-04-19,4,80.5374825232447,57.95546650430701,17.2,15.0,20.1,24.9,25.8,7.699999999999999,10.8,50.0,68.33,78.0,0.0,1021.0,10.67,3.24
2006-04-20,10,83.75229384323201,57.41949658225916,18.4,15.0,21.37,26.7,27.2,8.3,12.2,46.0,65.0,77.0,0.0,1019.1,10.67,4.068
2006-04-21,6,69.16709593914088,57.60346556919872,17.1,15.8,18.93,19.9,20.8,2.799999999999997,5.0,73.0,83.67,95.0,15.3,1012.33,10.67,7.920000000000001
2006-04-22,7,75.21380327068893,47.818552095646176,13.2,11.0,16.93,21.8,22.8,8.600000000000001,11.8,37.0,69.67,91.0,0.0,1014.4,16.67,5.148
2006-04-23,4,78.83306773791,51.95370430950974,16.5,13.0,19.33,24.5,25.1,8.0,12.100000000000001,40.0,54.67,63.0,0.0,1013.6,18.0,5.867999999999999
2006-04-24,10,83.59866823718401,54.7914578712069,14.8,11.0,19.5,26.0,27.2,11.2,16.2,34.0,64.0,87.0,0.1,1021.43,10.67,0.36000000000000004
2006-04-25,10,83.38577869614664,56.062026197966375,16.7,13.0,20.63,26.2,26.8,9.5,13.8,59.0,70.33,86.0,0.1,1014.47,12.33,1.1880000000000002
2006-04-26,8,73.04173645603206,62.15554756005865,17.8,16.9,19.4,21.6,23.2,3.8000000000000007,6.300000000000001,75.0,85.0,92.0,0.5,1016.3,28.67,3.132
2006-04-27,5,78.58048542141401,56.068876659602225,15.9,13.3,19.47,24.6,25.0,8.700000000000001,11.7,52.0,79.67,98.0,0.1,1017.5,21.33,1.548
2006-04-28,10,79.9714565988,56.068876659602225,16.3,13.3,20.27,25.5,25.5,9.2,12.2,50.0,73.0,94.0,0.1,1017.7,18.0,1.548
2006-04-29,8,86.89039200988665,55.33150165465028,16.2,13.7,20.3,26.5,27.4,10.3,13.7,56.0,78.67,95.0,0.0,1014.97,12.0,2.988
2006-04-30,7,72.23381283840007,61.65732585665996,19.0,16.8,20.5,21.7,22.0,2.6999999999999993,5.199999999999999,68.0,79.0,90.0,0.0,1013.97,20.0,3.6
2006-05-01,5,76.37402514393615,42.10002525809055,11.8,9.6,15.17,16.9,17.6,5.099999999999998,8.000000000000002,50.0,67.0,82.0,0.0,1017.37,25.67,10.332
2006-05-02,4,77.03702965439857,48.269566823514786,13.2,12.6,14.2,15.4,16.0,2.200000000000001,3.4000000000000004,63.0,71.67,77.0,0.0,1017.93,27.0,13.932
2006-05-03,9,70.85248053272478,50.53226542295796,14.1,13.3,16.4,20.8,21.2,6.700000000000001,7.899999999999999,60.0,80.33,94.0,5.2,1018.47,25.67,11.772
2006-05-04,11,72.82849587413565,48.21367102138636,13.2,11.5,16.57,19.7,20.8,6.5,9.3,56.0,73.33,86.0,0.0,1019.3,25.67,6.48
2006-05-05,12,71.86766564977611,47.088776573939995,11.8,10.2,16.17,20.6,21.1,8.8,10.900000000000002,59.0,77.0,93.0,0.0,1020.93,13.67,3.708
2006-05-06,8,72.57157090508815,54.006446758776505,15.2,13.8,17.33,21.6,22.4,6.400000000000002,8.599999999999998,71.0,80.0,94.0,0.0,1020.53,10.67,5.4
2006-05-07,5,75.3734477206721,58.21120908273155,16.6,15.3,18.47,21.8,23.8,5.199999999999999,8.5,56.0,80.0,92.0,0.0,1021.7,15.33,3.8520000000000003
2006-05-08,9,65.60737007338855,58.68447686372744,16.0,15.3,16.97,17.5,20.4,1.5,5.099999999999998,86.0,90.33,94.0,6.8,1022.83,10.67,3.132
2006-05-09,11,64.4880783326981,56.81830038368797,15.1,14.2,16.43,18.3,18.8,3.200000000000001,4.600000000000001,81.0,89.67,94.0,4.2,1023.8,9.33,2.52
2006-05-10,8,70.96813302195964,58.52665176534875,16.1,15.5,18.1,21.4,22.0,5.299999999999997,6.5,64.0,83.33,95.0,0.7,1021.9,15.33,4.068
2006-05-11,4,69.73930025948421,56.86497805052512,15.7,15.2,17.47,19.7,20.7,4.0,5.5,70.0,82.0,88.0,0.0,1021.77,23.0,6.12
2006-05-12,9,72.65217418823818,53.081920972364095,14.2,12.8,16.87,19.6,20.1,5.400000000000002,7.300000000000001,55.0,73.33,84.0,0.1,1021.93,15.33,3.3480000000000003
2006-05-13,7,71.40149418782394,53.96127141263557,15.2,14.0,16.73,19.4,21.3,4.199999999999999,7.300000000000001,65.0,79.0,88.0,0.3,1024.2,10.67,6.48
2006-05-14,5,71.79518854065932,52.55705900297512,11.6,9.8,15.83,21.7,22.2,10.1,12.399999999999999,58.0,81.67,98.0,0.0,1024.93,4.67,0.36000000000000004
2006-05-15,11,76.05013693200337,48.840572890846076,11.9,10.4,16.9,23.6,24.0,11.700000000000001,13.6,51.0,78.33,95.0,0.0,1022.9,9.0,2.4120000000000004
2006-05-16,13,77.73878142806686,54.342794667263675,14.1,13.5,18.1,23.6,24.6,9.500000000000002,11.100000000000001,49.0,74.67,88.0,0.0,1021.57,7.67,3.708
2006-05-17,2,77.72147390492809,53.639876360913576,13.9,11.8,18.4,24.3,24.6,10.4,12.8,52.0,75.0,89.0,0.0,1020.53,18.0,1.1880000000000002
2006-05-18,4,80.59492694426463,52.86158147048861,13.8,12.0,18.43,25.1,25.7,11.3,13.7,53.0,75.33,90.0,0.0,1017.17,10.67,1.9080000000000001
2006-05-19,8,65.56599936409211,58.757178474581,15.6,15.0,17.47,18.9,18.9,3.299999999999999,3.8999999999999986,80.0,88.0,93.0,12.4,1011.1,12.33,2.2680000000000002
2006-05-20,6,61.93991976315053,55.86313844995226,13.4,13.2,14.47,15.0,16.0,1.5999999999999996,2.8000000000000007,93.0,93.67,95.0,40.4,1014.83,15.33,1.548
2006-05-21,7,75.38591302924996,47.448229377462894,11.7,10.0,13.97,16.4,16.8,4.699999999999999,6.800000000000001,54.0,72.33,92.0,0.2,1019.37,17.0,2.8800000000000003
2006-05-22,7,74.40324205724787,41.45712041095011,8.5,7.0,11.57,16.2,16.6,7.699999999999999,9.600000000000001,49.0,75.0,92.0,0.0,1025.13,16.67,2.52
2006-05-23,4,74.25499236971194,36.82476618867091,7.2,5.6,10.97,16.1,16.7,8.900000000000002,11.1,61.0,75.0,90.0,0.0,1029.13,19.67,3.8520000000000003
2006-05-24,8,68.7644225960158,38.31243015789998,9.0,5.6,12.73,18.9,19.0,9.899999999999999,13.4,64.0,82.33,96.0,0.2,1025.57,12.33,2.628
2006-05-25,7,72.44312768324238,53.26984251904303,13.5,13.2,16.53,21.6,21.8,8.100000000000001,8.600000000000001,58.0,77.33,89.0,0.1,1024.27,14.0,4.32
2006-05-26,7,75.86089673129199,47.9900089076655,11.6,10.0,16.83,23.5,23.9,11.9,13.899999999999999,53.0,78.0,94.0,0.1,1020.0,7.67,2.4120000000000004
2006-05-27,8,79.18508393318405,57.79653945929293,15.7,14.3,18.83,24.3,25.2,8.600000000000001,10.899999999999999,67.0,79.0,87.0,0.0,1015.47,6.0,1.8
2006-05-28,13,70.43376309116533,54.12869657479271,15.0,13.2,18.6,20.6,20.9,5.600000000000001,7.699999999999999,63.0,80.67,93.0,1.0,1018.1,19.67,3.132
2006-05-29,7,70.85360963128872,46.233712051728716,12.3,10.0,14.7,16.6,18.2,4.300000000000001,8.2,62.0,78.67,88.0,1.4,1019.83,10.67,4.212
2006-05-30,10,61.75379599567749,58.03365110816533,15.2,15.0,16.67,18.4,19.4,3.1999999999999993,4.399999999999999,91.0,94.67,97.0,65.4,1017.87,20.0,3.132
2006-05-31,7,65.22773767759791,55.645084756290544,16.2,13.6,17.57,19.1,19.8,2.900000000000002,6.200000000000001,73.0,89.67,98.0,33.4,1016.23,18.33,2.4120000000000004
2006-06-01,2,66.69391648425228,52.4017999272801,13.5,12.7,15.23,18.6,19.6,5.100000000000001,6.900000000000002,67.0,86.67,98.0,0.0,1023.13,7.67,3.9600000000000004
2006-06-02,8,70.1447424337277,50.599965798770754,13.3,12.0,15.97,20.8,21.3,7.5,9.3,60.0,82.67,95.0,0.0,1023.7,6.0,4.32
2006-06-03,15,71.73485746483215,58.14037421349576,16.0,15.8,17.33,19.6,20.2,3.6000000000000014,4.399999999999999,67.0,76.0,83.0,0.0,1018.5,9.33,6.372
2006-06-04,6,68.15134299588689,60.834493226481186,16.7,16.6,17.83,18.8,20.0,2.1000000000000014,3.3999999999999986,78.0,84.33,96.0,2.5,1013.0,13.67,4.32
2006-06-05,8,70.56047881905562,46.817640445051666,10.8,10.3,15.2,18.2,19.0,7.399999999999999,8.7,57.0,78.67,93.0,0.1,1018.67,32.0,4.32
2006-06-06,5,73.44256655920034,48.614006213199815,10.8,9.8,15.07,22.8,23.0,12.0,13.2,63.0,81.0,94.0,0.1,1017.97,7.67,1.692
2006-06-07,7,88.7328336123525,58.821864694969044,15.4,14.0,19.67,27.0,27.6,11.6,13.600000000000001,63.0,83.0,98.0,0.1,1017.2,12.0,0.8280000000000001
2006-06-08,8,102.65908494796822,63.94169405457184,18.1,17.0,23.73,31.5,31.6,13.399999999999999,14.600000000000001,41.0,70.0,89.0,0.0,1016.3,13.67,1.332
2006-06-09,9,88.08708681731231,62.9902454256729,18.3,17.0,22.5,27.8,28.4,9.5,11.399999999999999,44.0,68.0,83.0,0.0,1013.6,24.0,2.2680000000000002
2006-06-10,4,64.06645809099099,55.94149391951454,15.1,14.6,17.07,19.6,19.6,4.500000000000002,5.000000000000002,83.0,91.33,97.0,9.8,1015.97,12.33,5.148
2006-06-11,6,74.39402077409412,47.67514252592788,11.2,10.8,13.43,14.6,15.2,3.4000000000000004,4.399999999999999,65.0,79.33,95.0,9.5,1021.63,21.0,4.680000000000001
2006-06-12,6,70.52697120741682,46.22626220965173,7.8,6.4,12.0,16.8,17.2,9.0,10.799999999999999,60.0,80.67,100.0,0.0,1025.03,4.67,0.36000000000000004
2006-06-13,11,76.88033630876797,42.73721874201159,9.1,7.6,14.77,23.8,24.4,14.700000000000001,16.799999999999997,56.0,80.0,96.0,0.0,1021.33,15.33,2.52
2006-06-14,8,68.45070753870007,57.10484392516008,15.6,13.3,17.8,21.2,21.5,5.6,8.2,78.0,88.0,93.0,0.1,1018.5,10.67,0.9720000000000001
2006-06-16,18,70.15727241765845,50.99144905754832,12.2,11.2,14.73,17.2,17.9,5.0,6.699999999999999,64.0,80.33,89.0,0.1,1024.63,16.67,2.052
2006-06-17,7,70.8241979269803,45.80727259056968,11.2,10.0,13.33,17.1,17.5,5.900000000000002,7.5,66.0,79.67,88.0,0.0,1024.7,7.67,4.788
2006-06-18,10,70.32906150409006,52.724122042797816,13.6,12.4,16.13,20.9,21.6,7.299999999999999,9.200000000000001,72.0,83.33,95.0,0.9,1023.03,6.0,2.7720000000000002
2006-06-19,7,86.79481285783422,55.517940469585966,15.0,13.7,19.7,27.0,27.5,12.0,13.8,51.0,76.33,92.0,0.1,1017.13,12.0,2.7720000000000002
2006-06-20,13,84.83753031585974,69.27614,18.9,12.2,21.73,27.1,27.2,8.200000000000003,15.0,53.0,71.67,84.0,0.0,1013.73,0.0,0.0
2006-06-21,5,63.70977720217631,53.694812737751306,14.3,13.0,15.63,18.2,18.5,3.8999999999999986,5.5,87.0,90.67,93.0,24.200000000000003,1017.47,20.0,3.132
2006-06-22,11,68.33930420454394,52.26586948401031,11.8,11.0,15.23,20.9,21.2,9.099999999999998,10.2,69.0,87.0,97.0,1.2,1021.2,22.67,1.08
2006-06-23,11,69.42744664167695,57.72568705368657,14.8,14.2,16.53,19.7,20.1,4.899999999999999,5.900000000000002,61.0,81.67,93.0,0.0,1023.0,7.67,1.692
2006-06-24,6,83.48147320507863,55.801371898480376,13.4,13.0,18.33,25.6,26.4,12.200000000000001,13.399999999999999,67.0,82.33,98.0,0.0,1018.67,4.67,1.332
2006-06-25,1,93.13698031765634,57.71963705283018,17.8,15.2,22.0,28.6,29.0,10.8,13.8,49.0,76.33,93.0,0.0,1010.97,4.67,4.32
2006-06-26,4,72.2867042606623,43.92531475041952,13.1,11.6,13.9,15.2,16.0,2.0999999999999996,4.4,72.0,80.33,93.0,14.0,1010.43,23.0,22.932000000000002
2006-06-27,6,70.13326800647667,44.19738063959512,10.2,10.2,12.7,16.3,17.2,6.100000000000001,7.0,58.0,81.33,93.0,0.1,1021.77,22.67,8.64
2006-06-28,9,67.57920606578314,40.3256817859487,7.7,6.0,11.63,16.6,17.2,8.900000000000002,11.2,73.0,85.33,96.0,0.0,1029.7,7.67,1.9080000000000001
2006-06-29,10,72.18960500277797,49.35597436733729,12.0,11.0,14.63,19.7,20.1,7.699999999999999,9.100000000000001,52.0,74.67,88.0,0.0,1027.5,9.33,3.132
2006-06-30,8,69.43798797452811,47.457541688486664,9.8,8.9,14.53,20.4,20.8,10.599999999999998,11.9,62.0,83.0,97.0,0.0,1025.03,10.67,1.332
2006-07-01,5,69.58562396279999,53.03433890165037,12.8,11.5,16.23,20.8,21.5,8.0,10.0,69.0,85.0,96.0,0.0,1023.07,3.0,1.1880000000000002
2006-07-02,7,65.530177512288,57.363122975556436,14.9,14.6,16.2,18.3,18.8,3.4000000000000004,4.200000000000001,78.0,88.0,94.0,0.0,1022.57,13.67,2.8800000000000003
2006-07-03,6,71.31944724597503,55.47361557869898,13.6,12.6,16.93,21.2,22.2,7.6,9.6,67.0,83.33,98.0,0.0,1024.3,17.0,1.08
2006-07-04,6,68.71114999763532,52.36418866815296,13.4,13.1,16.87,21.2,21.5,7.799999999999999,8.4,70.0,87.33,98.0,0.2,1021.03,25.67,5.508
2006-07-05,10,72.15550879832125,55.0401856113524,13.6,12.8,17.53,22.4,23.0,8.799999999999999,10.2,69.0,86.67,98.0,0.2,1021.07,21.33,1.548
2006-07-06,9,76.03518138812805,60.374456548059186,14.6,14.5,18.43,23.5,24.2,8.9,9.7,59.0,83.0,98.0,0.2,1019.17,1.67,0.6120000000000001
2006-07-07,7,83.1229738316159,52.86158147048861,12.9,12.0,18.63,25.6,26.4,12.700000000000001,14.399999999999999,52.0,79.0,96.0,0.1,1017.27,12.0,1.9080000000000001
2006-07-08,9,87.90552077107202,58.3117588963741,18.2,15.0,21.83,27.8,28.2,9.600000000000001,13.2,56.0,70.0,77.0,0.0,1010.63,15.33,2.7720000000000002
2006-07-09,19,73.6776116517637,50.35756938644271,16.3,13.6,18.6,21.4,21.4,5.099999999999998,7.799999999999999,59.0,71.33,79.0,6.2,1012.07,28.67,15.588000000000001
2006-07-10,3,72.32845280339785,45.364197750983095,9.0,7.7,13.87,19.0,19.4,10.0,11.7,53.0,74.33,93.0,0.0,1018.93,13.67,1.1880000000000002
2006-07-11,9,80.31849973660526,44.953728648644514,11.8,9.5,16.63,25.1,25.6,13.3,16.1,59.0,75.67,90.0,0.0,1017.77,7.67,4.428
2006-07-12,9,101.9994377490783,62.448129515078776,19.2,17.8,23.87,31.6,32.0,12.400000000000002,14.2,41.0,65.67,79.0,0.0,1014.57,25.67,7.308
2006-07-13,11,95.86663776075211,65.32357179415526,21.4,18.7,25.5,31.3,31.5,9.900000000000002,12.8,41.0,58.33,68.0,0.0,1015.37,24.0,4.788
2006-07-14,9,71.57159590758415,55.970580531949274,16.4,15.2,18.7,22.8,22.8,6.400000000000002,7.600000000000001,72.0,87.0,96.0,15.399999999999999,1022.1,14.0,8.64
2006-07-15,13,60.572154076287376,53.77464295439907,15.2,14.8,15.63,16.5,16.8,1.3000000000000007,2.0,93.0,94.67,97.0,7.1,1021.83,10.67,13.428
2006-07-16,7,64.97711385187192,60.40666115693601,16.0,16.2,17.63,19.9,20.2,3.8999999999999986,4.0,87.0,91.0,94.0,0.5,1026.0,6.0,3.492
2006-07-17,11,75.76451024794828,61.541096707742774,16.3,16.1,19.3,23.6,24.3,7.300000000000001,8.2,70.0,88.0,98.0,2.1,1023.5,9.0,1.8
2006-07-18,9,77.67798690173785,60.231895933185264,16.2,15.8,19.63,23.8,24.8,7.600000000000001,9.0,69.0,85.67,96.0,0.1,1020.1,13.67,2.52
2006-07-19,8,75.6924641151152,56.26031156913525,15.7,15.0,19.37,23.6,24.0,7.900000000000002,9.0,58.0,81.33,93.0,0.1,1017.5,24.0,6.48
2006-07-20,8,79.48456347688695,50.9357564176107,11.5,10.2,17.33,24.9,25.3,13.399999999999999,15.100000000000001,62.0,80.33,96.0,0.0,1016.87,12.0,0.9720000000000001
2006-07-21,11,88.44038221119985,58.08048439551041,15.1,14.0,20.03,27.2,28.0,12.1,14.0,48.0,75.0,89.0,0.1,1017.2,12.0,1.1880000000000002
2006-07-22,9,90.62691719815894,56.67480103122973,19.2,15.0,22.97,29.9,30.0,10.7,15.0,34.0,58.67,75.0,0.0,1011.97,10.67,5.508
2006-07-23,5,73.05313385320251,56.32156425918048,17.8,16.0,19.23,21.4,21.6,3.599999999999998,5.600000000000001,70.0,74.33,83.0,0.0,1013.27,12.33,15.48
2006-07-24,8,64.89830421188708,58.97352372016543,16.0,16.4,17.47,19.4,20.0,3.3999999999999986,3.6000000000000014,89.0,90.67,94.0,3.2,1016.47,15.33,8.028
2006-07-25,11,63.31140160166406,64.6742749819974,18.5,18.2,18.8,19.3,20.2,0.8000000000000007,2.0,92.0,94.0,96.0,6.2,1012.97,21.0,3.708
2006-07-26,6,67.74699741852712,64.91589540763584,18.6,18.2,19.67,20.4,21.0,1.7999999999999972,2.8000000000000007,78.0,87.67,96.0,2.6,1011.1,31.67,3.24
2006-07-27,6,64.05299483716546,60.858391882134626,17.0,17.0,17.83,18.3,20.8,1.3000000000000007,3.8000000000000007,93.0,94.67,97.0,23.2,1006.9,16.67,6.48
2006-07-28,10,69.78321240505505,57.29531755682593,17.3,15.2,18.83,20.2,20.6,2.8999999999999986,5.400000000000002,69.0,81.67,90.0,0.0,1012.0,26.0,5.148
2006-07-29,6,82.84082474738683,41.760115239553095,10.4,10.0,13.03,15.2,15.2,4.799999999999999,5.199999999999999,50.0,59.33,72.0,0.0,1021.57,30.33,14.4
2006-07-30,7,87.2181488045043,30.08635767114704,5.2,4.0,9.17,12.1,13.2,6.8999999999999995,9.2,54.0,63.67,79.0,0.0,1026.9,28.67,7.812
2006-07-31,12,85.39011671915549,34.68452692790575,5.0,3.3,8.67,12.4,13.0,7.4,9.7,56.0,70.33,87.0,0.0,1028.8,24.33,1.9080000000000001
2006-08-01,15,76.19769079366212,32.41921849226404,5.8,3.1,9.27,13.6,14.4,7.8,11.3,60.0,79.33,94.0,0.0,1029.67,6.0,2.988
2006-08-02,7,74.6222542206448,33.97979504234764,5.6,3.2,9.5,14.7,15.4,9.1,12.2,60.0,78.33,92.0,0.0,1028.6,7.67,2.16
2006-08-03,9,69.92191436723212,46.77711848926391,9.4,8.4,12.73,18.8,19.2,9.4,10.799999999999999,65.0,80.0,91.0,0.0,1024.07,6.33,1.1880000000000002
2006-08-04,12,71.69194711337715,53.38051848515574,13.4,12.4,16.53,21.9,22.4,8.499999999999998,9.999999999999998,68.0,83.33,96.0,0.0,1019.97,9.33,2.16
2006-08-05,8,76.96583728977879,58.33199696575184,15.3,14.4,18.4,24.1,24.5,8.8,10.1,66.0,82.33,93.0,0.0,1019.23,13.67,1.548
2006-08-06,7,64.29106102303622,57.022304237856495,14.6,14.4,16.9,20.1,20.1,5.500000000000002,5.700000000000001,88.0,92.0,94.0,21.0,1016.53,9.33,2.7720000000000002
2006-08-07,15,112.58554126479365,56.22105236143218,14.8,14.8,20.43,30.7,31.8,15.899999999999999,17.0,53.0,82.67,98.0,0.2,1014.03,16.67,5.508
2006-08-08,16,78.65837097621424,61.07551412472784,20.9,17.0,21.97,23.0,25.0,2.1000000000000014,8.0,69.0,76.67,89.0,0.0,1011.63,12.33,5.867999999999999
2006-08-09,5,99.63064320484457,61.44551266522386,20.3,17.4,24.9,31.2,32.3,10.899999999999999,14.899999999999999,33.0,59.33,86.0,0.0,1006.83,10.67,7.5600000000000005
2006-08-10,6,73.0633413065919,49.58437980176288,16.0,13.0,18.0,20.6,21.8,4.600000000000001,8.8,58.0,75.0,89.0,30.400000000000002,1015.23,27.33,12.6
2006-08-11,8,70.82099864370645,50.633538284759666,13.0,12.5,15.57,18.0,20.4,5.0,7.899999999999999,64.0,78.67,89.0,2.8,1014.6,10.67,6.228
2006-08-12,9,88.81310449463882,60.84423530213937,18.5,16.4,21.57,27.6,27.6,9.100000000000001,11.200000000000003,69.0,83.33,91.0,0.1,1011.4,9.33,3.492
2006-08-13,8,72.23801731803306,58.89422914844162,18.0,16.6,20.57,22.7,23.0,4.699999999999999,6.399999999999999,81.0,86.33,93.0,1.8,1011.7,7.67,10.08
2006-08-14,7,76.7958364395905,65.77246978286885,19.8,17.3,20.77,21.3,24.5,1.5,7.199999999999999,77.0,84.33,94.0,1.0,1007.77,7.67,0.6120000000000001
2006-08-15,7,66.46855013432607,59.48741302717481,15.3,14.2,16.63,19.2,19.2,3.8999999999999986,5.0,79.0,86.67,96.0,4.9,1013.9,15.33,0.7200000000000001
2006-08-16,5,68.06640143747191,45.731031806295135,11.2,11.2,12.47,14.2,14.2,3.0,3.0,88.0,90.0,93.0,9.0,1018.8,9.33,10.908
2006-08-17,13,66.99906435160005,50.67456263624278,12.2,12.0,13.4,15.6,16.5,3.4000000000000004,4.5,79.0,87.0,92.0,1.0,1022.9,10.67,4.212
2006-08-18,9,67.83420889844928,45.44674930183281,12.5,11.0,13.13,14.2,16.2,1.6999999999999993,5.199999999999999,80.0,86.33,92.0,2.0,1020.67,16.67,10.332
2006-08-19,7,71.68477712071937,39.469972998892594,8.7,7.3,11.77,15.6,16.4,6.9,9.099999999999998,49.0,80.33,96.0,1.2,1020.0,28.67,5.148
2006-08-20,6,76.36767056463191,38.2979799044288,10.1,6.9,12.5,16.4,16.9,6.299999999999999,9.999999999999998,54.0,69.67,81.0,0.0,1017.57,16.67,5.508
2006-08-21,7,85.65063050401601,30.201180214865428,6.4,4.8,9.63,12.7,14.1,6.299999999999999,9.3,42.0,59.0,73.0,0.0,1025.57,19.67,11.268
2006-08-22,6,75.78898320236814,28.863777987566518,6.3,2.7,10.23,16.7,17.8,10.399999999999999,15.100000000000001,41.0,68.0,82.0,0.0,1023.53,10.67,5.4
2006-08-23,9,75.98234121379848,37.81489909592171,10.0,6.8,14.5,21.9,22.5,11.899999999999999,15.7,40.0,62.33,78.0,0.0,1019.57,19.67,5.867999999999999
2006-08-24,16,83.33719124391615,48.14971689807227,12.6,8.8,17.9,26.1,27.1,13.500000000000002,18.3,38.0,64.0,81.0,0.0,1019.17,13.67,0.9720000000000001
2006-08-25,8,92.11123055257613,52.52439666141071,15.0,10.8,20.37,28.9,30.4,13.899999999999999,19.599999999999998,39.0,59.0,73.0,0.0,1016.1,10.67,0.8280000000000001
2006-08-26,6,73.55967235324803,62.60609858872791,18.9,15.8,19.87,21.3,21.8,2.400000000000002,6.0,67.0,73.0,83.0,0.1,1007.63,19.67,0.7200000000000001
2006-08-27,7,66.87706866013987,52.31728996316259,15.4,13.7,16.07,16.7,16.9,1.299999999999999,3.1999999999999993,77.0,86.67,96.0,4.8,1009.53,27.0,9.0
2006-08-28,13,80.55393962031813,37.617898225151116,9.9,7.7,12.9,15.1,15.8,5.199999999999999,8.100000000000001,46.0,63.33,75.0,0.0,1020.0,21.33,10.188
2006-08-29,7,76.52317983191818,36.80560274403058,8.8,5.8,11.77,16.9,17.4,8.099999999999998,11.599999999999998,44.0,67.33,79.0,0.0,1026.4,15.33,4.32
2006-08-30,7,75.1213018248312,39.6077026412172,9.9,8.2,14.27,20.9,21.0,10.999999999999998,12.8,51.0,64.33,83.0,0.0,1024.5,12.0,8.388
2006-08-31,10,76.15666365507597,51.229816993659085,13.6,12.6,17.63,23.4,23.8,9.799999999999999,11.200000000000001,59.0,73.67,88.0,3.8,1019.23,9.33,5.508
2006-09-01,10,69.33630411044817,53.12780688128017,14.5,13.3,17.67,20.3,20.7,5.800000000000001,7.399999999999999,73.0,83.0,92.0,0.0,1011.4,15.33,4.932
2006-09-02,8,70.94598040406436,46.07177716098913,15.0,11.8,15.77,16.2,17.8,1.1999999999999993,6.0,66.0,79.0,88.0,3.9,1004.33,19.67,14.868
2006-09-03,16,80.45113485369929,35.50189880753045,9.8,8.0,11.87,14.0,15.4,4.199999999999999,7.4,47.0,66.33,83.0,0.1,1014.2,30.33,19.332
2006-09-04,10,88.7494338339714,30.682837632255794,7.3,5.0,9.87,11.3,13.0,4.000000000000001,8.0,33.0,59.67,89.0,0.0,1022.43,29.0,11.268
2006-09-05,17,84.12811017818018,30.58993035181635,6.8,3.8,10.1,13.9,14.8,7.1000000000000005,11.0,48.0,57.33,74.0,0.0,1022.67,22.67,6.372
2006-09-06,13,75.53126003918341,30.891161233869642,8.5,4.4,11.27,16.3,16.9,7.800000000000001,12.499999999999998,56.0,71.67,80.0,0.0,1029.73,19.67,8.028
2006-09-07,7,75.87853255063641,39.88610024872024,11.3,7.6,14.67,21.1,22.4,9.8,14.799999999999999,44.0,62.67,74.0,0.0,1024.63,14.0,5.508
2006-09-08,13,79.21214419158403,50.7149301301742,14.2,11.9,17.67,24.2,25.2,10.0,13.299999999999999,58.0,72.0,80.0,0.0,1017.03,12.0,3.8520000000000003
2006-09-09,13,70.19424605238419,58.711667989940565,17.3,14.8,19.0,21.7,22.2,4.399999999999999,7.399999999999999,69.0,87.0,96.0,24.5,1014.87,15.33,1.9080000000000001
2006-09-10,8,79.66031888284786,47.18655518213028,14.5,10.0,17.97,24.6,25.4,10.100000000000001,15.399999999999999,53.0,70.0,85.0,0.0,1017.37,21.0,3.132
2006-09-11,8,104.02826972481388,57.98829839692843,17.8,15.9,23.8,31.8,32.2,14.0,16.300000000000004,48.0,67.33,78.0,0.0,1013.1,25.67,7.452
2006-09-12,6,78.81911864955015,57.67975074799958,17.8,15.4,20.9,25.2,25.1,7.399999999999999,9.700000000000001,80.0,82.33,84.0,0.0,1013.53,10.67,5.292
2006-09-13,14,66.89563104868955,52.35767143587795,14.7,13.8,15.1,15.4,17.2,0.7000000000000011,3.3999999999999986,79.0,86.33,91.0,8.700000000000001,1015.77,15.33,9.612
2006-09-14,11,69.08580581628102,57.67975074799958,16.0,15.4,17.67,20.1,22.2,4.100000000000001,6.799999999999999,82.0,90.33,96.0,0.7999999999999999,1009.13,23.0,5.292
2006-09-15,8,64.01927097646089,56.02544822093861,16.3,15.0,16.7,17.0,20.4,0.6999999999999993,5.399999999999999,90.0,93.33,98.0,50.3,1010.2,13.67,7.092
2006-09-16,11,74.3432109729103,42.36218609224056,13.8,8.2,16.2,19.8,20.6,6.0,12.400000000000002,39.0,67.67,94.0,0.2,1022.17,9.33,4.068
2006-09-17,8,77.06305404485933,49.597934586583,12.8,12.0,17.3,23.3,24.0,10.5,12.0,57.0,67.33,74.0,0.0,1021.0,12.33,6.012
2006-09-18,8,80.91925900051206,50.67456263624278,15.5,12.0,18.97,25.1,25.8,9.600000000000001,13.8,59.0,76.0,87.0,0.0,1019.33,13.67,4.212
2006-09-19,10,85.97148584003438,50.64156730400546,17.0,12.4,20.5,26.5,27.5,9.5,15.1,49.0,72.33,88.0,0.0,1016.4,10.67,5.760000000000001
2006-09-20,9,68.32865363324179,60.098457717951604,17.7,16.4,18.47,19.2,20.4,1.5,4.0,78.0,84.67,95.0,7.9,1010.4,15.0,4.932
2006-09-21,6,68.96904235045551,56.875402453779515,17.0,15.4,17.77,18.9,22.0,1.8999999999999986,6.6,83.0,89.33,96.0,3.2,1012.9,24.33,7.308
2006-09-22,6,89.96499759483491,58.974040928465016,15.4,15.0,19.43,27.5,28.0,12.1,13.0,54.0,80.67,96.0,0.0,1014.63,15.33,2.052
2006-09-23,7,75.44786399891302,58.25410020087564,19.8,16.2,19.97,20.1,23.0,0.3000000000000007,6.800000000000001,57.0,69.67,81.0,0.0,1012.2,18.33,8.892000000000001
2006-09-24,8,75.79113122460666,50.1164188656169,12.7,11.0,15.43,17.4,19.6,4.699999999999999,8.600000000000001,49.0,62.67,77.0,0.0,1020.53,18.33,2.4120000000000004
2006-09-25,9,74.21974659638119,43.44923120201908,11.6,8.0,15.17,20.5,20.9,8.9,12.899999999999999,48.0,68.33,80.0,0.0,1024.17,9.33,2.628
2006-09-26,12,76.79589918640016,45.65936255138049,13.9,10.9,17.37,22.4,23.0,8.499999999999998,12.1,45.0,57.0,71.0,0.0,1024.1,10.67,9.107999999999999
2006-09-27,7,82.72662744796793,50.34245581725882,16.0,11.6,20.03,26.4,27.2,10.399999999999999,15.6,44.0,58.0,71.0,0.0,1019.97,9.33,3.492
2006-09-28,8,76.5995290152002,61.21816755274242,19.7,16.5,20.2,20.6,24.0,0.9000000000000021,7.5,62.0,73.0,79.0,0.0,1018.77,15.33,3.24
2006-09-29,11,74.65406510358355,52.29103157786115,16.5,13.8,18.43,21.2,22.0,4.699999999999999,8.2,53.0,68.67,85.0,0.0,1021.9,14.0,9.828
2006-09-30,4,78.78971144261389,47.59821475852427,14.6,11.9,18.57,24.1,25.0,9.500000000000002,13.1,47.0,61.33,74.0,0.0,1021.8,10.67,10.332
2006-10-01,6,79.71388634083202,57.807243359381495,16.6,15.3,19.5,24.2,25.4,7.599999999999998,10.099999999999998,62.0,73.0,81.0,0.0,1017.57,12.33,4.572
2006-10-02,10,87.49770850804026,60.38951377310247,19.8,16.4,22.13,25.8,27.8,6.0,11.400000000000002,59.0,74.33,83.0,0.0,1014.77,9.33,4.32
2006-10-03,10,96.81723659443192,60.38937906225149,18.3,15.4,22.3,28.8,29.8,10.5,14.4,55.0,76.0,90.0,0.0,1013.53,12.33,1.548
2006-10-04,5,100.17857351037459,65.00582525740833,20.4,18.6,23.47,29.2,30.7,8.8,12.099999999999998,52.0,73.67,87.0,0.0,1011.57,12.33,5.04
2006-10-05,10,77.16550376986804,60.27820141153362,20.8,16.1,21.37,21.8,24.7,1.0,8.599999999999998,85.0,88.0,93.0,3.6,1010.5,23.0,3.3480000000000003
2006-10-06,9,77.58785607785025,48.53314383174371,16.1,12.0,18.03,21.6,24.4,5.5,12.399999999999999,56.0,69.67,77.0,1.3,1018.8,15.33,8.388
2006-10-07,6,71.48886927687897,53.76684862695135,16.7,14.0,17.7,19.4,20.2,2.6999999999999993,6.199999999999999,69.0,76.67,85.0,0.0,1018.53,15.33,6.9479999999999995
2006-10-08,8,76.59155262776378,51.61321628120047,17.0,13.0,19.37,22.9,23.4,5.899999999999999,10.399999999999999,50.0,63.67,74.0,0.0,1019.23,10.67,6.588
2006-10-09,8,94.68595536892451,51.27049146921169,15.6,12.9,21.67,30.0,30.5,14.4,17.6,51.0,64.33,75.0,0.0,1017.73,11.0,6.84
2006-10-10,9,120.57663838000008,64.7706861708015,20.2,17.7,25.7,33.8,35.0,13.599999999999998,17.3,42.0,68.0,85.0,0.0,1014.9,3.0,1.9080000000000001
2006-10-11,10,94.1150668844433,66.37669898654642,20.0,18.6,24.0,27.4,29.1,7.399999999999999,10.5,66.0,77.67,93.0,17.0,1012.8,18.33,2.2680000000000002
2006-10-12,6,79.15091743046413,59.3717276202303,18.6,16.0,20.8,23.8,25.2,5.199999999999999,9.2,71.0,82.0,94.0,0.0,1013.47,15.33,4.572
2006-10-13,2,88.30322033880563,64.6690134172228,20.0,19.0,23.2,27.0,27.8,7.0,8.8,64.0,77.67,89.0,0.0,1013.5,10.67,9.828
2006-10-14,1,103.48002934553686,68.36112975307478,20.4,20.0,25.4,31.0,31.6,10.600000000000001,11.600000000000001,58.0,71.33,89.0,0.0,1011.17,9.33,4.428
2006-10-15,10,80.6360325546906,66.48616569017511,20.6,19.6,21.47,22.2,25.6,1.5999999999999979,6.0,84.0,87.67,93.0,8.8,1012.13,15.33,7.920000000000001
2006-10-16,8,75.36065725079249,58.66749818073926,19.2,16.4,20.53,22.8,23.4,3.6000000000000014,7.0,58.0,74.33,97.0,6.5,1019.2,19.67,9.107999999999999
2006-10-17,8,77.94505400067655,46.56513311406988,16.4,12.0,19.5,23.0,24.5,6.600000000000001,12.5,53.0,65.33,78.0,0.0,1019.8,12.33,14.868
2006-10-18,5,76.62992292608317,55.46601103502927,16.6,15.0,18.23,20.5,24.0,3.8999999999999986,9.0,66.0,72.67,77.0,0.0,1013.7,12.33,8.748000000000001
2006-10-19,10,71.48877310840008,59.823176412092465,17.8,17.0,18.37,19.2,20.5,1.3999999999999986,3.5,72.0,77.0,84.0,0.0,1016.9,14.0,10.188
2006-10-20,6,75.55912091719406,57.022154271920606,17.0,15.6,18.67,20.6,22.7,3.6000000000000014,7.1,55.0,66.67,80.0,0.1,1020.67,12.33,8.28
2006-10-21,8,80.1366980943636,51.04551371575292,15.8,12.0,19.93,25.4,25.8,9.599999999999998,13.8,50.0,60.67,68.0,0.0,1021.0,10.67,3.708
2006-10-22,2,85.83896804639986,51.30267539248025,17.2,13.0,21.17,27.2,28.0,10.0,15.0,42.0,64.0,78.0,0.0,1018.7,7.67,7.308
2006-10-23,9,93.72050691923212,56.44776471284132,19.5,15.1,23.87,29.7,30.4,10.2,15.299999999999999,46.0,63.0,81.0,0.0,1018.2,15.33,6.588
2006-10-24,8,97.72797332430542,62.005736162882286,20.8,17.2,24.73,30.8,31.8,10.0,14.600000000000001,40.0,59.67,77.0,0.0,1016.3,19.67,4.680000000000001
2006-10-25,6,103.19798921002821,64.89533364381654,22.4,18.8,26.1,32.0,33.3,9.600000000000001,14.499999999999996,42.0,58.0,75.0,0.0,1013.83,25.67,6.84
2006-10-26,5,91.6661364129255,60.43574138866004,21.1,17.2,24.03,28.2,29.4,7.099999999999998,12.2,60.0,67.67,82.0,0.0,1013.03,16.67,9.612
2006-10-27,5,77.92780920892795,55.18566043410375,17.2,14.9,20.23,24.0,24.4,6.800000000000001,9.499999999999998,49.0,61.0,78.0,0.0,1014.33,13.67,8.892000000000001
2006-10-28,4,88.43653434382819,57.140735807351476,17.7,16.0,22.37,28.1,28.8,10.400000000000002,12.8,48.0,64.33,78.0,0.0,1013.63,9.0,11.412
2006-10-29,1,100.27327078791333,61.57730509700396,19.6,17.5,24.8,30.8,31.8,11.2,14.3,48.0,64.33,83.0,0.0,1010.03,10.67,7.920000000000001
2006-10-30,4,98.32803924163224,67.72837772000327,22.2,20.0,25.1,28.4,30.4,6.199999999999999,10.399999999999999,66.0,73.0,78.0,1.3,1008.4,13.67,6.588
2006-10-31,5,84.54865336263515,67.9420395356201,22.5,20.2,23.8,25.5,26.8,3.0,6.600000000000001,74.0,78.67,82.0,0.0,1008.17,10.67,7.668
2006-11-01,1,80.60573128226201,67.4835971253091,21.7,19.7,22.33,23.5,25.6,1.8000000000000007,5.900000000000002,82.0,86.33,91.0,0.0,1011.57,13.67,5.04
2006-11-02,7,83.51689514337343,65.48715924327695,19.7,19.0,22.2,26.0,26.6,6.300000000000001,7.600000000000001,58.0,76.33,90.0,0.4,1012.0,7.67,6.372
2006-11-03,5,87.27850941947463,58.15073486287074,19.8,16.0,23.0,26.8,28.0,7.0,12.0,49.0,70.33,89.0,0.0,1013.73,12.33,7.668
2006-11-04,5,77.4332756088,59.70726296627208,19.3,16.7,21.47,22.7,24.0,3.3999999999999986,7.300000000000001,57.0,61.0,69.0,0.0,1017.03,12.33,7.920000000000001
2006-11-05,2,92.51884475260792,62.462161324447194,19.6,18.4,23.3,26.7,29.4,7.099999999999998,11.0,62.0,70.0,79.0,0.0,1011.83,10.67,14.148000000000001
2006-11-06,5,81.53626499101378,66.91789848798403,20.2,19.9,22.03,24.7,25.8,4.5,5.900000000000002,83.0,89.33,94.0,43.900000000000006,1004.1,25.67,9.251999999999999
2006-11-07,9,76.80997376045363,58.19528046595173,18.7,16.1,20.43,21.6,23.6,2.900000000000002,7.5,44.0,63.67,86.0,0.0,1015.27,15.33,8.28
2006-11-08,7,76.30283675795964,48.67982526150618,15.9,11.8,17.9,21.4,22.0,5.499999999999998,10.2,46.0,57.67,69.0,0.0,1018.8,19.67,6.9479999999999995
2006-11-09,5,77.54611021434515,45.85206769784354,14.8,10.2,18.3,23.5,23.8,8.7,13.600000000000001,36.0,51.67,70.0,0.0,1017.87,17.0,5.4
2006-11-10,9,82.66394234918025,48.87153611699674,17.2,12.0,20.83,26.9,27.6,9.7,15.600000000000001,26.0,51.67,68.0,0.0,1015.13,23.0,7.5600000000000005
2006-11-11,5,75.93549201520015,57.709756623642335,18.9,15.0,20.17,21.8,23.0,2.900000000000002,8.0,56.0,66.0,71.0,0.2,1018.7,18.33,3.6
2006-11-12,6,82.09983153923216,55.81947184554949,16.8,15.0,21.37,26.0,26.8,9.2,11.8,49.0,60.0,70.0,0.0,1022.2,13.67,7.668
2006-11-13,8,87.00668302848865,57.17816735290392,18.8,15.8,23.2,28.8,29.2,10.0,13.399999999999999,42.0,54.67,72.0,0.0,1022.3,12.33,9.360000000000001
2006-11-14,12,96.19831685553115,61.40179344955266,20.9,17.0,24.93,31.2,32.1,10.3,15.100000000000001,38.0,54.33,72.0,0.0,1015.13,6.33,5.04
2006-11-15,7,108.62573931069416,63.7086007165111,21.9,18.4,26.7,33.4,34.4,11.5,16.0,38.0,58.33,79.0,0.0,1012.3,27.0,7.812
2006-11-16,7,110.39004301774548,72.15274658117,26.0,21.8,29.93,35.0,36.4,9.0,14.599999999999998,34.0,48.67,57.0,0.0,1009.23,15.33,5.292
2006-11-17,6,73.62371409430033,65.43604093041029,20.1,19.7,21.1,21.8,23.5,1.6999999999999993,3.8000000000000007,71.0,86.0,96.0,13.2,1011.0,18.33,15.840000000000002
2006-11-18,1,66.41241590439996,62.34501653913638,19.1,17.2,19.87,20.5,20.5,1.3999999999999986,3.3000000000000007,81.0,89.0,96.0,4.8,1014.67,17.0,3.9600000000000004
2006-11-19,6,61.83821319395227,56.93745454765305,16.7,15.5,16.87,17.2,17.6,0.5,2.1000000000000014,91.0,93.0,95.0,14.0,1018.1,14.0,7.812
2006-11-20,7,78.69432814000002,55.247365919164146,15.5,15.2,19.3,23.8,25.0,8.3,9.8,57.0,75.0,91.0,5.1,1014.4,12.33,11.268
2006-11-21,8,91.22820517413747,55.94661461022964,17.8,15.0,22.9,29.1,29.6,11.3,14.600000000000001,48.0,64.33,80.0,0.0,1015.3,12.33,7.308
2006-11-22,5,100.02280733990428,64.53016191371984,21.7,18.8,25.17,29.8,31.5,8.100000000000001,12.7,50.0,66.33,76.0,0.0,1012.27,18.33,8.28
2006-11-23,8,92.95195605892486,58.14037421349576,22.1,15.8,24.93,29.3,30.6,7.199999999999999,14.8,48.0,59.33,66.0,0.0,1013.57,12.33,6.372
2006-11-24,6,106.35519034417085,67.00953432869159,21.4,19.8,26.97,32.9,33.2,11.5,13.400000000000002,53.0,63.33,72.0,0.0,1009.5,19.67,7.668
2006-11-25,4,78.18165904000027,71.20630548155015,21.2,21.0,22.53,24.2,25.0,3.0,4.0,81.0,90.0,96.0,31.6,1012.73,12.0,2.7720000000000002
2006-11-26,5,79.82011352003218,66.11748036240317,22.0,19.6,22.9,24.3,25.4,2.3000000000000007,5.799999999999997,68.0,83.0,94.0,4.8999999999999995,1011.3,17.0,9.72
2006-11-27,3,76.92896636484548,60.90676171880213,19.6,17.8,21.1,22.2,24.1,2.599999999999998,6.300000000000001,64.0,71.33,81.0,0.0,1014.4,17.0,14.652000000000001
2006-11-28,7,87.63341332665982,62.56357247166761,18.5,18.0,21.43,25.8,27.6,7.300000000000001,9.600000000000001,65.0,78.33,87.0,0.0,1012.37,12.33,8.64
2006-11-29,6,73.61544490572781,65.50743832499475,20.6,19.4,20.93,21.6,23.4,1.0,4.0,79.0,84.67,89.0,0.3,1012.1,15.33,10.44
2006-11-30,7,84.71137451920015,61.02725492784847,19.4,17.6,22.37,25.5,27.0,6.100000000000001,9.399999999999999,61.0,75.0,84.0,0.0,1016.17,14.0,11.268
2006-12-01,6,95.48408536983024,59.10274524157774,19.9,16.5,24.53,30.2,31.0,10.3,14.5,50.0,61.67,77.0,0.0,1016.03,12.33,8.388
2006-12-02,4,104.33946481131565,65.35719270058283,22.0,19.0,26.6,32.2,33.6,10.200000000000003,14.600000000000001,40.0,57.67,81.0,0.0,1013.17,12.33,6.84
2006-12-03,7,110.4595311206466,72.58774926562327,26.0,21.8,28.8,33.9,35.2,7.899999999999999,13.400000000000002,39.0,55.67,67.0,0.0,1011.0,11.0,3.708
2006-12-04,9,88.4456719728964,70.25724364583175,24.5,21.4,26.63,28.4,28.4,3.8999999999999986,7.0,60.0,69.33,78.0,0.0,1012.13,17.0,10.692
2006-12-05,3,86.21081785754599,63.03450046736176,20.2,18.2,22.47,25.8,27.4,5.600000000000001,9.2,63.0,75.33,84.0,0.0,1014.63,14.0,8.64
2006-12-06,6,80.1430786774397,68.41876796832781,20.6,20.6,22.1,24.3,25.5,3.6999999999999993,4.899999999999999,70.0,81.33,95.0,15.100000000000001,1013.47,17.0,10.188
2006-12-07,5,82.720040840302,59.78985234644257,20.6,17.0,22.93,25.9,27.0,5.299999999999997,10.0,48.0,61.33,79.0,0.0,1013.43,14.0,10.332
2006-12-08,6,85.4549665904321,62.30767392295426,19.8,17.8,23.17,26.8,27.8,7.0,10.0,55.0,65.0,75.0,0.0,1011.23,13.67,7.812
2006-12-09,7,93.19108565737967,64.65059595954888,21.0,18.4,24.27,28.8,29.5,7.800000000000001,11.100000000000001,62.0,70.67,77.0,0.0,1012.0,15.33,4.788
2006-12-10,5,96.36301002083184,68.88660893629292,22.6,20.4,25.1,29.2,29.8,6.599999999999998,9.400000000000002,59.0,75.0,86.0,0.0,1012.17,10.67,5.652
2006-12-11,8,103.27460019212812,69.80704994947709,22.4,21.0,26.53,30.8,31.6,8.400000000000002,10.600000000000001,55.0,71.0,87.0,0.0,1013.0,13.67,7.668
2006-12-12,1,109.4570178256002,71.82321949531057,22.8,21.8,27.77,33.7,34.0,10.900000000000002,12.2,43.0,62.0,82.0,0.0,1013.83,18.33,6.84
2006-12-13,5,98.04139599601547,70.4830531928043,23.8,21.0,26.63,30.1,31.3,6.300000000000001,10.3,57.0,64.33,73.0,0.0,1012.37,19.67,4.788
2006-12-14,7,126.6041108159154,72.10225580434656,24.1,21.8,29.5,36.2,37.2,12.100000000000001,15.400000000000002,38.0,60.67,83.0,0.0,1009.67,15.33,5.508
2006-12-15,8,126.17676326237479,72.75368139059808,26.2,22.0,29.6,34.4,35.8,8.2,13.799999999999997,51.0,68.33,81.0,6.5,1010.07,14.0,4.680000000000001
2006-12-16,6,113.48673796404405,73.46702418602612,26.0,22.2,28.73,33.0,33.6,7.0,11.400000000000002,57.0,69.67,78.0,0.0,1011.8,10.67,3.708
2006-12-17,7,139.52762323452157,74.21503301809122,25.0,22.4,29.83,37.1,37.6,12.100000000000001,15.200000000000003,46.0,68.67,84.0,0.0,1009.33,9.33,2.7720000000000002
2006-12-18,6,100.38312925238432,75.70840571294502,25.4,23.6,26.6,28.8,30.2,3.400000000000002,6.599999999999998,74.0,79.0,89.0,41.7,1009.27,12.0,9.0
2006-12-19,15,125.70793935690494,74.56553477886482,24.7,22.0,27.97,32.7,34.2,8.000000000000004,12.200000000000003,61.0,78.33,90.0,1.0,1008.4,4.67,0.8280000000000001
2006-12-20,6,104.90836851048421,76.59690452946018,27.3,23.6,29.03,31.2,32.2,3.8999999999999986,8.600000000000001,64.0,68.67,75.0,0.0,1006.33,24.67,3.492
2006-12-21,5,91.89567416929874,68.01851777616858,22.6,20.0,24.47,27.0,28.7,4.399999999999999,8.7,65.0,76.67,85.0,10.0,1010.1,20.0,5.508
2006-12-22,3,96.9165727781416,66.84693424329808,22.1,19.0,26.1,31.2,31.6,9.099999999999998,12.600000000000001,46.0,59.67,73.0,0.0,1013.9,6.0,2.8800000000000003
2006-12-23,8,115.37466733665238,69.76742500752809,23.0,20.7,28.7,35.0,35.2,12.0,14.500000000000004,49.0,61.33,77.0,0.0,1010.77,9.33,4.932
2006-12-24,9,88.70019731519986,69.64623530259033,24.8,20.9,26.0,27.0,28.0,2.1999999999999993,7.100000000000001,70.0,76.0,80.0,39.4,1007.23,20.0,7.308
2006-12-25,6,93.62842417859247,72.95111425844973,23.3,22.0,24.7,25.7,28.6,2.3999999999999986,6.600000000000001,79.0,83.0,90.0,16.5,1007.7,25.67,3.9600000000000004
2006-12-26,13,92.51884475260792,70.38593362418952,23.1,21.2,24.97,28.4,29.4,5.299999999999997,8.2,48.0,70.0,91.0,5.8,1010.57,24.33,7.092
2006-12-27,7,92.81844972169607,64.53955062765125,22.4,17.2,25.27,29.8,30.6,7.400000000000002,13.400000000000002,43.0,59.0,76.0,0.0,1014.4,19.67,1.1880000000000002
2006-12-28,5,99.84439624240031,63.75329484674033,22.7,18.0,26.37,31.6,32.0,8.900000000000002,14.0,44.0,62.0,75.0,0.0,1017.0,16.67,4.788
2006-12-29,6,113.13169987791478,72.17526449637354,23.6,22.0,27.83,32.6,33.4,9.0,11.399999999999999,56.0,70.67,83.0,0.0,1016.77,15.33,7.452
2006-12-30,11,117.01132621852214,74.346299106429,24.7,22.6,29.17,34.6,35.0,9.900000000000002,12.399999999999999,50.0,64.33,80.0,0.0,1015.33,13.0,3.708
2006-12-31,8,111.5192292907002,71.887601707021,27.5,21.6,29.37,32.6,33.5,5.100000000000001,11.899999999999999,60.0,68.0,73.0,0.0,1015.47,9.0,4.572
2007-01-01,7,116.19392464636789,72.88304128130773,26.1,22.2,29.6,34.6,35.4,8.5,13.2,46.0,61.0,76.0,0.0,1012.13,16.67,6.12
2007-01-02,3,112.38901372164293,76.33632979983669,27.4,23.6,30.17,34.5,34.5,7.100000000000001,10.899999999999999,50.0,62.33,76.0,0.0,1010.83,15.33,4.680000000000001
2007-01-03,9,114.7178665173442,79.4317591170032,27.3,24.7,29.57,33.2,34.0,5.900000000000002,9.3,55.0,68.33,79.0,0.0,1009.83,3.0,1.8
2007-01-04,7,118.81983575723997,76.6906561009456,24.7,23.6,28.2,31.2,33.6,6.5,10.0,64.0,75.67,93.0,9.7,1006.5,18.0,3.132
2007-01-05,1,111.35093816538247,77.12783889882232,25.7,24.0,28.03,31.4,32.0,5.699999999999999,8.0,68.0,79.33,86.0,0.7,1007.23,10.67,5.292
2007-01-06,6,90.5782595895999,71.53790973179339,26.2,22.0,26.93,28.4,29.0,2.1999999999999993,7.0,57.0,69.0,80.0,1.9000000000000001,1010.73,13.67,11.988000000000001
2007-01-07,12,90.53227480388637,65.93105634055212,23.1,19.1,25.9,29.2,29.6,6.099999999999998,10.5,50.0,62.33,72.0,0.0,1015.83,12.33,5.652
2007-01-08,4,87.56331520940819,68.7651989967049,22.8,20.8,24.47,27.6,28.4,4.800000000000001,7.599999999999998,53.0,66.0,75.0,0.0,1016.27,12.33,11.052
2007-01-09,4,104.55180348095664,68.87454474254861,23.1,20.6,27.2,31.9,32.7,8.799999999999997,12.100000000000001,50.0,64.33,80.0,0.0,1014.17,14.0,7.668
2007-01-10,6,127.57116143852801,72.56380261505373,24.8,22.2,29.43,35.8,36.4,10.999999999999996,14.2,50.0,66.0,81.0,0.0,1009.8,14.0,7.920000000000001
2007-01-11,8,119.37969439959977,77.8451885728942,25.8,24.3,27.77,30.5,33.5,4.699999999999999,9.2,71.0,77.0,80.0,0.0,1008.47,17.0,5.04
2007-01-12,8,97.48066741307134,77.00197182636612,24.3,24.0,26.53,29.2,29.6,4.899999999999999,5.600000000000001,65.0,79.67,92.0,13.299999999999999,1006.93,12.33,6.12
2007-01-13,7,107.50326694443517,69.92162316003677,23.6,20.7,26.8,31.8,32.6,8.2,11.900000000000002,44.0,69.33,87.0,0.0,1005.67,24.0,4.428
2007-01-14,7,84.94396924465072,69.34130933563765,21.2,20.6,24.57,27.8,28.0,6.600000000000001,7.399999999999999,50.0,59.67,70.0,0.1,1009.93,24.33,5.652
2007-01-15,9,84.38528058947765,57.41949658225916,20.6,15.0,23.83,28.2,28.5,7.599999999999998,13.5,38.0,50.67,59.0,0.0,1013.53,13.67,4.068
2007-01-16,5,85.13503609715211,59.92826433022939,22.7,16.7,24.53,27.8,28.8,5.100000000000001,12.100000000000001,34.0,51.0,61.0,0.0,1014.63,14.0,7.2
2007-01-17,5,92.46648397515895,68.45409306045352,21.4,20.4,24.8,29.8,30.0,8.400000000000002,9.600000000000001,55.0,63.67,72.0,0.0,1011.07,21.33,7.452
2007-01-18,3,89.86717867665169,66.99208821619504,23.0,20.2,25.87,27.4,28.4,4.399999999999999,8.2,67.0,74.33,88.0,17.2,1006.77,10.67,13.32
2007-01-19,9,114.04859497025275,68.39914393391935,23.6,20.0,27.07,33.0,33.6,9.399999999999999,13.600000000000001,51.0,70.33,85.0,0.0,1010.9,19.67,4.32
2007-01-20,4,85.35016431606411,66.80751135207166,19.8,19.6,22.47,25.6,26.8,5.800000000000001,7.199999999999999,67.0,84.0,95.0,20.700000000000003,1011.77,10.67,6.588
2007-01-21,7,82.95206040250572,66.07666016672533,19.6,19.0,22.03,25.5,26.5,5.899999999999999,7.5,55.0,74.33,87.0,0.9,1018.67,12.33,4.572
2007-01-22,5,90.99550697488634,59.73137993790658,20.0,16.6,23.93,29.0,29.6,9.0,13.0,54.0,63.67,73.0,0.0,1015.07,10.67,7.092
2007-01-23,4,111.05068891075452,68.61528053201616,22.6,20.4,26.97,33.3,34.2,10.699999999999996,13.800000000000004,50.0,62.67,72.0,0.0,1011.57,7.67,6.732
2007-01-24,4,116.86343817355487,73.0899266587922,26.6,22.2,29.87,35.0,35.8,8.399999999999999,13.599999999999998,46.0,59.33,70.0,0.0,1010.8,13.67,5.148
2007-01-25,2,117.5641856691958,75.79757393341498,28.4,23.4,30.53,34.6,35.2,6.200000000000003,11.800000000000004,52.0,63.67,73.0,0.0,1009.8,10.67,5.148
2007-01-26,8,88.21943267596811,76.28835643538204,24.6,23.6,25.73,26.6,27.8,2.0,4.199999999999999,74.0,77.33,84.0,1.0,1009.67,15.33,4.932
2007-01-27,1,115.991176168757,75.72175623905346,24.6,23.2,27.2,31.6,32.7,7.0,9.500000000000004,62.0,79.33,89.0,0.1,1008.37,15.33,3.492
2007-01-28,8,92.91830625788806,75.48158973502049,25.3,23.4,26.7,28.6,28.6,3.3000000000000007,5.200000000000003,75.0,81.0,88.0,10.4,1009.23,15.33,7.092
2007-01-29,4,91.6068613900481,70.77123527244652,22.6,21.6,24.4,26.0,28.2,3.3999999999999986,6.599999999999998,76.0,83.0,89.0,10.1,1011.67,13.67,10.44
2007-01-30,3,97.17378219513606,68.61528053201616,23.4,20.4,25.9,29.4,29.6,6.0,9.200000000000003,64.0,79.0,90.0,2.9000000000000004,1012.87,13.67,6.732
2007-01-31,6,95.62060738666061,68.90320215686924,23.2,21.0,25.97,29.2,29.8,6.0,8.8,65.0,73.33,81.0,0.0,1012.87,10.67,13.68
2007-02-01,4,106.07215599040038,71.11071553063323,23.8,21.0,26.5,31.3,32.0,7.5,11.0,48.0,72.0,85.0,0.0,1013.67,12.33,2.988
2007-02-02,5,102.764791837438,69.42912643997283,25.6,20.5,28.1,33.1,33.3,7.5,12.799999999999997,41.0,57.33,68.0,0.0,1013.8,18.0,4.572
2007-02-03,3,105.24683131865602,64.64518019119097,24.6,18.6,28.13,33.6,34.0,9.0,15.399999999999999,35.0,56.33,68.0,0.0,1011.5,21.33,6.12
2007-02-04,7,112.17157187501724,68.01185513261754,24.6,19.0,28.77,35.3,35.6,10.699999999999996,16.6,39.0,55.33,68.0,0.0,1009.73,6.33,1.332
2007-02-05,7,102.75494915080024,76.5073367879487,25.6,23.8,27.07,28.0,31.5,2.3999999999999986,7.699999999999999,67.0,71.0,78.0,4.0,1008.1,17.0,6.372
2007-02-06,7,111.9844053467407,68.40220314032902,21.8,20.2,24.87,28.2,31.6,6.399999999999999,11.400000000000002,75.0,83.67,95.0,25.6,1007.73,19.67,5.760000000000001
2007-02-07,7,93.05950254552953,77.05482059905076,25.8,24.0,27.53,28.6,29.5,2.8000000000000007,5.5,68.0,70.33,72.0,0.0,1008.57,27.33,5.760000000000001
2007-02-08,5,94.45804445628396,64.35459802595895,24.4,19.0,25.9,28.9,29.7,4.5,10.7,56.0,71.67,82.0,0.0,1017.57,10.67,11.520000000000001
2007-02-09,5,94.62167105654429,66.5663152278376,22.7,19.9,25.57,29.4,30.2,6.699999999999999,10.3,51.0,67.0,77.0,0.0,1019.47,10.67,11.268
2007-02-10,8,110.39465758750033,71.52830328860449,23.4,21.8,26.87,32.0,32.5,8.600000000000001,10.7,58.0,74.0,84.0,0.0,1015.2,18.33,8.532
2007-02-11,5,85.62281347012166,66.96140386874744,24.4,20.0,25.37,27.2,27.7,2.8000000000000007,7.699999999999999,54.0,67.33,83.0,0.4,1017.53,13.67,10.332
2007-02-12,5,83.70549394340811,58.86585589689083,21.2,16.5,23.4,26.2,27.3,5.0,10.8,56.0,63.0,67.0,0.0,1016.57,10.67,9.251999999999999
2007-02-13,9,93.0905004242924,64.00274588758768,21.2,18.4,25.2,30.2,30.6,9.0,12.200000000000003,48.0,59.67,69.0,0.0,1014.43,9.33,6.732
2007-02-14,8,97.92263477231032,68.21592244507326,22.6,19.9,25.2,30.0,31.0,7.399999999999999,11.100000000000001,52.0,66.67,77.0,0.0,1011.2,21.33,4.212
2007-02-15,2,102.82198116029126,69.22176968570028,24.4,20.6,26.97,31.3,32.3,6.900000000000002,11.699999999999996,52.0,64.67,72.0,0.0,1009.8,10.67,6.12
2007-02-16,15,123.24812848828797,69.43710378865848,24.0,20.3,28.37,34.5,36.6,10.5,16.3,43.0,61.0,77.0,0.0,1007.97,17.0,3.3480000000000003
2007-02-17,6,93.52471169176592,70.41187296919185,28.2,21.0,28.4,28.6,29.9,0.40000000000000213,8.899999999999999,60.0,67.33,80.0,3.4,1003.33,18.33,5.04
2007-02-18,7,80.36862132662606,66.30015791827515,19.8,19.1,22.53,24.6,25.6,4.800000000000001,6.5,59.0,77.33,93.0,22.299999999999997,1012.5,24.33,4.572
2007-02-19,8,80.57161101462405,61.778007944734476,21.0,17.4,22.57,23.6,25.8,2.6000000000000014,8.400000000000002,63.0,69.0,73.0,0.0,1012.97,12.33,6.48
2007-02-20,3,71.65858648438149,67.86902576794543,21.0,19.7,21.6,22.6,22.8,1.6000000000000014,3.1000000000000014,80.0,86.67,91.0,6.0,1015.0,13.67,3.9600000000000004
2007-02-21,4,96.21599047030021,69.29824130663582,21.8,21.0,24.83,27.8,29.5,6.0,8.5,70.0,78.0,82.0,0.30000000000000004,1014.03,12.33,10.692
2007-02-22,4,104.52618624216613,73.11489682508362,24.2,22.2,26.53,30.2,31.0,6.0,8.8,66.0,78.33,88.0,0.5,1014.53,7.67,5.04
2007-02-23,8,107.08853448549776,76.02548299564884,23.2,23.0,25.23,27.1,30.2,3.900000000000002,7.199999999999999,88.0,90.67,95.0,67.3,1015.13,12.33,1.548
2007-02-24,10,89.66466810556783,71.08776596404968,22.8,20.6,24.47,26.8,27.4,4.0,6.799999999999997,81.0,91.0,97.0,37.7,1013.3,12.0,1.548
2007-02-25,7,118.74893576717432,73.02506975109398,23.9,21.3,26.5,30.6,32.2,6.700000000000003,10.900000000000002,68.0,86.67,98.0,0.0,1012.93,3.0,0.9720000000000001
2007-02-26,5,115.58827502818811,70.2520794240115,25.8,20.7,28.63,33.5,33.9,7.699999999999999,13.2,49.0,70.0,83.0,0.0,1012.8,10.67,3.492
2007-02-27,6,116.5292759074241,68.87562247047069,24.8,20.7,28.2,33.4,34.2,8.599999999999998,13.500000000000004,49.0,69.0,89.0,0.0,1011.4,15.33,8.892000000000001
2007-02-28,7,115.23963714170993,76.58259081059857,28.5,23.8,30.5,34.4,34.8,5.899999999999999,10.999999999999996,52.0,63.67,76.0,0.0,1008.77,18.33,5.867999999999999
2007-03-01,8,119.40204951035028,74.23673933571743,27.0,22.8,29.8,34.8,35.4,7.799999999999997,12.599999999999998,51.0,64.33,74.0,0.0,1008.4,24.33,6.228
2007-03-02,7,93.76325060320005,71.50381098969007,22.8,21.7,26.3,28.1,29.0,5.300000000000001,7.300000000000001,68.0,78.0,92.0,5.0,1011.77,9.33,7.308
2007-03-03,7,86.46219162340573,71.26433478213036,24.1,21.8,24.43,24.7,27.0,0.5999999999999979,5.199999999999999,84.0,85.33,86.0,0.2,1017.93,10.67,10.332
2007-03-04,9,123.72142262777203,71.87570287848737,22.4,22.0,26.83,32.9,33.7,10.5,11.700000000000003,57.0,80.0,93.0,2.7,1017.33,18.33,9.360000000000001
2007-03-05,4,106.00604904965428,75.54485497956932,24.7,23.3,27.3,30.8,31.0,6.100000000000001,7.699999999999999,70.0,80.67,89.0,3.8000000000000003,1012.67,28.67,5.292
2007-03-06,6,119.99717152083538,77.12453993798701,25.3,23.8,28.6,33.6,34.4,8.3,10.599999999999998,55.0,71.33,80.0,0.0,1015.0,27.0,3.132
2007-03-07,7,105.5991232571998,75.16071794997337,25.4,23.0,27.5,30.3,30.5,4.900000000000002,7.5,74.0,85.0,92.0,5.0,1016.93,12.33,3.9600000000000004
2007-03-08,6,126.88362826000004,73.91969537310891,26.2,22.7,29.07,34.6,35.0,8.400000000000002,12.3,52.0,74.0,89.0,0.0,1012.23,24.33,6.732
2007-03-09,6,100.03228971848789,71.13460865360958,23.1,21.4,25.6,29.6,29.8,6.5,8.400000000000002,71.0,82.67,97.0,4.5,1008.57,24.33,5.760000000000001
2007-03-10,1,78.16545227171706,70.61628238236598,21.8,20.8,22.87,24.6,24.9,2.8000000000000007,4.099999999999998,71.0,82.67,90.0,0.6,1012.53,31.67,3.132
2007-03-11,5,91.19172473385974,64.97579250082774,21.4,18.2,23.63,27.3,29.1,5.900000000000002,10.900000000000002,48.0,69.67,87.0,0.0,1014.37,18.33,3.132
2007-03-12,6,98.83470501289615,65.6594220764218,21.4,18.7,24.73,29.6,30.4,8.200000000000003,11.7,63.0,74.0,80.0,0.0,1014.5,13.67,3.9600000000000004
2007-03-13,6,113.93148203827451,74.89502484187406,23.8,23.0,27.13,32.4,32.6,8.599999999999998,9.600000000000001,56.0,77.67,90.0,0.0,1014.07,21.0,5.148
2007-03-14,8,105.86135349669999,72.0339449990419,25.0,21.6,27.03,31.0,31.3,6.0,9.7,62.0,77.67,90.0,0.0,1012.77,12.0,4.068
2007-03-15,8,102.05587362839982,74.67064053050342,24.8,23.0,26.8,30.5,30.5,5.699999999999999,7.5,68.0,79.0,86.0,0.0,1008.93,24.33,6.372
2007-03-16,8,94.03669974592435,72.55809496167052,23.4,21.9,25.6,28.2,28.8,4.800000000000001,6.900000000000002,63.0,81.33,93.0,4.3,1012.73,7.67,4.572
2007-03-17,7,73.29601157162041,66.04347870577249,21.2,19.4,21.8,22.2,23.5,1.0,4.100000000000001,79.0,87.67,96.0,7.8,1014.6,12.33,7.812
2007-03-18,7,89.84856220640627,68.60985706526401,21.0,20.2,23.03,27.1,27.8,6.100000000000001,7.600000000000001,64.0,83.67,95.0,7.7,1010.83,19.67,5.04
2007-03-19,4,73.5437576502094,67.82753982789501,20.6,19.8,21.3,22.0,23.8,1.3999999999999986,4.0,86.0,91.33,97.0,17.5,1011.6,18.33,4.680000000000001
2007-03-20,6,85.75711598233563,66.48404667443054,20.6,19.2,22.73,26.0,26.7,5.399999999999999,7.5,77.0,89.67,97.0,28.9,1012.3,18.33,4.680000000000001
2007-03-21,5,87.70520483440029,69.15288945066246,22.0,20.5,23.0,24.2,27.0,2.1999999999999993,6.5,89.0,92.0,95.0,11.0,1013.6,15.33,5.508
2007-03-22,10,101.63506235997997,68.36112975307478,22.5,20.0,25.2,29.4,30.2,6.899999999999999,10.2,65.0,81.33,93.0,0.3,1014.07,12.33,4.428
2007-03-23,4,117.33663572694421,70.38956196461608,23.6,20.8,26.77,32.5,33.2,8.899999999999999,12.400000000000002,59.0,77.0,90.0,0.0,1012.93,24.33,3.708
2007-03-24,8,86.11480876244815,73.80327699958856,24.1,22.7,25.67,26.8,27.1,2.6999999999999993,4.400000000000002,76.0,81.0,87.0,0.0,1016.4,20.0,7.452
2007-03-25,5,89.05843056237863,71.7084743452204,23.2,21.4,24.53,27.2,27.6,4.0,6.200000000000003,78.0,84.33,88.0,1.3,1017.23,12.33,3.708
2007-03-26,5,104.59452888493666,72.91966914551358,23.2,22.0,25.8,30.4,30.6,7.199999999999999,8.600000000000001,62.0,82.33,95.0,0.3,1013.2,21.33,4.068
2007-03-27,3,132.56646519255455,69.5957182062065,23.1,20.4,26.57,32.8,34.8,9.699999999999996,14.399999999999999,60.0,80.33,95.0,6.8,1012.97,18.33,3.492
2007-03-28,10,122.9830904500478,75.46858085033594,27.0,23.0,28.67,29.8,33.6,2.8000000000000007,10.600000000000001,73.0,80.0,85.0,0.0,1013.17,18.33,2.8800000000000003
2007-03-29,7,122.24985967630028,76.23312507145387,26.0,23.3,28.43,33.2,33.5,7.200000000000003,10.2,63.0,80.0,91.0,0.0,1017.33,9.33,2.52
2007-03-30,6,133.7839687000001,76.80455224111735,25.4,23.8,28.73,34.4,35.0,9.0,11.2,57.0,80.0,93.0,0.0,1010.57,27.33,4.572
2007-03-31,9,100.96784673634237,75.46858085033594,25.3,23.0,28.7,30.4,31.0,5.099999999999998,8.0,58.0,72.33,82.0,1.2,1011.1,18.33,2.8800000000000003
2007-04-01,10,79.0568132828064,72.90460428301247,22.6,22.2,23.73,24.8,25.2,2.1999999999999993,3.0,79.0,87.33,93.0,3.7,1015.67,14.0,6.012
2007-04-02,9,109.20065678174409,73.76698567571583,22.7,22.4,26.3,31.2,31.7,8.5,9.3,64.0,79.0,87.0,0.0,1013.77,18.0,4.212
2007-04-03,8,83.09235284425684,73.09631136783332,23.9,22.0,24.47,24.9,26.2,1.0,4.199999999999999,85.0,86.67,88.0,0.5,1013.1,18.33,3.492
2007-04-04,8,91.43508343870008,70.38956196461608,22.4,20.8,24.67,27.8,28.5,5.400000000000002,7.699999999999999,53.0,78.0,91.0,0.1,1014.9,18.33,3.708
2007-04-05,3,87.85009302760281,59.92826433022939,21.5,16.7,23.47,27.2,28.0,5.699999999999999,11.3,55.0,72.67,84.0,0.0,1017.97,9.33,7.2
2007-04-06,4,85.12398627947621,63.74068600190088,21.0,18.3,23.67,27.0,27.2,6.0,8.899999999999999,60.0,73.33,83.0,0.0,1018.6,10.67,6.84
2007-04-07,7,90.80303302063489,70.67920773472949,21.4,21.2,23.7,27.5,28.6,6.100000000000001,7.400000000000002,62.0,74.67,84.0,0.0,1014.3,17.0,5.760000000000001
2007-04-08,7,81.8634951688001,65.19806805402348,20.3,19.0,23.1,25.7,26.0,5.399999999999999,7.0,64.0,81.0,91.0,3.4000000000000004,1010.37,19.67,7.452
2007-04-09,8,78.63430660461422,63.91891207799302,19.5,18.6,21.37,24.4,25.0,4.899999999999999,6.399999999999999,56.0,77.67,91.0,7.6,1013.93,23.0,8.892000000000001
2007-04-10,8,87.42024672150411,55.368761407396576,17.2,13.2,21.07,27.0,27.8,9.8,14.600000000000001,51.0,74.0,88.0,0.0,1014.53,21.33,1.9080000000000001
2007-04-11,11,99.45965888614175,60.97210591929803,20.3,16.0,20.47,20.7,30.7,0.3999999999999986,14.7,51.0,72.33,85.0,0.0,1014.17,27.0,2.16
2007-04-12,4,77.629401224712,67.9005010267488,21.3,19.0,23.0,24.1,24.6,2.8000000000000007,5.600000000000001,71.0,76.67,83.0,0.0,1016.0,13.67,1.4400000000000002
2007-04-13,8,80.31332454086407,65.54789707235739,19.0,18.8,21.23,25.3,25.8,6.300000000000001,7.0,53.0,64.0,71.0,0.0,1020.43,15.33,4.788
2007-04-14,7,92.89564850396792,65.35228925743121,19.6,18.2,23.77,28.6,29.4,9.0,11.2,59.0,71.0,82.0,0.0,1017.73,7.67,2.52
2007-04-15,3,97.9036970050575,68.7828964760067,23.3,20.0,25.3,29.3,29.8,6.0,9.8,61.0,78.33,91.0,1.1,1017.2,12.0,3.3480000000000003
2007-04-16,11,92.11323510355207,70.4830531928043,22.6,21.0,24.93,28.6,28.8,6.0,7.800000000000001,60.0,76.0,88.0,0.0,1018.57,14.0,4.788
2007-04-17,3,105.81494666423721,67.35937030435207,20.4,19.4,24.5,30.7,30.9,10.3,11.5,57.0,81.33,96.0,0.1,1016.73,18.0,3.6
2007-04-18,7,104.19620557245138,66.71132784899336,21.7,19.0,24.97,30.2,30.6,8.5,11.600000000000001,66.0,81.67,95.0,0.0,1016.3,7.67,3.132
2007-04-19,12,105.19390103389864,67.69572943052748,22.2,19.1,25.7,31.5,31.8,9.3,12.7,47.0,72.33,86.0,0.0,1016.8,3.33,1.9080000000000001
2007-04-20,8,102.65908494796822,66.77026667424474,24.6,19.6,26.93,31.5,31.6,6.899999999999999,12.0,54.0,70.0,85.0,0.1,1016.73,12.33,6.732
2007-04-21,4,110.24561440320036,69.81963463286272,23.5,20.6,27.0,32.7,33.0,9.200000000000003,12.399999999999999,48.0,70.0,83.0,0.0,1015.37,25.67,4.068
2007-04-22,3,112.10510329225609,73.00975314394165,23.5,22.2,26.8,32.0,32.4,8.5,10.2,50.0,77.0,91.0,0.0,1015.1,27.33,5.508
2007-04-23,11,103.65602184204624,66.5714896211039,23.4,18.9,26.33,31.4,32.0,8.0,13.100000000000001,53.0,68.33,80.0,0.0,1013.13,13.67,2.988
2007-04-24,8,88.18820510954355,71.54302276011222,22.6,21.2,23.7,24.6,27.4,2.0,6.199999999999999,76.0,84.67,92.0,2.7,1011.9,9.0,2.988
2007-04-25,4,71.72169094380394,72.42806128262146,21.2,21.0,21.8,22.8,23.3,1.6000000000000014,2.3000000000000007,87.0,92.0,95.0,7.1,1010.83,3.0,0.9720000000000001
2007-04-26,4,68.76264041364416,58.545525127026416,16.5,14.9,18.5,22.0,22.3,5.5,7.4,88.0,92.0,95.0,12.0,1010.87,12.0,2.2680000000000002
2007-04-27,5,73.30301404451464,46.1501712649836,12.9,10.0,15.63,19.1,20.1,6.200000000000001,10.100000000000001,51.0,71.33,83.0,0.5,1022.37,26.0,4.32
2007-04-28,7,71.57118278072745,46.5249771300924,12.2,9.9,15.67,21.6,22.0,9.400000000000002,12.1,63.0,81.33,93.0,0.0,1026.93,6.0,3.6
2007-04-29,7,80.95168026643142,54.013576701315415,16.6,13.0,19.67,25.6,25.8,9.0,12.8,53.0,76.67,91.0,0.0,1023.43,18.0,2.7720000000000002
2007-04-30,8,85.12398627947621,59.89088344469851,16.7,14.7,20.5,26.8,27.2,10.100000000000001,12.5,47.0,73.33,91.0,0.0,1018.83,12.0,0.9720000000000001
2007-05-01,3,87.02830752597743,55.964901496313644,16.2,13.8,20.9,27.1,27.4,10.900000000000002,13.599999999999998,55.0,79.33,95.0,0.1,1015.17,15.0,2.52
2007-05-02,7,72.94453083523665,67.29515753858634,19.9,19.7,21.6,22.8,23.1,2.900000000000002,3.400000000000002,74.0,84.33,95.0,6.1,1014.37,21.33,5.652
2007-05-03,7,77.17406302450247,67.4093203797361,20.8,19.9,22.1,23.9,24.5,3.099999999999998,4.600000000000001,66.0,79.67,93.0,0.0,1020.07,6.0,6.9479999999999995
2007-05-04,8,91.09796412508801,61.548103929084526,19.8,17.3,22.77,28.5,28.8,8.7,11.5,58.0,73.0,81.0,0.0,1017.63,6.33,6.48
2007-05-05,8,94.46793562268796,65.78932756481828,20.6,19.1,24.43,29.0,29.4,8.399999999999999,10.299999999999997,58.0,75.0,92.0,0.0,1014.77,3.33,6.12
2007-05-06,5,93.88059891380729,68.17450268088899,21.4,20.1,24.4,29.0,29.6,7.600000000000001,9.5,53.0,71.33,85.0,0.0,1009.17,10.67,5.760000000000001
2007-05-07,6,66.32733444000012,56.89735243182414,16.0,13.8,17.53,20.0,20.0,4.0,6.199999999999999,84.0,88.0,93.0,21.900000000000002,1013.97,13.67,1.692
2007-05-08,6,78.80727921685684,43.05241429813763,10.8,10.3,13.6,16.2,16.5,5.399999999999999,6.199999999999999,51.0,64.67,73.0,0.0,1020.2,24.33,12.492
2007-05-09,7,79.34488035307609,35.261805901442415,8.7,7.0,11.87,15.0,15.5,6.300000000000001,8.5,59.0,68.67,77.0,0.0,1027.53,27.33,11.879999999999999
2007-05-10,7,69.14653656031598,49.242551204969786,12.2,11.5,14.9,20.2,20.9,8.0,9.399999999999999,64.0,84.0,96.0,2.2,1028.67,10.67,4.680000000000001
2007-05-11,14,75.47417981578101,57.01718016832674,15.7,15.2,18.23,23.0,23.2,7.300000000000001,8.0,56.0,71.33,79.0,0.0,1023.2,14.0,5.760000000000001
2007-05-12,12,70.0379527056002,53.65865732764434,15.2,13.5,17.0,19.7,21.0,4.5,7.5,67.0,82.0,92.0,0.0,1022.4,10.67,4.788
2007-05-13,6,73.52635630098115,44.98981131725222,11.7,9.2,12.83,14.2,14.2,2.5,5.0,67.0,83.67,92.0,8.3,1021.97,10.67,3.6
2007-05-14,11,62.01098453950438,51.38064356152061,12.7,12.7,15.13,17.4,19.6,4.699999999999999,6.900000000000002,91.0,94.67,98.0,11.5,1019.53,12.33,5.652
2007-05-15,4,74.83946635460418,53.38051848515574,15.0,12.4,18.07,23.4,23.7,8.399999999999999,11.299999999999999,63.0,82.0,95.0,1.2000000000000002,1019.03,6.0,2.16
2007-05-16,11,62.61292317702426,63.1704536270761,15.4,15.5,16.47,17.0,17.8,1.5999999999999996,2.3000000000000007,88.0,92.0,96.0,62.3,1011.93,9.0,0.36000000000000004
2007-05-17,6,73.74025903963218,52.57132709555281,12.2,11.6,15.03,17.3,17.9,5.100000000000001,6.299999999999999,50.0,73.0,95.0,1.3,1018.07,18.33,1.548
2007-05-18,12,71.8115536307198,53.38051848515574,12.6,12.4,14.33,17.4,17.8,4.799999999999999,5.4,63.0,77.33,86.0,0.0,1020.37,12.0,2.16
2007-05-19,8,72.30640336043172,41.32831152959653,8.5,6.6,13.47,18.9,19.0,10.399999999999999,12.4,57.0,74.67,96.0,0.0,1023.77,15.0,2.052
2007-05-20,11,77.04299503187205,49.50678260504789,12.2,11.3,16.33,24.0,24.4,11.8,13.099999999999998,59.0,78.0,91.0,0.0,1019.37,10.67,3.708
2007-05-21,4,77.06864874637638,62.9902454256729,17.5,17.0,19.9,24.0,24.4,6.5,7.399999999999999,59.0,77.67,88.0,0.0,1011.9,18.33,2.2680000000000002
2007-05-22,2,66.48797532549918,60.7484686553739,17.6,16.0,18.87,19.8,20.3,2.1999999999999993,4.300000000000001,85.0,88.33,94.0,0.2,1009.37,26.0,2.4120000000000004
2007-05-23,2,68.14175744803183,46.164782946125364,12.9,11.4,14.57,16.0,16.8,3.0999999999999996,5.4,66.0,85.0,96.0,19.3,1012.9,16.67,11.052
2007-05-24,16,77.52128456982399,38.12770199382122,8.3,7.6,10.97,13.2,15.2,4.899999999999999,7.6,69.0,74.0,83.0,0.0,1021.1,27.33,8.532
2007-05-25,6,71.93215285130816,36.773343093136646,6.8,5.2,11.23,16.5,17.3,9.7,12.100000000000001,58.0,78.0,94.0,0.0,1022.93,27.33,3.132
2007-05-26,6,70.30970203944233,40.72787276158523,8.2,6.4,12.57,19.0,19.8,10.8,13.4,56.0,79.33,94.0,0.1,1019.07,21.33,2.16
2007-05-27,6,66.89395004502374,46.97896430901831,10.0,8.5,13.4,17.8,18.4,7.800000000000001,9.899999999999999,76.0,85.67,97.0,0.0,1017.13,4.67,1.1880000000000002
2007-05-28,15,78.68836423828616,43.65701878161077,10.2,9.4,12.6,14.4,15.2,4.200000000000001,5.799999999999999,61.0,71.67,84.0,0.0,1019.57,28.67,6.012
2007-05-29,8,98.36435901428695,26.665116116334186,4.2,3.4,7.77,9.7,10.0,5.499999999999999,6.6,59.0,67.33,77.0,0.0,1023.33,27.33,11.628
2007-05-30,10,74.80219605302408,42.01666257711909,8.3,8.0,9.93,12.5,14.2,4.199999999999999,6.199999999999999,78.0,82.0,89.0,0.4,1028.27,18.33,3.9600000000000004
2007-05-31,8,69.42972685303725,38.63436527578425,6.9,4.7,12.2,20.1,20.5,13.200000000000001,15.8,57.0,82.33,96.0,0.0,1024.47,15.0,1.4400000000000002
2007-06-01,10,67.10274098329616,53.04398698218921,13.3,12.7,14.63,16.0,16.4,2.6999999999999993,3.6999999999999993,81.0,87.0,96.0,0.6000000000000001,1014.5,10.67,3.132
2007-06-02,8,72.99279801833978,38.64015273529371,8.4,8.0,12.47,15.8,16.2,7.4,8.2,51.0,78.67,93.0,0.30000000000000004,1015.87,24.33,9.468
2007-06-03,13,78.23350853620757,38.00874484013614,9.3,7.8,13.1,17.4,17.6,8.099999999999998,9.8,43.0,60.33,77.0,0.0,1019.4,27.33,9.828
2007-06-04,10,75.36681146830728,38.68426605805483,9.0,6.6,13.47,19.1,19.5,10.100000000000001,12.9,43.0,64.67,77.0,0.0,1019.63,18.0,4.212
2007-06-05,9,71.18020906128693,39.50707627139441,7.5,6.7,13.03,19.6,20.0,12.100000000000001,13.3,50.0,77.33,96.0,0.0,1019.57,7.67,3.6
2007-06-06,9,73.83676652253469,41.610779033811305,8.6,7.0,13.8,21.4,22.8,12.799999999999999,15.8,49.0,77.33,95.0,0.0,1017.73,16.67,2.4120000000000004
2007-06-07,10,69.43849599956808,44.877335616493326,11.6,9.8,14.5,17.4,19.1,5.799999999999999,9.3,74.0,81.0,94.0,0.0,1015.73,7.67,5.508
2007-06-08,12,62.56591762005307,45.90508267812729,10.3,9.8,13.0,16.1,16.8,5.800000000000001,7.0,83.0,92.33,97.0,0.1,1018.83,9.33,4.068
2007-06-09,9,62.155133716192054,55.36550993559866,14.6,14.4,15.67,16.4,18.6,1.799999999999999,4.200000000000001,87.0,93.0,98.0,19.9,1014.2,14.0,5.4
2007-06-10,14,59.818461893632076,56.91325235318215,18.0,14.9,18.1,18.3,19.6,0.3000000000000007,4.700000000000001,98.0,98.0,98.0,55.0,1014.43,19.67,4.572
2007-06-11,12,64.5429192118721,58.08363628924299,15.5,15.6,17.43,19.6,20.6,4.100000000000001,5.000000000000002,85.0,93.0,98.0,53.599999999999994,1013.3,17.0,5.4
2007-06-12,9,68.73669063479556,59.50254049965553,17.1,16.7,18.77,21.1,22.2,4.0,5.5,86.0,91.33,97.0,2.2,1013.63,14.0,8.64
2007-06-13,9,61.08174867279986,62.12506403540583,16.8,16.5,17.63,18.4,19.0,1.5999999999999979,2.5,93.0,95.0,96.0,17.5,1010.97,6.0,2.052
2007-06-14,11,63.31140160166406,58.901418782248136,16.1,15.4,17.1,18.0,20.2,1.8999999999999986,4.799999999999999,94.0,94.0,94.0,18.5,1011.17,22.67,3.132
2007-06-15,6,60.64695465879993,55.155771414495746,16.1,13.8,17.37,18.2,18.5,2.099999999999998,4.699999999999999,92.0,95.0,97.0,35.9,1007.63,9.33,3.492
2007-06-16,13,82.12277264742417,40.36543837106031,8.9,7.4,11.9,13.8,13.8,4.9,6.4,60.0,72.0,78.0,0.0,1021.53,24.0,4.32
2007-06-17,13,68.91712356812812,46.59866202102369,7.2,6.6,9.93,15.2,15.6,7.999999999999999,9.0,72.0,86.0,96.0,0.0,1019.37,10.67,0.36000000000000004
2007-06-18,13,70.91860909859167,46.868957843839276,11.0,10.1,13.43,16.3,17.2,5.300000000000001,7.1,63.0,80.0,90.0,0.6,1021.27,19.67,3.708
2007-06-19,6,69.738383575552,49.7898582043787,11.4,11.2,14.97,20.4,21.8,8.999999999999998,10.600000000000001,76.0,86.0,95.0,1.5,1016.97,16.67,3.132
2007-06-20,8,96.07207810257765,62.022754245271685,17.3,16.9,21.7,29.5,29.5,12.2,12.600000000000001,53.0,77.67,92.0,0.0,1015.03,15.0,3.3480000000000003
2007-06-21,10,87.5779172658375,69.44186028684996,20.2,19.8,23.07,27.0,27.8,6.800000000000001,8.0,61.0,74.67,86.0,0.0,1015.03,12.0,1.548
2007-06-22,11,87.93241345679996,58.42308775364369,17.0,15.6,22.23,27.7,28.0,10.7,12.4,48.0,73.0,94.0,0.0,1013.2,25.67,4.680000000000001
2007-06-23,9,75.40741627993614,59.2511521616842,19.8,16.2,21.1,22.5,23.4,2.6999999999999993,7.199999999999999,67.0,74.0,78.0,0.0,1009.07,17.0,5.867999999999999
2007-06-24,7,77.11473172119548,41.89115002703623,12.3,9.2,14.3,16.2,16.2,3.8999999999999986,7.0,48.0,70.67,92.0,0.4,1021.27,18.0,8.532
2007-06-25,4,87.02948532038765,35.24505961470469,4.7,3.8,8.57,11.8,12.6,7.1000000000000005,8.8,56.0,69.67,92.0,0.0,1025.03,10.67,2.16
2007-06-26,7,78.008056800041,44.21641778441186,9.0,8.8,10.13,11.6,12.1,2.5999999999999996,3.299999999999999,67.0,85.67,95.0,7.699999999999999,1023.13,6.33,3.492
2007-06-27,10,63.90272231480883,48.64547365168994,12.0,11.0,12.13,12.4,13.6,0.40000000000000036,2.5999999999999996,94.0,95.33,96.0,17.2,1019.83,18.0,3.9600000000000004
2007-06-28,8,62.887612524846425,46.83173515783501,10.8,10.5,12.07,14.4,15.4,3.5999999999999996,4.9,84.0,93.33,98.0,4.7,1023.07,28.67,4.932
2007-06-29,8,64.7551418702081,43.050742178370214,9.1,8.2,12.17,15.2,16.4,6.1,8.2,78.0,90.0,98.0,0.0,1024.03,32.0,3.3480000000000003
2007-06-30,13,70.53290345006707,45.17665627821053,10.4,9.6,11.8,13.6,13.8,3.1999999999999993,4.200000000000001,72.0,88.33,98.0,0.0,1024.1,24.33,4.428
2007-07-01,12,73.37019117069984,43.586962403139935,9.5,9.2,11.4,15.1,15.5,5.6,6.300000000000001,64.0,80.0,89.0,0.0,1027.07,30.33,5.4
2007-07-02,9,69.16506987840016,43.98763065667271,7.0,6.0,11.3,17.6,18.0,10.600000000000001,12.0,60.0,82.0,94.0,0.0,1026.1,3.0,0.6120000000000001
2007-07-03,12,65.47522902259205,43.2798895086423,9.5,8.8,11.9,16.0,18.6,6.5,9.8,75.0,88.0,97.0,0.0,1020.4,21.33,4.572
2007-07-04,11,87.89557167427209,50.97277464692658,14.0,12.2,18.53,27.6,27.8,13.600000000000001,15.600000000000001,46.0,76.0,93.0,0.0,1014.33,16.67,4.428
2007-07-05,8,88.62775764611195,59.769186456330935,19.3,15.8,22.53,28.7,28.8,9.399999999999999,13.0,45.0,65.0,85.0,0.0,1012.87,24.33,3.132
2007-07-06,8,84.74763131974674,67.96854737225806,21.3,19.9,23.83,27.0,28.0,5.699999999999999,8.100000000000001,49.0,58.67,69.0,0.0,1009.83,22.67,4.932
2007-07-07,9,69.36645308236808,55.155771414495746,14.4,13.8,17.17,22.4,22.4,7.999999999999998,8.599999999999998,80.0,91.0,97.0,22.5,1011.83,9.33,3.492
2007-07-08,11,61.7166911934971,49.18827598090528,12.4,12.2,13.53,14.4,15.3,2.0,3.1000000000000014,92.0,94.67,96.0,47.0,1015.87,16.67,7.920000000000001
2007-07-09,9,63.14731723048496,51.15694581090693,13.2,13.0,13.8,14.6,15.2,1.4000000000000004,2.1999999999999993,93.0,93.33,94.0,10.899999999999999,1019.83,16.67,7.668
2007-07-10,7,61.80486510401211,43.78834508675049,12.7,9.1,13.47,14.3,14.3,1.6000000000000014,5.200000000000001,92.0,96.0,98.0,16.7,1015.83,15.0,4.788
2007-07-11,10,93.36828404996241,31.872084729974805,5.3,5.2,7.8,9.1,10.4,3.8,5.2,50.0,74.33,95.0,3.9000000000000004,1024.27,27.33,9.72
2007-07-12,14,84.26290566722547,25.838303685870912,1.6,0.4,6.3,11.5,12.0,9.9,11.6,63.0,78.33,93.0,0.1,1025.37,12.0,3.492
2007-07-13,11,67.45123397731194,45.110107745252165,10.2,9.4,12.63,17.3,17.8,7.100000000000001,8.4,78.0,85.0,98.0,2.1,1020.23,12.33,3.9600000000000004
2007-07-14,13,63.43637184160008,49.18647995844995,13.4,11.9,14.4,15.5,16.0,2.0999999999999996,4.1,81.0,92.0,98.0,2.4,1014.6,9.33,6.372
2007-07-15,9,80.82602701206403,37.37913179303347,8.4,7.6,11.57,14.4,14.8,6.0,7.200000000000001,53.0,69.0,79.0,0.0,1018.2,28.67,10.188
2007-07-16,16,69.4908221737991,33.73615623384683,6.0,3.8,10.2,16.4,16.6,10.399999999999999,12.8,66.0,83.33,95.0,0.1,1018.63,15.0,3.132
2007-07-17,7,65.95034958213178,43.877520029901675,9.0,7.7,11.33,15.3,15.8,6.300000000000001,8.100000000000001,81.0,89.33,96.0,0.1,1015.93,15.0,1.9080000000000001
2007-07-18,9,64.35329992370603,47.26507305209667,11.5,9.5,13.2,15.2,15.7,3.6999999999999993,6.199999999999999,81.0,91.33,97.0,34.0,1014.77,12.0,2.16
2007-07-19,9,69.62299893395466,40.71810368689047,8.8,7.6,12.93,18.4,18.8,9.599999999999998,11.200000000000001,52.0,80.67,95.0,0.1,1016.93,18.33,4.428
2007-07-20,9,70.5289204716951,41.476461945768875,9.0,7.8,13.73,20.4,21.0,11.399999999999999,13.2,58.0,80.67,94.0,0.0,1015.63,28.67,4.068
2007-07-21,9,68.28068920920009,46.55769431547887,9.6,8.0,14.43,20.1,20.5,10.500000000000002,12.5,68.0,85.0,96.0,0.1,1015.17,6.33,0.9720000000000001
2007-07-22,7,59.228809038815825,54.319462069608264,14.7,13.6,15.5,16.4,18.6,1.6999999999999993,5.000000000000002,96.0,97.0,98.0,38.5,1005.43,4.67,4.068
2007-07-23,9,76.3161224066474,35.92472869452728,8.3,7.2,13.37,17.2,17.2,8.899999999999999,10.0,36.0,68.67,95.0,0.1,1010.83,27.33,11.412
2007-07-24,6,77.39779390163122,29.149179771464528,5.2,3.0,10.93,17.4,17.6,12.2,14.600000000000001,42.0,63.67,87.0,0.0,1017.03,12.33,5.867999999999999
2007-07-25,7,79.76731654357789,39.84258267254685,9.6,8.3,11.53,13.8,15.0,4.200000000000001,6.699999999999999,59.0,70.33,77.0,0.0,1016.33,24.33,8.388
2007-07-26,9,81.08693025819446,34.75611364966982,8.0,6.0,10.6,15.5,15.8,7.5,9.8,48.0,61.33,69.0,0.0,1022.03,22.67,7.812
2007-07-27,13,74.47950589849619,37.42416884869875,7.0,5.5,11.8,17.4,17.6,10.399999999999999,12.100000000000001,56.0,72.0,85.0,0.0,1023.9,15.0,3.132
2007-07-28,11,92.01960782538453,33.950776840476685,6.2,5.4,8.63,10.5,11.5,4.3,6.1,52.0,67.33,77.0,0.0,1033.23,18.33,6.84
2007-07-29,10,75.95451566152794,34.41852212320428,5.4,1.9,8.63,14.2,14.5,8.799999999999999,12.6,63.0,79.33,91.0,0.0,1034.83,3.0,0.9720000000000001
2007-07-30,10,70.31198607140908,39.15970419686436,8.1,6.3,11.6,18.2,18.7,10.1,12.399999999999999,57.0,79.33,91.0,0.0,1028.3,10.67,3.132
2007-07-31,10,72.16308279471033,42.83286172285669,9.7,7.2,14.13,20.7,21.8,11.0,14.600000000000001,54.0,78.33,93.0,0.0,1021.57,3.0,1.9080000000000001
2007-08-01,6,75.73840785441593,42.623393884409914,10.0,7.7,15.63,23.5,23.9,13.5,16.2,57.0,79.0,94.0,0.0,1017.57,13.67,2.7720000000000002
2007-08-02,10,63.76086308098637,46.68844261842771,11.3,11.3,13.37,17.0,17.1,5.699999999999999,5.800000000000001,83.0,90.67,95.0,10.7,1022.5,14.0,8.892000000000001
2007-08-03,5,60.14752517990624,46.0138607743166,13.0,10.6,15.3,18.2,18.5,5.199999999999999,7.9,91.0,95.67,98.0,28.6,1020.8,10.67,6.732
2007-08-04,11,63.29715574127891,40.3550654771223,10.2,9.0,12.97,16.5,16.5,6.300000000000001,7.5,88.0,91.67,95.0,1.2,1021.2,27.0,11.16
2007-08-05,10,73.96677886171295,32.95629849558474,7.4,5.0,9.7,12.5,13.5,5.1,8.5,71.0,85.33,94.0,3.3000000000000003,1025.37,13.67,6.9479999999999995
2007-08-06,7,74.23676944240015,45.51486702414063,9.8,9.8,15.4,22.9,23.0,13.099999999999998,13.2,64.0,77.0,84.0,0.0,1016.03,9.33,4.572
2007-08-07,12,74.28209697702624,42.40731798193355,10.2,9.8,13.53,15.9,15.9,5.700000000000001,6.1,53.0,77.33,90.0,25.7,1016.23,19.67,10.8
2007-08-08,8,73.4504768591679,34.24650555234313,7.4,4.1,12.27,19.6,20.6,12.200000000000001,16.5,52.0,71.0,87.0,0.0,1020.27,12.0,3.24
2007-08-09,11,85.8410392053425,52.180839558127744,13.0,12.6,17.87,26.0,27.2,13.0,14.6,61.0,77.33,87.0,0.0,1016.03,10.67,3.9600000000000004
2007-08-10,12,78.27721088656946,50.14169058804291,20.2,12.5,21.13,22.0,24.8,1.8000000000000007,12.3,61.0,72.67,87.0,0.2,1011.77,11.0,7.308
2007-08-11,10,79.45000035331202,36.26007212430801,9.0,6.4,12.0,14.5,15.2,5.5,8.799999999999999,50.0,70.0,83.0,0.0,1026.57,28.67,6.84
2007-08-12,11,72.03342691370682,39.81464651642985,9.2,7.5,12.83,20.0,20.4,10.8,12.899999999999999,56.0,75.33,88.0,0.0,1025.07,10.67,5.292
2007-08-13,12,89.5700026517415,47.65449349192034,13.8,11.2,19.63,28.3,28.6,14.5,17.400000000000002,47.0,70.67,89.0,0.0,1017.4,15.33,6.228
2007-08-14,8,92.30114451315757,63.92438992146448,20.2,17.4,23.53,29.2,29.5,9.0,12.100000000000001,46.0,68.33,82.0,0.0,1014.87,4.67,2.16
2007-08-15,8,98.92946284891063,61.584345796390565,22.5,17.4,25.7,32.0,32.4,9.5,15.0,35.0,57.33,74.0,0.0,1014.3,15.33,7.092
2007-08-16,6,64.93556958990405,49.80897348380553,12.8,12.6,14.53,17.3,17.3,4.5,4.700000000000001,83.0,89.0,92.0,0.5,1023.37,15.33,8.748000000000001
2007-08-17,8,67.93808682601598,44.36418048754184,11.5,10.6,12.2,13.0,13.4,1.5,2.8000000000000007,88.0,92.0,95.0,1.5,1024.73,14.0,10.692
2007-08-18,9,68.31415146352845,44.84368165713979,10.8,10.8,12.17,13.5,13.8,2.6999999999999993,3.0,86.0,90.67,93.0,7.000000000000001,1023.43,14.0,10.692
2007-08-19,11,72.20495699574305,50.13919405000366,12.9,12.0,16.77,22.7,22.7,9.799999999999999,10.7,67.0,83.67,93.0,0.1,1020.13,15.33,5.04
2007-08-20,10,70.62241025899023,43.10952616385703,10.4,10.0,12.63,14.5,15.2,4.1,5.199999999999999,75.0,84.67,92.0,3.1999999999999997,1020.73,25.67,10.188
2007-08-21,4,75.08596782055817,36.77765731595481,7.4,5.4,10.6,13.0,13.4,5.6,8.0,75.0,84.33,97.0,0.1,1025.77,18.33,3.492
2007-08-22,16,72.50892240667253,46.59866202102369,8.4,6.6,13.67,21.0,21.6,12.6,15.000000000000002,55.0,76.33,94.0,0.0,1022.13,3.0,0.36000000000000004
2007-08-23,11,101.53730414864636,55.32485233078289,14.7,13.5,20.23,29.8,31.0,15.100000000000001,17.5,52.0,73.33,86.0,0.0,1012.6,10.67,2.52
2007-08-24,5,70.19424605238419,49.59234256550601,13.2,12.6,16.4,22.2,22.2,9.0,9.6,86.0,87.0,89.0,0.0,1011.9,9.33,9.360000000000001
2007-08-25,10,64.24102577477217,49.655786513588254,12.4,12.4,12.9,13.5,14.5,1.0999999999999996,2.0999999999999996,90.0,93.33,95.0,24.0,1013.97,14.0,7.920000000000001
2007-08-26,11,61.48103584070418,53.07530248694463,14.5,14.4,15.07,15.8,16.2,1.3000000000000007,1.799999999999999,89.0,94.0,97.0,37.8,1008.97,17.0,12.24
2007-08-27,10,75.48335086556406,43.2113724672685,11.4,10.8,13.03,14.7,14.7,3.299999999999999,3.8999999999999986,66.0,79.33,87.0,0.0,1016.9,27.33,16.452
2007-08-28,9,73.7511722186328,38.32521168935124,7.9,5.7,11.57,16.0,17.6,8.1,11.900000000000002,59.0,73.67,87.0,0.0,1023.0,16.67,2.7720000000000002
2007-08-29,7,70.46467131152815,35.658202608702666,8.2,5.0,12.37,17.9,18.3,9.7,13.3,56.0,79.33,97.0,0.0,1028.0,12.0,3.708
2007-08-30,9,71.53288798636228,43.228683249236056,11.8,10.7,15.13,19.4,19.4,7.599999999999998,8.7,62.0,76.33,90.0,0.0,1030.27,8.0,15.371999999999998
2007-08-31,15,69.05311763900805,53.55002102717292,15.1,13.7,16.4,18.6,21.4,3.5000000000000018,7.699999999999999,82.0,86.0,93.0,5.2,1024.07,15.33,5.867999999999999
2007-09-01,7,67.02524673059582,55.71182416539087,14.0,12.6,16.77,18.6,19.2,4.600000000000001,6.6,81.0,85.67,91.0,0.0,1022.73,6.0,0.9720000000000001
2007-09-02,8,61.770757581599966,60.450405255017756,16.4,15.8,16.93,18.0,19.0,1.6000000000000014,3.1999999999999993,90.0,94.0,96.0,7.8999999999999995,1022.2,10.67,2.2680000000000002
2007-09-03,8,81.93049388160009,55.19741981998839,16.2,14.7,19.83,25.8,26.0,9.600000000000001,11.3,65.0,82.0,94.0,0.2,1019.6,12.33,7.452
2007-09-04,8,112.57575925660804,58.89013621759377,18.2,15.7,23.13,32.0,32.6,13.8,16.900000000000002,56.0,76.0,88.0,0.0,1017.4,9.33,4.212
2007-09-05,10,115.49762585881612,67.90466109193649,23.8,19.2,27.07,33.2,33.6,9.400000000000002,14.400000000000002,54.0,72.0,85.0,0.0,1018.1,9.0,1.9080000000000001
2007-09-06,7,81.21961609202947,63.10986209579239,18.2,16.8,20.87,25.2,25.8,7.0,9.0,69.0,82.33,92.0,0.4,1021.5,18.33,1.692
2007-09-07,8,97.9036970050575,65.14508808691446,19.3,17.5,23.2,29.7,29.8,10.399999999999999,12.3,56.0,78.33,91.0,0.0,1019.53,12.0,1.1880000000000002
2007-09-08,3,113.18263105042298,61.70492762114705,19.2,16.3,24.67,32.6,33.0,13.400000000000002,16.7,45.0,73.67,89.0,0.0,1017.47,15.0,2.052
2007-09-09,12,109.19245816508821,61.72166372301725,19.8,16.7,25.73,33.2,33.8,13.400000000000002,17.099999999999998,39.0,63.0,85.0,0.0,1016.73,4.67,3.132
2007-09-10,13,102.4286227581194,60.761228490571874,21.6,15.9,25.67,32.4,32.8,10.799999999999997,16.9,37.0,60.33,78.0,0.0,1015.13,4.67,2.16
2007-09-11,12,103.17532755731206,60.636954130413734,20.4,16.2,24.5,31.3,32.2,10.900000000000002,16.000000000000004,46.0,66.0,81.0,0.0,1015.2,13.67,3.132
2007-09-12,8,95.80575105835877,68.5840573826408,22.3,20.1,25.43,29.8,30.0,7.5,9.899999999999999,61.0,71.67,77.0,0.0,1016.0,10.67,4.428
2007-09-13,4,93.54921780371217,62.4535672140371,19.0,17.4,22.63,28.6,29.2,9.600000000000001,11.8,49.0,75.0,89.0,0.0,1016.13,13.67,4.680000000000001
2007-09-14,9,98.07988037334314,62.14363203545451,21.0,16.6,24.57,30.3,30.7,9.3,14.099999999999998,49.0,69.67,81.0,0.0,1013.37,22.67,2.2680000000000002
2007-09-15,8,79.17862784273655,61.93817066514776,18.9,16.9,21.37,24.5,25.2,5.600000000000001,8.3,71.0,79.67,89.0,0.0,1016.67,13.67,3.492
2007-09-16,11,72.3962395736972,62.68032647596624,19.0,17.9,20.23,21.9,23.0,2.8999999999999986,5.100000000000001,77.0,85.67,93.0,0.0,1018.67,14.0,7.308
2007-09-17,5,72.9576732089391,56.61293977191187,17.8,15.9,18.47,19.4,20.6,1.5999999999999979,4.700000000000001,58.0,72.67,89.0,0.0,1022.7,10.67,12.708
2007-09-18,9,64.59977895747244,57.351690218770514,15.8,15.8,16.23,16.8,18.5,1.0,2.6999999999999993,74.0,89.33,98.0,22.6,1017.43,7.67,8.748000000000001
2007-09-19,9,75.39641683807832,57.535059301057615,17.3,16.3,19.13,22.6,23.5,5.300000000000001,7.199999999999999,52.0,75.33,97.0,6.1,1014.97,25.67,12.96
2007-09-20,8,64.57647286573652,56.323037756510644,16.8,14.6,17.47,18.0,18.4,1.1999999999999993,3.799999999999999,82.0,89.33,94.0,13.0,1014.3,6.0,4.428
2007-09-21,12,60.408341230900334,59.09312425362064,16.3,15.7,17.23,18.2,18.8,1.8999999999999986,3.1000000000000014,94.0,95.67,97.0,12.2,1013.07,9.33,3.8520000000000003
2007-09-22,5,61.53681420860784,61.50472180449654,16.8,16.6,17.77,18.3,19.4,1.5,2.799999999999997,94.0,95.0,96.0,33.5,1015.43,7.67,3.132
2007-09-23,7,64.03152223982401,59.5185346273159,17.9,15.6,19.03,20.6,21.3,2.700000000000003,5.700000000000001,96.0,97.0,98.0,60.3,1009.43,15.0,2.8800000000000003
2007-09-24,4,77.76819304107548,39.87148657837024,11.8,9.6,14.6,16.4,17.0,4.599999999999998,7.4,41.0,65.33,89.0,12.0,1019.0,25.67,17.892
2007-09-25,3,77.49479296452148,44.33676656585619,11.5,10.0,13.87,17.4,17.8,5.899999999999999,7.800000000000001,54.0,62.33,73.0,0.0,1028.63,24.33,7.308
2007-09-26,11,73.21410267491473,43.10952616385703,12.6,10.0,15.83,18.3,21.2,5.700000000000001,11.2,65.0,72.67,81.0,0.0,1026.9,14.0,10.188
2007-09-27,10,74.52087322188399,57.660603533906645,15.3,15.2,18.07,22.5,23.7,7.199999999999999,8.5,69.0,84.0,94.0,6.6,1019.93,16.67,4.428
2007-09-28,2,77.2169441384768,63.12766183896268,19.0,16.6,21.0,24.0,24.4,5.0,7.799999999999997,60.0,75.67,92.0,0.0,1020.4,7.67,1.332
2007-09-29,8,78.13407902599607,50.74242871101661,13.4,12.2,18.1,24.4,24.8,10.999999999999998,12.600000000000001,45.0,76.67,97.0,0.1,1024.8,9.0,4.788
2007-09-30,12,76.72281196857983,51.77895773742431,16.0,13.8,19.0,23.0,23.9,7.0,10.099999999999998,51.0,69.67,83.0,0.0,1024.2,12.33,11.628
2007-10-01,6,82.37066240779691,56.54904794853314,17.4,14.9,21.3,26.7,26.7,9.3,11.799999999999999,46.0,64.33,83.0,0.0,1021.2,10.67,5.292
2007-10-02,12,85.19673400744122,54.12322441101401,20.2,14.6,22.97,28.0,28.2,7.800000000000001,13.6,46.0,58.33,68.0,0.0,1019.03,7.67,10.08
2007-10-03,6,92.77058389380703,62.614411039996035,19.3,17.4,22.83,28.6,29.4,9.3,12.0,52.0,70.67,84.0,0.0,1016.23,26.0,4.32
2007-10-04,2,68.72812661919978,67.57399449691198,20.4,19.0,20.77,21.3,22.0,0.9000000000000021,3.0,86.0,90.0,93.0,1.5,1013.4,12.33,1.8
2007-10-05,9,89.66973401756816,64.75885058230706,20.6,18.1,22.3,23.8,27.8,3.1999999999999993,9.7,78.0,83.0,92.0,0.0,1012.07,9.33,3.132
2007-10-06,11,88.71812577341323,63.61818489967716,20.8,17.9,23.27,26.8,27.8,6.0,9.900000000000002,68.0,79.33,87.0,0.0,1009.73,12.33,4.572
2007-10-07,8,68.27960021555195,59.37703285143156,17.8,16.7,19.2,21.8,21.8,4.0,5.100000000000001,82.0,90.0,96.0,4.199999999999999,1017.7,12.33,9.107999999999999
2007-10-08,10,63.037809705233954,59.99598516156766,16.6,17.0,17.97,18.9,19.4,2.299999999999997,2.3999999999999986,91.0,92.67,95.0,3.6,1021.27,12.33,9.468
2007-10-09,5,102.90672283117411,63.802628765553486,19.0,18.4,23.83,30.3,31.0,11.3,12.600000000000001,56.0,75.67,93.0,0.4,1015.33,9.33,7.452
2007-10-10,8,80.4812233758508,67.52963975331355,22.6,20.1,23.87,25.6,25.6,3.0,5.5,79.0,81.33,84.0,1.0,1011.93,12.33,8.532
2007-10-11,9,69.17878410744008,61.227445606962696,17.4,16.8,19.67,21.0,21.4,3.6000000000000014,4.599999999999998,78.0,85.67,91.0,0.5,1016.2,13.67,4.428
2007-10-12,1,74.61935814160027,61.33647984508697,17.6,17.6,20.13,22.6,24.0,5.0,6.399999999999999,79.0,89.0,96.0,11.8,1007.93,25.67,9.828
2007-10-13,1,75.66690522569031,57.01392705060906,17.2,15.8,20.37,22.6,23.5,5.400000000000002,7.699999999999999,59.0,73.33,84.0,0.1,1010.23,25.67,9.972
2007-10-14,7,72.69620401434724,47.53026933195282,16.0,11.8,18.07,20.8,21.5,4.800000000000001,9.7,70.0,75.33,79.0,0.0,1019.2,12.33,9.828
2007-10-15,3,71.31944724597503,59.31174891162224,17.5,16.8,19.03,21.6,22.2,4.100000000000001,5.399999999999999,79.0,83.33,88.0,7.8999999999999995,1018.37,10.67,10.332
2007-10-16,4,67.8687749164547,62.77887474787386,18.2,17.8,19.43,21.1,21.9,2.900000000000002,4.099999999999998,89.0,91.67,96.0,17.5,1012.83,16.67,6.228
2007-10-17,12,75.09177441384213,59.94453431972375,19.4,16.2,20.7,22.9,23.7,3.5,7.5,66.0,80.33,95.0,2.8000000000000003,1015.3,27.0,4.32
2007-10-18,6,83.4359209389343,57.322636999976055,17.8,15.4,21.17,25.9,26.6,8.099999999999998,11.200000000000001,64.0,75.67,83.0,0.0,1015.47,10.67,6.12
2007-10-19,10,95.6943202034931,63.2038093534805,18.8,17.8,22.33,28.2,29.6,9.399999999999999,11.8,58.0,75.67,86.0,0.0,1014.37,10.67,5.04
2007-10-20,6,104.5206619731743,62.376918335462925,20.4,17.8,25.1,31.3,32.0,10.900000000000002,14.2,49.0,69.67,87.0,0.0,1009.37,24.0,7.5600000000000005
2007-10-21,7,82.0694953935586,61.50563686350844,21.5,17.6,23.83,26.3,26.4,4.800000000000001,8.799999999999997,61.0,68.67,73.0,0.0,1012.2,18.33,9.107999999999999
2007-10-22,8,79.70961412672978,51.95927738958571,17.5,12.2,21.17,25.4,25.7,7.899999999999999,13.5,43.0,55.67,68.0,0.0,1019.13,7.67,3.132
2007-10-23,5,76.33843099588776,58.36345247593485,17.2,16.3,20.0,22.8,23.4,5.600000000000001,7.099999999999998,53.0,66.33,78.0,0.0,1022.83,10.67,9.360000000000001
2007-10-24,6,81.45213525492882,57.05179382376947,18.4,15.8,21.8,25.6,26.3,7.200000000000003,10.5,54.0,64.67,75.0,0.0,1022.3,11.0,9.828
2007-10-25,3,97.44003920506424,60.228602104333966,19.1,16.5,24.07,30.6,31.4,11.5,14.899999999999999,47.0,62.33,74.0,0.0,1015.53,16.67,5.148
2007-10-26,13,103.26705615101407,71.9279718261308,23.2,21.6,26.2,31.2,31.8,8.0,10.2,60.0,69.33,79.0,0.0,1010.53,21.33,4.428
2007-10-27,5,90.13120780963216,66.58258917334521,22.8,19.3,24.93,28.2,28.8,5.399999999999999,9.5,65.0,70.0,76.0,3.0,1009.33,27.33,5.04
2007-10-28,4,91.93617334320007,61.78056879125543,22.2,17.8,24.57,28.7,29.0,6.5,11.2,64.0,73.0,79.0,0.0,1011.17,18.33,9.972
2007-10-29,6,69.77043408724771,68.08221650309082,20.5,20.0,21.0,21.9,22.8,1.3999999999999986,2.8000000000000007,91.0,93.33,95.0,15.0,1012.13,14.0,5.292
2007-10-30,5,75.643256875024,64.12550479132074,19.9,18.1,21.87,24.3,24.3,4.400000000000002,6.199999999999999,82.0,89.0,94.0,0.5,1012.87,9.33,4.428
2007-10-31,10,103.57569335287955,69.64563787764737,21.1,19.5,25.0,30.4,30.8,9.299999999999997,11.3,62.0,78.67,92.0,0.2,1006.0,7.67,0.8280000000000001
2007-11-01,9,79.041959776608,58.65129565450672,16.6,16.2,20.47,24.8,25.2,8.2,9.0,80.0,88.0,96.0,53.5,1004.07,12.33,7.5600000000000005
2007-11-02,9,72.58567366833964,56.167131192399765,16.7,14.7,18.23,20.5,21.1,3.8000000000000007,6.400000000000002,64.0,74.67,84.0,0.1,1009.77,4.67,5.148
2007-11-03,10,78.4491170009922,54.78028371865502,17.0,14.0,20.33,24.2,24.8,7.199999999999999,10.8,46.0,65.0,82.0,0.0,1009.13,13.67,4.788
2007-11-04,8,77.10068663649727,55.518768180660636,15.8,15.1,19.8,22.2,23.2,6.399999999999999,8.1,33.0,53.67,68.0,0.5,1011.1,29.0,9.360000000000001
2007-11-05,6,76.6902595066309,43.744075475813474,15.4,9.4,18.57,22.7,23.1,7.299999999999999,13.700000000000001,49.0,59.33,70.0,0.0,1017.23,9.33,5.867999999999999
2007-11-06,5,80.33062743726998,49.597934586583,16.2,12.0,20.03,24.0,25.8,7.800000000000001,13.8,52.0,64.33,76.0,0.0,1018.07,17.0,6.012
2007-11-07,4,100.19690517947234,55.26458210085886,18.7,14.3,24.07,31.4,31.7,12.7,17.4,48.0,65.0,76.0,0.0,1015.43,18.33,5.148
2007-11-08,6,111.66061965772235,62.732114857109,23.2,17.8,27.67,34.7,35.0,11.500000000000004,17.2,34.0,58.33,72.0,0.0,1010.53,27.33,6.372
2007-11-09,11,90.12099291188625,74.50099664382358,24.1,23.0,25.7,28.5,29.2,4.399999999999999,6.199999999999999,52.0,65.33,76.0,0.0,1001.77,27.0,7.452
2007-11-10,7,79.91206055566374,59.81555274230554,23.1,16.7,24.07,24.9,25.5,1.7999999999999972,8.8,65.0,70.67,77.0,0.0,998.63,16.67,7.5600000000000005
2007-11-11,4,75.91366674842187,54.82026143358135,16.9,15.0,19.13,22.4,22.8,5.5,7.800000000000001,30.0,64.67,95.0,11.2,1010.6,23.0,11.052
2007-11-12,9,76.57690747810699,48.12297357708271,16.0,11.0,18.6,21.9,22.3,5.899999999999999,11.3,46.0,55.67,71.0,0.0,1018.73,19.67,4.680000000000001
2007-11-13,6,90.74246115999992,48.217368591920234,16.0,11.6,21.93,29.0,30.0,13.0,18.4,46.0,59.0,71.0,0.0,1011.9,9.33,6.9479999999999995
2007-11-14,7,75.64972634794725,62.585714918661765,20.2,17.7,21.53,22.4,24.0,2.1999999999999993,6.300000000000001,74.0,81.67,89.0,6.1,1010.13,18.33,6.12
2007-11-15,8,75.82930195664605,42.25622140643653,13.9,10.0,17.67,20.0,20.6,6.1,10.600000000000001,53.0,60.67,73.0,0.0,1021.03,19.67,12.708
2007-11-16,11,82.69752564587206,48.34067941592027,15.8,12.0,20.67,26.4,26.9,10.599999999999998,14.899999999999999,51.0,63.0,75.0,0.0,1022.07,9.0,8.892000000000001
2007-11-17,7,96.43118612442211,58.5007811799918,19.4,16.1,23.97,30.6,31.0,11.200000000000003,14.899999999999999,54.0,63.67,73.0,0.0,1018.13,6.33,7.308
2007-11-18,7,75.99580019113567,66.87246228300461,19.6,19.2,21.7,24.4,24.4,4.799999999999997,5.199999999999999,75.0,89.0,98.0,44.400000000000006,1013.47,10.67,3.708
2007-11-19,5,90.91865559039981,67.27801657364998,20.7,19.2,23.23,27.4,28.0,6.699999999999999,8.8,67.0,84.0,96.0,1.7,1010.73,16.67,2.8800000000000003
2007-11-20,9,105.0603308080742,64.90706375671456,19.4,18.1,23.0,29.4,31.5,10.0,13.399999999999999,44.0,74.67,91.0,0.0,1014.07,7.67,2.8800000000000003
2007-11-21,8,84.50411388275228,56.285724449013735,21.7,15.2,24.5,27.5,27.6,5.800000000000001,12.400000000000002,52.0,63.0,71.0,0.0,1019.4,14.0,7.668
2007-11-22,9,89.38073878412817,58.46205661535305,21.0,16.2,24.63,28.6,29.2,7.600000000000001,13.0,52.0,63.0,74.0,0.0,1015.13,14.0,8.172
2007-11-23,4,102.7021576279751,61.808063014530575,21.2,17.2,25.87,32.6,33.0,11.400000000000002,15.8,42.0,59.33,78.0,0.0,1012.1,14.0,5.148
2007-11-24,4,73.84084959802907,59.04683705373325,19.2,16.6,20.8,23.6,23.6,4.400000000000002,7.0,80.0,86.33,94.0,3.9,1010.67,18.33,9.468
2007-11-25,7,68.75410722978309,56.127712678968415,16.4,15.1,17.83,20.5,20.8,4.100000000000001,5.700000000000001,69.0,84.67,94.0,10.899999999999999,1012.33,14.0,7.452
2007-11-26,9,83.90828672771207,60.27820141153362,18.1,16.1,22.37,26.8,27.2,8.7,11.099999999999998,47.0,66.0,81.0,0.0,1013.3,13.67,3.3480000000000003
2007-11-27,7,84.9962503979103,56.226899948231065,20.7,14.4,23.67,27.6,27.6,6.900000000000002,13.200000000000001,55.0,65.67,75.0,0.0,1013.13,13.67,3.8520000000000003
2007-11-28,10,82.2738807361249,53.488208828228224,19.2,14.0,22.2,25.6,26.6,6.400000000000002,12.600000000000001,55.0,65.67,75.0,0.0,1014.73,12.33,7.668
2007-11-29,10,84.00697922453432,54.05911028506368,19.0,14.3,22.7,27.0,27.5,8.0,13.2,50.0,61.67,70.0,0.0,1015.63,14.0,8.028
2007-11-30,8,83.64910298454936,56.08365331669569,19.3,15.2,22.87,26.8,27.2,7.5,12.0,54.0,64.33,73.0,0.0,1015.73,12.33,8.28
2007-12-01,12,86.74812072066916,59.19413683442823,20.0,16.7,23.67,27.8,28.1,7.800000000000001,11.400000000000002,53.0,66.67,78.0,0.0,1015.0,10.67,9.828
2007-12-02,7,96.23050471541187,60.39858385083468,19.6,16.8,24.0,29.8,30.4,10.2,13.599999999999998,56.0,68.67,78.0,0.0,1014.27,10.67,6.48
2007-12-03,9,93.61612722280027,64.97474602481884,21.4,19.0,25.03,29.5,29.6,8.100000000000001,10.600000000000001,56.0,70.67,81.0,0.0,1013.37,10.67,8.388
2007-12-04,7,121.65599058036454,68.9050324298835,22.6,20.5,27.63,34.0,34.6,11.399999999999999,14.100000000000001,55.0,71.67,84.0,0.0,1008.57,13.67,6.48
2007-12-05,7,89.23085379258636,66.83092610474543,22.5,19.9,23.97,24.8,27.8,2.3000000000000007,7.900000000000002,74.0,81.33,89.0,8.5,1008.97,18.33,9.72
2007-12-06,6,82.6705965479708,66.35478108698075,20.2,19.1,21.73,24.6,26.4,4.400000000000002,7.299999999999997,58.0,74.67,91.0,0.4,1012.1,15.33,4.428
2007-12-07,3,91.23550358068391,57.709756623642335,19.5,15.0,23.5,29.0,29.8,9.5,14.8,41.0,62.33,79.0,0.0,1009.63,12.33,3.6
2007-12-08,7,97.53659578750012,64.04584179471976,24.0,17.8,26.77,31.5,32.5,7.5,14.7,38.0,54.0,65.0,0.0,1007.43,16.67,3.24
2007-12-09,5,88.41315515592183,70.22966765756613,25.0,21.1,26.53,28.8,29.6,3.8000000000000007,8.5,53.0,55.67,58.0,0.0,1011.0,12.33,6.732
2007-12-10,7,116.5033510008698,66.88414610167467,21.2,19.5,27.47,35.0,35.4,13.8,15.899999999999999,50.0,61.33,72.0,0.0,1009.63,22.67,5.508
2007-12-11,9,75.94068358644316,65.1558795486948,21.4,18.9,22.7,23.7,23.9,2.3000000000000007,5.0,56.0,77.33,95.0,15.3,1013.4,11.0,6.732
2007-12-12,4,81.78016196376055,52.5557036212997,19.0,13.6,22.3,26.2,26.4,7.199999999999999,12.799999999999999,50.0,65.67,83.0,0.0,1017.23,14.0,7.668
2007-12-13,5,89.01747883565497,52.76098439567732,18.8,13.8,23.43,29.2,29.6,10.399999999999999,15.8,41.0,57.67,74.0,0.0,1016.2,14.0,8.388
2007-12-14,7,99.25952005431549,62.48497483318628,21.0,17.5,25.53,31.6,32.3,10.600000000000001,14.799999999999997,41.0,58.67,73.0,0.0,1013.37,10.67,5.148
2007-12-15,4,99.1007833309582,59.19823551372854,22.0,16.6,26.03,31.7,32.0,9.7,15.399999999999999,41.0,60.67,76.0,0.0,1010.4,18.33,8.892000000000001
2007-12-16,1,78.68053786781412,66.75131801655169,22.8,19.8,23.67,25.0,25.0,2.1999999999999993,5.199999999999999,68.0,75.67,81.0,0.9,1012.83,12.33,8.892000000000001
2007-12-17,9,83.44740990956798,61.57730509700396,20.0,17.5,23.23,26.0,27.2,6.0,9.7,54.0,63.0,78.0,0.0,1016.07,9.33,7.920000000000001
2007-12-18,7,97.95097221251211,60.39208565381269,21.0,16.9,25.07,30.2,31.2,9.2,14.3,55.0,65.0,71.0,0.0,1012.63,18.33,7.2
2007-12-19,6,92.53039066733648,67.78302956508355,23.8,20.0,25.93,28.8,29.0,5.0,9.0,59.0,74.67,90.0,5.6,1011.07,18.33,6.372
2007-12-20,7,92.70259446465504,65.36446904654348,22.5,18.7,25.03,29.0,29.6,6.5,10.900000000000002,50.0,68.33,79.0,0.0,1011.1,12.33,4.680000000000001
2007-12-21,5,101.43896688328942,65.06915142248447,22.0,18.7,26.2,31.6,32.4,9.600000000000001,13.7,44.0,61.67,77.0,0.0,1010.63,12.0,5.508
2007-12-22,6,114.146371732045,67.57867970618638,23.8,19.5,27.07,31.6,34.3,7.800000000000001,14.799999999999997,43.0,65.67,82.0,0.0,1010.9,14.0,3.6
2007-12-23,6,111.01813713665308,71.02204378170356,25.2,21.3,28.33,34.2,34.4,9.000000000000004,13.099999999999998,34.0,61.33,76.0,0.0,1012.63,7.67,5.292
2007-12-24,5,117.01132621852214,69.45729192865059,24.0,20.9,28.53,34.2,35.0,10.200000000000003,14.100000000000001,49.0,64.33,82.0,0.0,1011.6,18.33,8.28
2007-12-25,7,98.41510529286853,70.4174366836443,24.2,20.6,25.6,27.8,29.6,3.6000000000000014,9.0,67.0,81.67,90.0,26.6,1010.77,16.67,2.628
2007-12-26,10,114.99094876452247,72.22116307742661,25.8,21.6,28.67,33.0,34.6,7.199999999999999,13.0,49.0,64.67,83.0,0.0,1009.43,22.67,3.492
2007-12-27,9,103.3626867745137,76.83237967658286,26.7,23.8,28.63,31.2,31.9,4.5,8.099999999999998,63.0,68.67,78.0,0.0,1009.87,17.0,4.428
2007-12-28,7,110.63701153926397,76.43098917634217,25.8,23.7,28.27,31.8,32.8,6.0,9.099999999999998,58.0,72.0,84.0,0.0,1009.4,25.67,5.4
2007-12-29,9,100.03115292161417,72.17948035642583,24.9,21.4,26.87,30.0,30.2,5.100000000000001,8.8,72.0,78.33,83.0,5.6000000000000005,1008.83,24.0,2.52
2007-12-30,4,96.13879163838156,70.52055019777379,21.6,20.9,24.47,28.0,28.9,6.399999999999999,8.0,69.0,85.33,97.0,26.099999999999998,1008.53,34.67,3.9600000000000004
2007-12-31,11,110.39465758750033,72.76656171200179,25.4,22.2,27.83,32.5,32.5,7.100000000000001,10.3,56.0,74.0,88.0,0.0,1010.2,16.67,6.732
2008-01-01,6,114.34042735472319,72.72630597482565,25.6,22.0,28.4,33.2,33.6,7.600000000000001,11.600000000000001,50.0,70.67,87.0,0.0,1011.9,9.0,4.788
2008-01-02,9,115.6235214729281,75.02506432744684,24.9,23.1,28.97,33.0,34.2,8.100000000000001,11.100000000000001,56.0,68.0,79.0,0.0,1011.37,13.67,5.652
2008-01-03,9,119.88341629124793,73.93937335216822,25.4,22.6,29.67,35.6,35.7,10.200000000000003,13.100000000000001,47.0,63.0,78.0,0.0,1009.93,25.67,5.4
2008-01-04,5,103.59069432344633,76.55042965744875,26.0,23.9,28.67,31.4,31.7,5.399999999999999,7.800000000000001,59.0,70.67,78.0,0.0,1013.3,21.33,7.812
2008-01-05,3,99.85910842460837,73.39928180943205,23.0,22.3,26.13,29.8,30.2,6.800000000000001,7.899999999999999,60.0,78.0,94.0,12.600000000000001,1015.03,12.33,4.788
2008-01-06,4,93.11931224155899,68.40220314032902,24.4,20.2,26.3,29.5,30.0,5.100000000000001,9.8,48.0,65.33,78.0,1.1,1013.8,12.0,5.760000000000001
2008-01-07,10,98.97394044067252,61.333989586150054,22.2,16.9,25.8,31.2,32.1,9.0,15.200000000000003,50.0,59.67,67.0,0.0,1012.1,9.33,4.680000000000001
2008-01-08,8,112.65263293081613,65.66979762704847,24.0,19.0,27.73,33.6,34.6,9.600000000000001,15.600000000000001,39.0,62.0,76.0,0.0,1009.3,22.67,5.760000000000001
2008-01-09,7,113.52809639107369,67.14006090251777,26.0,19.3,28.9,34.7,35.3,8.700000000000003,15.999999999999996,39.0,58.67,71.0,0.0,1007.73,25.67,3.6
2008-01-10,6,125.00884141226027,70.89950138177804,26.6,21.4,30.23,36.5,37.5,9.899999999999999,16.1,33.0,57.67,76.0,0.0,1005.47,12.33,6.84
2008-01-11,5,93.51006159812054,68.88660893629292,20.7,20.4,25.43,29.0,29.0,8.3,8.600000000000001,64.0,77.33,96.0,24.5,1007.93,16.67,5.652
2008-01-12,8,85.35683555537199,63.42668364899785,21.0,18.5,24.23,27.7,27.7,6.699999999999999,9.2,47.0,66.0,93.0,4.0,1015.63,16.67,10.08
2008-01-13,7,87.04793494789138,64.63968555827617,22.0,19.1,25.1,28.7,28.7,6.699999999999999,9.599999999999998,54.0,60.33,65.0,0.0,1017.4,7.67,11.268
2008-01-14,2,98.6459113809921,67.85973779784194,22.8,20.4,26.7,30.6,31.2,7.800000000000001,10.8,62.0,66.33,71.0,0.0,1016.93,12.0,10.692
2008-01-15,7,111.75591562249603,72.50081141024984,25.4,22.0,28.47,33.2,33.4,7.800000000000004,11.399999999999999,52.0,69.0,86.0,0.0,1012.93,25.67,5.760000000000001
2008-01-16,8,107.1453254201934,76.7187475913011,27.0,24.0,28.87,32.3,32.8,5.299999999999997,8.799999999999997,58.0,67.33,82.0,0.0,1006.03,25.67,8.388
2008-01-17,5,86.9592000960962,69.64896939058539,20.9,20.3,23.87,26.6,27.4,5.700000000000003,7.099999999999998,62.0,79.0,88.0,7.9,1008.87,15.33,2.8800000000000003
2008-01-18,3,96.10525557761936,66.66952346336808,22.8,19.3,25.67,29.8,30.2,7.0,10.899999999999999,64.0,70.33,74.0,0.0,1008.07,15.33,4.788
2008-01-19,5,77.19081061970697,70.83355392993987,21.8,21.2,22.97,24.7,24.7,2.8999999999999986,3.5,85.0,87.67,90.0,4.7,1009.0,15.0,5.148
2008-01-20,4,83.90828672771207,63.24162511865879,22.2,18.2,23.83,26.8,27.2,4.600000000000001,9.0,47.0,66.0,79.0,0.1,1013.9,19.67,7.812
2008-01-21,4,84.67273574563217,57.809172705723604,21.2,15.5,23.47,26.8,27.8,5.600000000000001,12.3,48.0,61.0,69.0,0.0,1017.07,18.33,5.508
2008-01-22,2,86.30885067959042,58.8266661765038,20.8,16.4,24.3,28.1,28.7,7.300000000000001,12.3,48.0,57.33,66.0,0.0,1018.17,9.0,8.532
2008-01-23,5,86.59300760144444,63.235309963052444,22.1,18.5,25.1,28.2,28.6,6.099999999999998,10.100000000000001,51.0,59.67,67.0,0.0,1019.53,10.67,11.052
2008-01-24,8,95.49352900979207,64.43097530492739,22.8,18.9,26.27,30.8,31.2,8.0,12.3,47.0,60.0,70.0,0.0,1018.5,17.0,9.828
2008-01-25,12,92.56028542710428,66.91789848798403,23.0,19.9,26.07,29.7,30.2,6.699999999999999,10.3,47.0,62.0,77.0,0.0,1017.23,10.67,9.251999999999999
2008-01-26,7,87.34472065673866,67.00874273378193,22.6,20.1,25.17,28.2,28.6,5.599999999999998,8.5,51.0,62.67,72.0,0.0,1017.87,12.33,11.520000000000001
2008-01-27,11,93.11931224155899,68.84087807806364,22.4,20.9,24.9,28.3,30.0,5.900000000000002,9.100000000000001,53.0,65.33,74.0,0.0,1017.7,18.33,12.24
2008-01-28,5,93.36089459990431,64.79461458557259,23.0,19.2,25.83,29.4,30.2,6.399999999999999,11.0,53.0,64.0,72.0,0.0,1016.1,10.67,11.772
2008-01-29,7,99.54305713868823,67.97720813760344,23.2,20.0,26.17,30.4,31.2,7.199999999999999,11.2,53.0,68.0,80.0,0.0,1012.9,9.33,5.652
2008-01-30,6,78.38703828101397,66.78764323584339,20.2,19.0,21.83,24.6,25.0,4.400000000000002,6.0,69.0,85.33,95.0,49.9,1010.4,9.33,2.988
2008-01-31,9,74.25241151942168,65.93105634055212,20.0,19.1,21.27,22.6,23.8,2.6000000000000014,4.699999999999999,83.0,87.33,91.0,1.4,1010.63,9.0,5.652
2008-02-01,9,83.96253603605905,67.84903616158475,19.5,19.4,21.73,24.0,26.4,4.5,7.0,80.0,86.67,93.0,6.1,1007.97,12.33,2.628
2008-02-02,3,84.78285631719373,70.05907491579987,22.2,20.1,22.63,23.3,26.5,1.1000000000000014,6.399999999999999,88.0,89.67,92.0,5.3,1004.5,12.33,1.548
2008-02-03,7,79.20957463763185,65.59270790766206,21.3,19.0,22.4,24.5,25.2,3.1999999999999993,6.199999999999999,51.0,75.0,93.0,2.3,1010.93,13.67,6.012
2008-02-04,4,85.3883078340231,55.418345149066695,19.2,14.4,21.7,26.4,27.8,7.199999999999999,13.4,47.0,64.67,77.0,0.0,1015.8,21.33,5.292
2008-02-05,7,98.92946284891063,57.779923571465254,21.0,15.2,24.1,30.2,32.4,9.2,17.2,42.0,57.33,68.0,0.0,1015.77,15.33,4.212
2008-02-06,6,105.00283656059216,70.56157815229133,25.2,20.7,27.6,32.2,32.7,7.0000000000000036,12.000000000000004,50.0,65.0,75.0,0.0,1015.93,18.33,2.7720000000000002
2008-02-07,8,106.13303248876795,65.78499429123524,24.1,19.0,27.43,33.2,34.4,9.100000000000001,15.399999999999999,40.0,55.0,66.0,0.0,1014.37,12.33,5.4
2008-02-08,11,112.71262684480021,69.19478798285961,25.0,20.3,27.9,33.5,34.0,8.5,13.7,50.0,66.0,81.0,0.0,1012.83,18.33,3.9600000000000004
2008-02-09,4,98.97108574902398,70.30938020552749,24.5,20.7,27.2,31.0,31.8,6.5,11.100000000000001,56.0,62.0,70.0,0.0,1009.27,15.0,3.3480000000000003
2008-02-10,7,106.68628857729101,72.21388887311971,23.0,21.8,24.8,26.2,30.8,3.1999999999999993,9.0,78.0,83.67,93.0,3.0,1007.27,12.33,5.04
2008-02-11,4,68.45893837268522,68.27537087904985,20.2,20.0,21.23,22.4,22.4,2.1999999999999993,2.3999999999999986,91.0,93.67,96.0,48.4,1012.27,12.33,4.680000000000001
2008-02-12,4,82.22125052696983,66.3689244134557,20.4,19.0,22.17,25.3,26.0,4.900000000000002,7.0,77.0,86.33,91.0,2.2,1013.2,12.0,3.8520000000000003
2008-02-13,5,89.57359554012466,60.82724044312614,20.4,17.4,22.67,27.2,28.4,6.800000000000001,11.0,56.0,73.33,82.0,0.5,1012.7,27.0,9.972
2008-02-14,5,103.78672001886207,67.09228101310532,23.4,19.3,26.0,31.0,31.5,7.600000000000001,12.2,53.0,72.67,83.0,0.0,1014.57,21.33,3.708
2008-02-15,6,107.45257506640033,67.91227596251161,22.9,19.7,26.03,31.4,32.0,8.5,12.3,61.0,74.0,82.0,0.0,1014.5,9.0,3.8520000000000003
2008-02-16,10,95.05780717638406,74.4664087530295,24.4,22.8,25.6,27.6,28.8,3.200000000000003,6.0,73.0,84.0,91.0,1.5999999999999999,1012.3,9.0,5.04
2008-02-17,10,106.00878234697625,67.32385550072223,23.5,19.8,26.27,31.0,31.4,7.5,11.599999999999998,60.0,77.0,86.0,0.0,1013.1,15.33,6.372
2008-02-18,9,96.86995036000003,67.49816112802034,23.6,19.9,26.13,29.8,30.0,6.199999999999999,10.100000000000001,60.0,74.0,83.0,0.0,1016.4,20.0,6.588
2008-02-19,7,94.60229838711581,70.71323468429526,24.0,21.4,26.03,28.8,29.4,4.800000000000001,8.0,65.0,75.33,83.0,0.0,1016.43,12.33,7.812
2008-02-20,4,96.5121036878434,71.39502628334631,23.4,21.7,25.9,28.8,29.8,5.400000000000002,8.100000000000001,65.0,75.33,83.0,0.0,1011.2,10.67,7.920000000000001
2008-02-21,5,103.19179170906386,67.83810556877407,23.2,20.1,25.83,30.4,31.2,7.199999999999999,11.099999999999998,51.0,74.33,86.0,0.0,1010.67,21.33,7.092
2008-02-22,10,98.7953283218561,64.97361499498285,23.6,17.7,25.8,30.0,30.6,6.399999999999999,12.900000000000002,56.0,72.0,80.0,0.0,1012.2,9.0,1.692
2008-02-23,7,96.10300165375901,69.99226267887889,23.8,20.7,25.93,28.2,30.0,4.399999999999999,9.3,64.0,72.33,80.0,0.0,1015.87,10.67,4.212
2008-02-24,3,94.62167105654429,67.98541636728366,23.0,20.1,25.8,29.2,30.2,6.199999999999999,10.099999999999998,55.0,67.0,75.0,0.0,1015.73,13.67,6.48
2008-02-25,6,97.50051826000801,71.6909750378534,23.2,21.8,26.07,29.6,30.4,6.400000000000002,8.599999999999998,53.0,71.33,83.0,0.0,1015.23,12.33,7.5600000000000005
2008-02-26,9,97.08390297773947,71.86033650949761,24.2,22.0,26.7,30.1,30.7,5.900000000000002,8.7,56.0,67.67,78.0,0.0,1015.17,9.0,9.468
2008-02-27,16,105.12830444694401,72.30067679603607,23.6,22.2,27.03,31.6,32.2,8.0,10.000000000000004,51.0,69.0,84.0,0.0,1014.3,6.33,9.72
2008-02-28,5,100.11486025018738,75.182354886918,25.0,23.4,26.83,30.5,31.4,5.5,8.0,56.0,67.33,73.0,0.0,1011.63,8.0,9.468
2008-02-29,6,76.70650978679656,70.04017625120923,21.3,21.1,22.63,24.5,24.5,3.1999999999999993,3.3999999999999986,73.0,85.33,92.0,26.3,1008.7,12.33,7.668
2008-03-01,3,95.59988376442445,68.12834704118042,22.1,20.2,23.3,24.8,29.0,2.6999999999999993,8.8,72.0,82.67,88.0,4.2,1002.37,17.0,6.84
2008-03-02,3,99.03441457135061,69.36718272179945,22.0,19.9,24.4,28.8,29.8,6.800000000000001,9.900000000000002,61.0,80.67,91.0,3.1,1001.7,13.0,1.9080000000000001
2008-03-03,6,95.6943202034931,70.42536918532637,24.2,21.1,26.03,29.1,29.6,4.900000000000002,8.5,62.0,75.67,84.0,6.9,1004.37,19.67,5.867999999999999
2008-03-04,3,91.99918050316658,70.25724364583175,23.4,21.4,25.33,28.6,28.8,5.200000000000003,7.400000000000002,60.0,75.67,90.0,2.6,1007.2,33.33,10.692
2008-03-05,10,91.13397485799254,72.06951173170607,23.2,21.8,25.67,28.8,29.0,5.600000000000001,7.199999999999999,53.0,70.67,83.0,0.9,1009.23,31.67,5.652
2008-03-06,6,93.64212932092812,67.05908703217986,23.5,19.0,26.17,29.8,30.6,6.300000000000001,11.600000000000001,45.0,61.0,72.0,0.0,1009.93,10.67,2.52
2008-03-07,6,96.44124805607089,66.71960012021182,23.3,19.2,26.43,30.6,31.4,7.300000000000001,12.2,41.0,60.33,75.0,0.0,1012.1,22.67,4.068
2008-03-08,7,111.78757678083727,69.04865006898738,24.2,20.1,27.7,33.3,33.5,9.099999999999998,13.399999999999999,51.0,68.33,82.0,0.0,1013.57,10.67,3.24
2008-03-09,10,120.64321206985193,72.19148360433071,24.8,21.5,28.2,34.3,34.7,9.499999999999996,13.200000000000003,51.0,70.0,80.0,0.0,1014.7,13.67,2.988
2008-03-10,7,100.73868856513865,74.42994212784416,24.4,22.5,26.2,29.0,30.2,4.600000000000001,7.699999999999999,70.0,79.67,88.0,0.0,1012.97,18.33,2.7720000000000002
2008-03-11,5,80.49026186974389,70.51436053943328,23.0,21.2,24.07,25.2,25.6,2.1999999999999993,4.400000000000002,72.0,81.67,87.0,3.6,1012.57,21.33,6.48
2008-03-12,4,87.71964763745495,66.60220543383411,20.0,19.0,22.7,26.9,27.9,6.899999999999999,8.899999999999999,63.0,73.67,91.0,0.3,1011.13,14.0,3.3480000000000003
2008-03-13,7,88.53865790944486,60.66583156748304,21.6,16.9,24.17,27.8,28.4,6.199999999999999,11.5,48.0,69.67,83.0,0.0,1015.7,17.0,6.372
2008-03-14,7,88.99230985442213,64.29007301626814,20.2,18.3,23.07,27.4,28.3,7.199999999999999,10.0,53.0,72.67,91.0,0.2,1017.33,25.67,5.148
2008-03-15,6,86.96312176239984,63.027282408395486,20.8,17.8,23.77,27.5,28.0,6.699999999999999,10.2,55.0,69.0,77.0,0.0,1019.63,7.67,5.508
2008-03-16,5,97.61578357123028,62.901398265191936,21.7,17.6,24.73,30.0,30.6,8.3,13.0,51.0,69.67,82.0,0.0,1020.27,15.33,4.680000000000001
2008-03-17,8,97.08191180080017,63.20285394448372,22.2,17.9,25.2,31.0,31.0,8.8,13.100000000000001,49.0,65.0,73.0,0.0,1019.17,12.33,5.652
2008-03-18,9,101.47985874839499,64.16413648623296,22.6,18.0,25.3,30.5,31.1,7.899999999999999,13.100000000000001,54.0,72.33,83.0,0.0,1018.27,12.0,3.8520000000000003
2008-03-19,4,112.64711266997257,71.04027639416262,23.3,21.6,27.47,33.0,33.6,9.7,12.0,50.0,68.67,83.0,0.0,1015.0,9.33,8.64
2008-03-20,9,103.6888915686721,78.14553875041636,26.0,24.4,27.6,30.8,31.8,4.800000000000001,7.400000000000002,56.0,70.0,82.0,0.0,1013.6,27.33,4.572
2008-03-21,5,110.76872254647083,71.61779483083106,25.9,21.3,28.4,33.0,33.0,7.100000000000001,11.7,52.0,70.67,80.0,0.0,1014.93,10.67,3.3480000000000003
2008-03-22,7,103.60244138482538,73.58194064478297,24.8,22.7,26.67,29.4,32.2,4.599999999999998,9.500000000000004,58.0,66.67,77.0,0.0,1012.93,12.33,9.0
2008-03-23,4,77.36254923640016,67.2912269867285,21.2,19.9,22.8,24.0,24.5,2.8000000000000007,4.600000000000001,69.0,77.0,83.0,4.0,1017.23,20.0,7.452
2008-03-24,5,79.4804189529006,64.42593111441309,21.7,18.4,22.7,23.6,25.3,1.9000000000000021,6.900000000000002,72.0,76.33,81.0,0.0,1018.13,9.0,5.4
2008-03-25,3,96.70102479686243,64.91139761310245,20.7,18.9,24.73,30.0,30.4,9.3,11.5,53.0,69.67,83.0,0.0,1018.13,12.33,7.668
2008-03-26,9,105.97068246492742,65.26653044984431,22.2,18.5,25.77,32.3,32.8,10.099999999999998,14.299999999999997,48.0,65.67,75.0,0.0,1014.17,12.33,3.8520000000000003
2008-03-27,7,110.82124892770824,70.13175993278549,25.0,20.5,27.7,30.9,33.1,5.899999999999999,12.600000000000001,62.0,70.0,76.0,0.0,1010.63,12.0,2.7720000000000002
2008-03-28,8,82.5137420424257,68.44686319715896,20.8,19.8,22.53,25.4,26.0,4.599999999999998,6.199999999999999,83.0,90.67,95.0,24.400000000000002,1012.73,19.67,3.132
2008-03-29,8,82.07400092675206,66.44838117491103,21.6,19.5,22.87,24.8,26.2,3.1999999999999993,6.699999999999999,58.0,75.0,89.0,0.1,1017.63,16.67,7.092
2008-03-30,3,81.5469376539221,58.341655544043576,20.2,16.0,21.87,24.8,26.2,4.600000000000001,10.2,57.0,68.67,77.0,0.0,1018.93,10.67,7.092
2008-03-31,4,87.07335864226954,61.848117314617575,20.2,17.0,23.23,27.2,28.2,7.0,11.2,56.0,66.67,76.0,0.0,1014.73,18.0,4.068
2008-04-01,7,95.08364597924259,69.37693113360481,21.4,20.3,23.53,26.2,29.3,4.800000000000001,9.0,62.0,77.67,91.0,0.5,1011.2,12.33,3.492
2008-04-02,5,85.94874550585608,67.36202058301127,21.1,19.8,24.07,27.2,27.4,6.099999999999998,7.599999999999998,57.0,74.0,84.0,0.0,1010.6,15.33,6.228
2008-04-03,2,74.23853514495356,59.591846767654516,16.6,15.5,19.87,21.8,23.4,5.199999999999999,7.899999999999999,73.0,81.33,90.0,7.1,1013.47,15.0,2.52
2008-04-04,6,78.74082273021422,60.01854621134168,18.6,15.7,20.5,24.2,25.0,5.599999999999998,9.3,47.0,72.33,89.0,0.1,1015.27,19.67,2.52
2008-04-05,6,85.42228241859624,55.964901496313644,16.6,13.8,20.77,27.1,27.7,10.5,13.899999999999999,46.0,66.33,77.0,0.0,1015.37,28.67,2.52
2008-04-06,8,95.13003055173031,57.133571726856545,18.8,14.3,23.0,30.0,30.5,11.2,16.2,41.0,65.33,78.0,0.0,1013.13,15.0,2.4120000000000004
2008-04-07,8,99.18696217545606,62.57874287346466,20.2,16.9,24.47,30.6,31.6,10.400000000000002,14.700000000000003,38.0,64.0,81.0,0.0,1011.9,21.0,2.52
2008-04-08,4,100.54054804123837,63.89108290822425,21.4,17.7,25.53,32.0,32.2,10.600000000000001,14.500000000000004,35.0,61.67,82.0,0.0,1013.67,27.33,3.132
2008-04-09,3,110.21262136740627,64.86595401530286,21.5,17.2,25.97,32.6,33.6,11.100000000000001,16.400000000000002,45.0,65.67,77.0,0.0,1014.4,9.0,0.9720000000000001
2008-04-10,7,82.72409831459268,69.02015933360755,22.0,20.5,24.27,25.4,26.6,3.3999999999999986,6.100000000000001,64.0,69.67,78.0,0.1,1010.7,24.0,6.012
2008-04-11,6,99.31607742307207,63.20285394448372,21.0,17.9,24.73,30.6,30.6,9.600000000000001,12.700000000000003,51.0,73.0,87.0,0.0,1007.93,25.67,5.652
2008-04-12,10,77.49841370693612,68.23660791168933,21.0,19.8,22.67,24.2,24.7,3.1999999999999993,4.899999999999999,74.0,83.33,89.0,7.9,1006.8,15.0,3.6
2008-04-13,7,63.277300159907455,58.11649032457143,17.6,16.3,18.8,20.4,20.4,2.799999999999997,4.099999999999998,91.0,94.67,97.0,69.7,1005.87,16.67,10.332
2008-04-14,4,74.11288639945607,52.09275239807226,13.4,12.4,16.17,18.7,19.6,5.299999999999999,7.200000000000001,45.0,69.0,96.0,7.199999999999999,1015.03,24.33,3.492
2008-04-15,3,74.82661737964486,42.05566946428649,11.7,8.2,15.07,19.7,20.5,8.0,12.3,45.0,65.67,83.0,0.0,1020.67,29.0,4.428
2008-04-16,10,79.70848415781157,52.53700877025105,13.1,12.0,17.13,24.2,25.4,11.1,13.399999999999999,59.0,72.67,88.0,0.0,1019.57,12.0,2.16
2008-04-17,6,90.29398247751563,57.380477542798474,17.0,14.1,21.07,27.2,28.2,10.2,14.1,55.0,78.67,98.0,0.1,1019.17,9.0,1.8
2008-04-18,4,84.5531294343999,59.04303352045214,18.4,15.5,21.6,27.0,27.0,8.600000000000001,11.5,49.0,74.0,94.0,0.1,1020.07,15.0,3.24
2008-04-19,4,78.65063950000024,56.26351830633597,15.7,12.7,19.77,25.0,25.0,9.3,12.3,61.0,77.0,93.0,0.0,1018.23,3.0,0.8280000000000001
2008-04-20,7,87.96503094114723,58.36772989439387,17.2,15.4,21.17,26.8,27.4,9.600000000000001,11.999999999999998,64.0,83.67,99.0,0.0,1017.9,4.67,3.9600000000000004
2008-04-21,9,66.48019073974321,63.28188022006411,18.2,17.7,19.73,20.8,21.2,2.6000000000000014,3.5,89.0,91.33,96.0,2.3,1018.43,13.67,4.32
2008-04-22,10,79.45152310982621,65.61140935127388,18.8,18.2,20.83,24.5,25.3,5.699999999999999,7.100000000000001,73.0,86.33,95.0,0.0,1014.73,4.67,2.16
2008-04-23,6,74.08166253855075,62.442816685205024,18.5,17.3,20.53,22.8,23.8,4.300000000000001,6.5,80.0,88.33,96.0,0.4,1012.63,22.67,4.212
2008-04-24,6,86.85733957745555,58.738447880280205,17.2,15.1,21.07,26.8,27.2,9.600000000000001,12.1,56.0,82.67,100.0,0.1,1011.1,25.67,2.52
2008-04-25,10,83.92384359295612,57.41949658225916,18.2,15.0,21.4,25.8,26.9,7.600000000000001,11.899999999999999,53.0,72.0,83.0,0.0,1009.43,15.33,4.068
2008-04-26,2,65.22989375423253,62.39503198167985,17.9,16.9,18.9,20.0,20.6,2.1000000000000014,3.700000000000003,86.0,91.67,97.0,0.2,1009.2,12.0,2.7720000000000002
2008-04-27,6,88.11201747759667,60.18364085260154,17.4,15.3,20.67,25.8,27.4,8.400000000000002,12.099999999999998,63.0,84.33,96.0,0.1,1010.17,33.0,1.548
2008-04-28,10,66.67995129499359,63.49298081542061,19.4,16.6,19.77,20.4,21.3,1.0,4.699999999999999,87.0,91.33,96.0,25.599999999999998,1007.4,19.67,1.08
2008-04-29,4,67.28383844233412,53.273030665363194,17.0,13.3,17.97,18.7,19.7,1.6999999999999993,6.399999999999999,71.0,85.67,94.0,3.7,1009.97,17.0,4.680000000000001
2008-04-30,8,77.39221783534298,38.68394371696341,9.4,7.0,13.5,17.8,18.6,8.4,11.600000000000001,50.0,58.67,75.0,0.0,1021.97,15.33,5.292
2008-05-01,7,69.579225644512,41.70037673119645,10.6,8.0,13.5,18.8,19.8,8.200000000000001,11.8,64.0,81.0,92.0,0.0,1022.07,7.67,4.32
2008-05-02,10,62.37541738681422,54.44127664505212,15.6,14.5,16.07,16.4,17.4,0.7999999999999989,2.8999999999999986,84.0,92.33,98.0,20.400000000000002,1018.03,13.67,8.28
2008-05-03,5,64.24311413341745,54.80899498363571,16.4,15.5,16.87,17.6,19.1,1.2000000000000028,3.6000000000000014,86.0,90.33,98.0,136.9,1015.67,18.33,17.028000000000002
2008-05-04,5,62.61292317702426,59.26054692368117,16.7,15.6,16.9,17.2,17.8,0.5,2.200000000000001,86.0,92.0,96.0,3.0,1018.23,12.33,3.24
2008-05-05,5,63.30717390140799,54.09713657407647,14.9,14.3,15.8,16.4,19.8,1.4999999999999982,5.5,90.0,93.0,95.0,5.699999999999999,1014.47,27.33,7.920000000000001
2008-05-07,8,71.23579157819213,46.84701752677979,10.6,8.6,15.13,21.2,21.7,10.6,13.1,54.0,81.0,98.0,0.1,1017.63,10.67,1.332
2008-05-08,6,66.28182517446432,47.01714704711101,12.5,9.8,14.67,18.2,19.2,5.699999999999999,9.399999999999999,75.0,87.0,94.0,0.1,1018.57,12.33,2.8800000000000003
2008-05-09,5,72.37208619080525,48.54772254372062,11.0,9.0,15.03,19.6,20.4,8.600000000000001,11.399999999999999,56.0,74.33,87.0,0.0,1020.9,10.67,0.9720000000000001
2008-05-10,5,70.651600151615,47.27943680083534,12.8,10.2,15.6,20.6,21.0,7.800000000000001,10.8,62.0,80.33,91.0,0.1,1022.5,7.67,3.492
2008-05-11,4,70.44143857331198,48.76538158523818,14.6,12.0,16.53,19.8,21.6,5.200000000000001,9.600000000000001,69.0,83.0,91.0,0.0,1023.5,14.0,7.812
2008-05-12,14,74.75835413299208,53.57752629009769,15.4,13.5,18.03,22.7,23.2,7.299999999999999,9.7,59.0,76.0,86.0,0.0,1023.73,7.67,4.932
2008-05-13,12,79.80530593178402,54.09803103299035,14.7,13.5,18.73,24.7,25.4,10.0,11.899999999999999,58.0,80.67,92.0,0.0,1022.43,9.0,4.068
2008-05-14,12,78.27636540818804,55.86423192295833,15.7,14.0,19.17,24.6,24.9,8.900000000000002,10.899999999999999,58.0,80.0,94.0,0.0,1020.53,10.67,3.132
2008-05-15,8,73.23953770606535,54.67132816230542,15.1,13.8,18.6,22.3,22.7,7.200000000000001,8.899999999999999,59.0,79.33,93.0,0.0,1017.97,16.67,4.212
2008-05-16,8,76.19754080560007,49.388099864046424,12.2,10.9,17.2,23.0,24.0,10.8,13.1,60.0,77.0,94.0,0.0,1019.43,18.0,2.8800000000000003
2008-05-17,3,76.96320680025607,51.271744197893995,12.9,11.4,17.8,24.2,24.4,11.299999999999999,12.999999999999998,56.0,79.0,96.0,0.0,1019.83,7.67,2.16
2008-05-18,11,82.80789081676802,49.495354056683965,14.1,11.0,19.17,26.4,26.4,12.299999999999999,15.399999999999999,55.0,76.0,87.0,0.0,1017.07,10.67,2.988
2008-05-19,9,101.31203414728837,63.07346316546401,17.3,15.9,22.03,29.8,30.5,12.5,14.6,56.0,77.67,90.0,0.0,1013.57,10.67,0.6120000000000001
2008-05-20,3,100.95850499502757,65.3910139005043,22.0,18.6,25.4,30.6,31.3,8.600000000000001,12.7,57.0,69.67,76.0,0.0,1012.67,16.67,4.068
2008-05-21,5,90.1409809072232,70.62961725789089,22.3,20.0,24.67,27.6,28.3,5.300000000000001,8.3,67.0,76.67,83.0,0.0,1010.23,3.0,0.8280000000000001
2008-05-22,9,97.60745713609437,67.76485525538945,22.0,20.2,26.4,30.4,31.2,8.399999999999999,11.0,53.0,64.33,80.0,0.0,1011.47,28.67,8.532
2008-05-23,7,97.6581354799588,67.03036079162254,20.6,19.3,24.67,29.0,30.0,8.399999999999999,10.7,57.0,75.67,93.0,0.0,1012.83,15.0,3.8520000000000003
2008-05-24,4,76.3729143080912,62.247370948145885,20.2,17.7,22.3,23.7,24.0,3.5,6.300000000000001,58.0,75.33,84.0,0.1,1010.43,10.67,7.2
2008-05-25,9,73.64592414929385,51.821464270358746,13.5,13.4,15.87,17.7,17.7,4.199999999999999,4.299999999999999,67.0,73.67,83.0,0.0,1013.63,28.67,8.388
2008-05-26,5,69.41416115324401,45.738364775690464,11.7,9.9,15.37,19.8,20.3,8.100000000000001,10.4,66.0,82.0,98.0,0.0,1016.43,21.33,4.572
2008-05-27,9,76.67888806894773,52.12460650312918,13.5,12.0,17.0,24.0,24.2,10.5,12.2,57.0,76.67,89.0,0.0,1012.9,4.67,2.52
2008-05-28,11,70.61369642320896,59.547394635576545,18.2,15.2,18.8,19.8,22.2,1.6000000000000014,7.0,79.0,85.67,94.0,6.8,1009.43,15.0,1.9080000000000001
2008-05-29,6,59.41460278028832,45.435987270153774,11.6,9.8,13.6,17.2,17.6,5.6,7.800000000000001,95.0,96.0,97.0,36.5,1013.27,22.67,4.680000000000001
2008-05-30,8,81.13526344292603,31.532021664169598,6.2,5.2,9.47,12.4,12.4,6.2,7.2,59.0,80.67,95.0,10.8,1026.3,27.0,10.44
2008-05-31,9,77.9484373724595,34.89345858931475,5.0,3.4,8.73,13.0,13.4,8.0,10.0,64.0,80.67,95.0,0.0,1030.2,18.0,1.9080000000000001
2008-06-01,9,69.69286233885711,37.96722021552635,6.6,5.0,11.67,19.2,19.7,12.6,14.7,66.0,80.67,90.0,0.0,1028.47,17.0,2.052
2008-06-02,13,67.09450659402802,47.18655518213028,11.9,10.0,14.97,20.0,20.4,8.1,10.399999999999999,71.0,87.33,99.0,0.0,1025.9,18.33,3.132
2008-06-03,7,62.23749985431117,55.297353203464894,14.2,13.9,15.47,17.6,18.3,3.400000000000002,4.4,89.0,92.67,98.0,7.3,1020.87,16.67,3.6
2008-06-04,3,64.26173538988822,56.03091970490246,15.4,14.2,16.77,19.4,19.6,3.9999999999999982,5.400000000000002,81.0,91.0,98.0,3.5,1018.6,12.33,3.492
2008-06-05,7,70.1572784196483,69.0524,14.0,12.0,17.33,21.6,22.5,7.600000000000001,10.5,75.0,89.33,98.0,0.0,1016.9,0.0,0.0
2008-06-06,12,71.57802223550276,57.5885085010457,15.3,14.2,18.13,21.3,21.8,6.0,7.600000000000001,58.0,80.33,94.0,10.7,1017.1,10.67,1.8
2008-06-07,12,64.65388774287364,47.633610063953654,10.7,9.2,13.73,16.0,19.6,5.300000000000001,10.400000000000002,81.0,90.33,97.0,2.0,1019.37,9.33,1.548
2008-06-08,6,58.96818777134408,59.632655419042436,13.6,13.6,15.4,18.0,18.3,4.4,4.700000000000001,95.0,97.0,98.0,23.5,1016.27,6.0,0.36000000000000004
2008-06-09,5,58.79940361578842,56.68975460163232,16.6,14.8,16.9,17.4,17.4,0.7999999999999972,2.599999999999998,94.0,96.67,98.0,25.700000000000003,1011.2,16.67,4.572
2008-06-10,6,76.11205025900803,36.59771875946892,9.9,8.5,12.63,14.8,14.8,4.9,6.300000000000001,64.0,78.0,93.0,4.4,1014.07,30.0,20.052000000000003
2008-06-11,6,72.88732531849423,36.294754138932795,6.0,4.5,10.23,16.0,16.4,10.0,11.899999999999999,56.0,78.33,95.0,0.0,1019.57,21.0,2.4120000000000004
2008-06-12,13,71.35273024957277,40.3256817859487,6.8,6.0,11.2,18.0,18.2,11.2,12.2,55.0,77.67,94.0,0.1,1021.67,16.67,1.9080000000000001
2008-06-13,12,67.86919002310006,39.5207275862975,7.8,5.0,12.27,18.2,18.5,10.399999999999999,13.5,60.0,84.0,99.0,0.0,1019.63,7.67,1.332
2008-06-14,14,65.41604873191602,42.90050405372854,10.0,8.4,13.07,18.6,19.8,8.600000000000001,11.4,81.0,89.33,98.0,7.5,1010.43,9.0,3.9600000000000004
2008-06-15,6,80.25022065586658,38.80052740135495,8.8,8.0,12.57,15.5,15.9,6.699999999999999,7.9,38.0,63.67,88.0,0.0,1015.6,32.0,9.107999999999999
2008-06-16,6,85.02106699624998,31.885722716029964,5.2,4.2,9.47,13.4,13.6,8.2,9.399999999999999,52.0,66.67,94.0,0.0,1025.67,32.0,5.867999999999999
2008-06-17,8,73.63753570910407,32.40898254985625,3.8,1.8,8.77,15.5,15.7,11.7,13.899999999999999,53.0,79.0,96.0,0.0,1022.2,9.0,1.548
2008-06-18,15,70.98420573294591,39.16797598273551,4.7,3.5,10.27,17.9,19.2,13.2,15.7,52.0,77.67,95.0,0.0,1018.4,9.0,0.6120000000000001
2008-06-19,4,70.33862036615642,46.53984784584635,10.1,9.8,13.0,17.4,18.2,7.299999999999999,8.399999999999999,72.0,79.67,92.0,0.3,1015.13,10.67,3.3480000000000003
2008-06-20,7,65.89804214487413,49.62365027872805,14.0,11.8,14.4,14.8,16.6,0.8000000000000007,4.800000000000001,81.0,88.33,95.0,9.3,1009.77,30.33,5.148
2008-06-21,13,80.2514516239329,39.91553071284049,9.8,9.4,11.33,12.4,13.4,2.5999999999999996,4.0,68.0,77.33,86.0,0.0,1015.33,30.33,15.732000000000001
2008-06-22,8,74.17293056718724,43.98117014079268,10.5,9.8,12.3,14.4,15.2,3.9000000000000004,5.399999999999999,65.0,79.67,91.0,0.0,1021.57,25.67,7.092
2008-06-23,7,69.91079101321614,41.704239655256046,7.4,6.2,10.5,13.0,14.6,5.6,8.399999999999999,79.0,87.0,96.0,0.1,1026.0,21.0,1.4400000000000002
2008-06-24,6,65.09226337840009,50.714351267506416,12.2,11.2,13.67,16.6,17.0,4.400000000000002,5.800000000000001,81.0,89.0,98.0,1.1,1027.33,21.0,2.2680000000000002
2008-06-25,12,69.30514618899313,49.56440984100618,11.8,10.8,15.13,20.6,20.8,8.8,10.0,58.0,83.33,98.0,0.1,1025.53,6.0,2.52
2008-06-26,6,64.89458206537616,52.24282882356831,13.0,12.0,14.9,17.1,17.4,4.100000000000001,5.399999999999999,86.0,89.0,94.0,0.2,1021.43,6.0,2.4120000000000004
2008-06-27,6,62.29192922784084,57.27560504169885,14.8,14.3,15.63,17.2,19.8,2.3999999999999986,5.5,92.0,94.67,97.0,26.5,1019.9,7.67,2.2680000000000002
2008-06-28,7,63.3891741460869,58.545525127026416,15.4,14.9,16.73,19.2,20.0,3.799999999999999,5.1,87.0,93.33,98.0,2.3000000000000003,1019.03,18.33,2.2680000000000002
2008-06-29,6,63.5036746839677,57.17244658455128,14.7,14.0,16.13,18.1,19.8,3.400000000000002,5.800000000000001,83.0,92.67,100.0,0.2,1021.73,9.33,1.8
2008-06-30,11,66.37152200958985,54.99646424887551,13.8,13.6,15.87,19.2,20.2,5.399999999999999,6.6,74.0,88.33,96.0,0.0,1020.83,18.0,3.132
2008-07-01,9,68.32865363324179,54.449285633079725,14.5,13.7,16.43,19.4,20.4,4.899999999999999,6.699999999999999,67.0,84.67,96.0,0.0,1019.7,11.0,4.212
2008-07-02,11,62.02095557337624,49.100811565126634,11.2,10.2,13.53,15.4,15.6,4.200000000000001,5.4,91.0,94.0,98.0,0.30000000000000004,1021.67,24.0,1.9080000000000001
2008-07-03,10,59.705501137583894,54.39033559766765,14.1,13.4,14.4,14.9,15.3,0.8000000000000007,1.9000000000000004,93.0,96.67,99.0,6.8,1022.57,12.33,3.3480000000000003
2008-07-04,5,61.854825446368096,54.88410604383192,13.6,12.9,14.67,16.2,17.8,2.5999999999999996,4.9,88.0,93.0,98.0,0.1,1021.3,6.0,1.8
2008-07-05,9,79.82325314729559,51.48515117595434,12.4,12.2,17.2,24.8,25.4,12.4,13.2,58.0,83.67,97.0,0.2,1018.47,14.0,3.708
2008-07-06,17,84.40363380222497,53.697308116124596,13.4,12.4,19.07,26.0,26.7,12.6,14.299999999999999,53.0,80.33,98.0,0.1,1018.8,10.67,1.9080000000000001
2008-07-07,8,85.12398627947621,51.569093372281586,14.6,12.2,19.8,26.9,27.2,12.299999999999999,15.0,55.0,73.33,84.0,0.1,1016.73,14.0,3.6
2008-07-08,4,70.7695692688002,56.59285910845842,17.7,15.3,18.97,21.0,21.0,3.3000000000000007,5.699999999999999,68.0,80.0,87.0,5.6,1017.17,21.33,7.452
2008-07-09,8,68.89568869057493,52.91857189840593,14.4,13.4,16.6,20.0,20.8,5.6,7.4,76.0,84.33,91.0,0.0,1023.0,15.33,5.760000000000001
2008-07-10,8,69.9839657976162,57.92906602547666,15.4,15.1,18.23,22.1,22.1,6.700000000000001,7.000000000000002,73.0,87.0,98.0,0.0,1024.73,23.0,3.6
2008-07-11,8,77.49841370693612,58.53364857779556,16.2,15.3,19.3,24.5,24.7,8.3,9.399999999999999,59.0,83.33,96.0,0.0,1026.6,15.0,3.3480000000000003
2008-07-12,10,77.4162702775875,52.46317097952583,16.8,13.2,19.27,22.8,24.4,6.0,11.2,55.0,72.67,90.0,0.0,1023.3,12.33,5.760000000000001
2008-07-13,9,87.93241345679996,57.08342706430052,15.0,14.1,20.03,27.7,28.0,12.7,13.9,48.0,73.0,91.0,0.0,1019.0,24.33,2.052
2008-07-14,10,87.94189694404858,57.59806705967924,16.3,14.4,21.03,27.0,27.6,10.7,13.200000000000001,54.0,79.67,94.0,0.0,1020.63,18.33,2.16
2008-07-15,7,91.89075105539246,57.51860339822095,15.3,14.1,21.07,28.0,28.6,12.7,14.500000000000002,50.0,78.0,98.0,0.0,1022.97,7.67,1.692
2008-07-16,5,80.07303061255777,51.37636650834103,13.2,12.2,19.8,25.4,25.6,12.2,13.400000000000002,44.0,68.33,84.0,0.0,1020.63,21.33,3.8520000000000003
2008-07-17,4,83.89083092366181,47.31296696928598,12.7,11.0,18.67,26.4,27.0,13.7,16.0,42.0,69.67,88.0,0.0,1014.77,16.67,6.012
2008-07-18,7,74.42505617228753,52.92805411869255,15.7,13.7,18.77,21.2,22.2,5.5,8.5,59.0,70.67,84.0,0.0,1013.23,18.0,7.308
2008-07-19,8,71.10642727708537,49.02943724246158,12.6,11.8,15.27,17.6,18.7,5.000000000000002,6.899999999999999,58.0,77.67,88.0,0.0,1018.23,14.0,6.228
2008-07-20,7,66.91040040748362,50.32231965406397,13.0,12.2,14.27,15.0,15.7,2.0,3.5,75.0,88.33,96.0,3.7,1020.83,14.0,5.508
2008-07-21,12,62.01098453950438,57.31457065316636,15.6,15.5,16.87,18.6,19.6,3.0000000000000018,4.100000000000001,94.0,94.67,96.0,3.9000000000000004,1015.4,12.33,6.732
2008-07-22,15,74.82709039664385,57.86400877710687,18.4,16.3,19.43,21.3,23.3,2.900000000000002,7.0,71.0,76.67,80.0,2.2,1009.13,27.33,11.412
2008-07-23,12,73.94468777929454,50.02482160487327,13.7,12.6,15.27,16.4,16.8,2.6999999999999993,4.200000000000001,70.0,75.33,82.0,0.0,1018.03,23.0,8.172
2008-07-24,6,68.32894165797015,49.653984770529746,12.6,12.2,14.6,17.8,19.4,5.200000000000001,7.199999999999999,66.0,83.33,96.0,0.0,1017.23,26.0,6.84
2008-07-25,9,75.937107120905,40.4331359312291,9.2,8.4,12.33,14.0,15.8,4.800000000000001,7.4,67.0,74.67,86.0,0.0,1022.5,27.33,7.668
2008-07-26,8,70.30970203944233,38.15070969585128,9.2,6.8,13.27,19.3,19.8,10.100000000000001,13.0,59.0,79.33,91.0,0.0,1023.97,9.0,5.4
2008-07-27,7,63.93691505802315,52.63028544115989,14.0,13.4,14.27,14.6,15.8,0.5999999999999996,2.4000000000000004,88.0,91.67,95.0,13.1,1018.73,12.33,6.372
2008-07-28,9,60.32392341085068,59.089713494282414,13.6,14.5,14.6,15.6,16.1,2.0,1.6000000000000014,93.0,95.33,98.0,27.8,1020.23,12.33,1.1880000000000002
2008-07-29,6,57.86471323430705,56.298115759999725,14.9,14.2,15.6,16.8,16.8,1.9000000000000004,2.6000000000000014,96.0,97.67,99.0,42.8,1019.8,6.0,3.132
2008-07-30,8,62.925087038042534,57.770251497287,15.8,15.1,16.9,18.4,20.2,2.599999999999998,5.1,90.0,94.67,97.0,31.7,1013.77,13.67,3.8520000000000003
2008-07-31,8,67.95351294636407,54.950898084578576,13.8,13.0,16.33,18.8,19.3,5.0,6.300000000000001,72.0,84.0,94.0,0.0,1015.43,13.67,1.9080000000000001
2008-08-01,7,66.89418382566176,50.29377815461235,13.0,12.0,14.87,17.7,18.6,4.699999999999999,6.600000000000001,74.0,85.67,92.0,0.0,1016.97,9.33,4.788
2008-08-02,11,65.65320064886559,52.859384832466674,15.0,14.3,15.6,16.6,18.4,1.6000000000000014,4.099999999999998,80.0,87.67,96.0,25.4,1009.8,19.67,12.132000000000001
2008-08-03,6,75.02886473999986,47.211130874665685,12.0,10.8,13.6,14.4,15.0,2.4000000000000004,4.199999999999999,58.0,79.0,90.0,0.0,1013.77,23.0,5.4
2008-08-04,8,71.68891920000007,32.800559117393334,7.0,3.7,13.5,18.8,20.0,11.8,16.3,48.0,76.0,91.0,0.0,1017.0,18.33,3.708
2008-08-05,6,71.52597986325728,42.81282536464323,10.9,8.5,13.6,17.5,19.5,6.6,11.0,59.0,76.33,86.0,0.1,1016.27,18.33,4.32
2008-08-06,6,74.10232545187205,41.84991155546944,10.8,8.4,15.07,22.2,22.8,11.399999999999999,14.4,63.0,76.0,86.0,0.0,1017.57,12.0,5.292
2008-08-07,5,69.20166982067946,52.84221790589541,14.6,13.2,16.73,19.2,19.6,4.6,6.400000000000002,65.0,81.67,93.0,2.7,1014.4,18.33,5.04
2008-08-08,7,73.20497683518403,45.75790498258265,10.5,8.6,13.5,16.4,16.7,5.899999999999999,8.1,63.0,77.0,86.0,0.0,1023.17,4.67,1.9080000000000001
2008-08-09,12,73.08840335107195,40.86883604949561,10.2,8.0,12.47,17.0,17.2,6.800000000000001,9.2,68.0,76.0,86.0,0.0,1024.83,9.33,5.4
2008-08-10,9,74.53262553478213,48.0543228562131,13.0,10.4,16.27,22.4,23.2,9.399999999999999,12.799999999999999,61.0,77.33,87.0,0.0,1021.53,10.67,3.132
2008-08-11,10,85.64361273698418,55.00460899685713,16.8,14.1,20.37,27.3,27.5,10.5,13.4,52.0,70.67,82.0,0.0,1015.83,9.33,4.788
2008-08-12,8,69.80619104753202,53.624645001354956,15.7,14.0,17.8,20.9,20.9,5.199999999999999,6.899999999999999,72.0,82.33,92.0,26.400000000000002,1011.57,12.33,7.308
2008-08-13,8,72.6257103197546,43.744075475813474,12.0,9.4,14.63,17.7,17.8,5.699999999999999,8.4,61.0,75.67,85.0,0.0,1020.87,14.0,5.867999999999999
2008-08-14,5,71.70226063094415,49.207035904841966,12.8,12.4,16.93,21.8,22.2,9.0,9.799999999999999,67.0,82.0,92.0,0.0,1020.43,10.67,9.107999999999999
2008-08-15,3,85.03381888240014,59.620837975380624,17.4,16.5,20.53,26.6,27.0,9.200000000000003,10.5,51.0,77.0,92.0,0.0,1015.53,13.67,6.732
2008-08-16,9,82.53467570212823,63.870939901182,19.1,16.7,20.37,21.8,26.1,2.6999999999999993,9.400000000000002,78.0,85.0,90.0,2.5,1014.5,6.0,0.9720000000000001
2008-08-17,5,69.38484920348816,56.48318512089291,18.7,13.6,19.73,21.1,21.6,2.400000000000002,8.000000000000002,79.0,86.0,96.0,13.1,1008.3,6.33,1.692
2008-08-18,5,59.65265028195553,51.39114854057117,13.6,13.2,15.27,16.8,17.0,3.200000000000001,3.8000000000000007,94.0,95.67,97.0,22.4,1017.17,14.0,8.28
2008-08-19,8,59.4801665441923,57.183551882491095,16.0,15.5,16.6,17.4,17.8,1.3999999999999986,2.3000000000000007,96.0,96.0,96.0,8.6,1019.27,14.0,7.092
2008-08-20,7,76.03692599590028,63.2187920389954,17.5,17.2,20.03,24.5,24.5,7.0,7.300000000000001,77.0,92.0,100.0,1.0,1016.43,15.33,2.52
2008-08-21,6,64.1625770652001,56.10011012694464,18.5,14.5,18.9,19.3,19.5,0.8000000000000007,5.0,87.0,91.0,94.0,6.4,1015.57,23.0,4.428
2008-08-22,4,73.8843576348479,44.98815621899895,11.8,9.6,14.2,16.2,16.6,4.399999999999999,7.000000000000002,63.0,76.0,83.0,0.0,1023.03,26.0,4.680000000000001
2008-08-23,5,72.26930457279994,36.446627623639,9.6,6.2,12.07,16.8,17.0,7.200000000000001,10.8,61.0,78.0,89.0,0.0,1026.3,16.67,5.867999999999999
2008-08-24,7,73.55080740220802,46.53984784584635,13.9,9.8,16.27,20.6,23.4,6.700000000000001,13.599999999999998,81.0,85.0,93.0,12.899999999999999,1018.1,6.0,3.3480000000000003
2008-08-25,8,71.72794847097609,54.227243103854015,15.7,13.6,18.37,21.2,21.6,5.5,8.000000000000002,58.0,79.0,92.0,0.0,1018.13,18.0,4.212
2008-08-26,11,73.41649386367592,43.23397988729493,12.4,8.9,16.33,22.4,22.8,9.999999999999998,13.9,61.0,79.33,95.0,0.0,1020.57,7.67,4.932
2008-08-27,9,89.10980520658804,50.605876255551486,14.2,11.8,18.97,27.5,28.1,13.3,16.3,48.0,76.0,91.0,0.0,1015.67,9.33,3.708
2008-08-28,7,88.23199038812797,56.270176542856426,20.0,15.5,22.3,25.2,28.6,5.199999999999999,13.100000000000001,58.0,66.0,74.0,0.0,1007.57,15.0,10.08
2008-08-29,7,76.42408721109729,45.17623192144846,11.8,11.2,15.6,17.6,18.0,5.800000000000001,6.800000000000001,43.0,65.33,79.0,0.4,1016.27,28.67,12.708
2008-08-30,8,75.99458576971118,39.96367235804504,11.3,6.3,14.77,20.2,21.0,8.899999999999999,14.7,36.0,59.33,72.0,0.0,1023.47,15.33,2.52
2008-08-31,11,77.06748977392668,40.760215050630734,11.2,6.6,15.67,23.4,23.8,12.2,17.200000000000003,40.0,63.33,78.0,0.0,1022.17,13.67,2.4120000000000004
2008-09-01,11,83.03460308663784,46.91600300410526,15.6,10.6,19.63,26.6,27.0,11.000000000000002,16.4,43.0,63.67,81.0,0.0,1016.93,15.33,5.148
2008-09-02,7,97.38144735606396,51.32580856443631,19.0,12.4,23.23,31.4,31.8,12.399999999999999,19.4,35.0,59.0,72.0,0.0,1010.17,16.67,4.572
2008-09-03,11,78.24486498393802,54.88349059121329,19.4,15.1,21.07,24.2,24.8,4.800000000000001,9.700000000000001,68.0,73.67,77.0,0.0,1006.6,9.33,11.772
2008-09-04,4,75.03377411364096,50.80995988401166,12.6,12.2,13.63,15.4,15.8,2.8000000000000007,3.6000000000000014,72.0,76.33,83.0,0.0,1017.53,14.0,4.680000000000001
2008-09-05,6,73.2491412490387,40.738479888445696,9.0,8.4,10.2,12.2,12.8,3.1999999999999993,4.4,75.0,88.33,96.0,22.0,1020.47,12.33,7.092
2008-09-06,6,64.42072916358165,43.991819249170995,10.4,10.7,12.2,13.2,14.4,2.799999999999999,3.700000000000001,84.0,93.33,98.0,53.3,1015.1,20.0,12.6
2008-09-07,5,78.21181978357183,37.70499339980771,9.1,8.7,11.0,12.2,13.8,3.0999999999999996,5.100000000000001,74.0,78.67,84.0,0.0,1020.43,29.0,17.532
2008-09-08,11,72.29153357890914,39.82639316862647,10.0,7.2,13.43,19.1,19.7,9.100000000000001,12.5,59.0,74.33,84.0,0.0,1024.3,24.33,4.428
2008-09-09,6,75.52658814444409,47.806548543464686,12.6,11.4,16.83,22.1,23.3,9.500000000000002,11.9,60.0,72.0,81.0,0.0,1021.93,14.0,6.84
2008-09-10,6,92.5405598174616,55.54524176178717,16.3,14.4,20.23,27.2,28.5,10.899999999999999,14.1,67.0,81.33,90.0,0.0,1015.83,17.0,5.04
2008-09-11,4,63.150553655916454,63.5414924231448,18.4,18.2,19.0,19.4,20.1,1.0,1.9000000000000021,88.0,94.0,98.0,50.699999999999996,1014.47,8.0,6.732
2008-09-12,9,63.88212091367333,51.02583657716053,16.1,13.1,16.83,18.3,18.3,2.1999999999999993,5.200000000000001,80.0,90.33,96.0,9.399999999999999,1016.83,24.33,8.64
2008-09-13,12,76.15622872750018,45.634401539174924,11.8,10.7,14.03,17.0,17.5,5.199999999999999,6.800000000000001,49.0,68.0,84.0,0.0,1021.1,21.0,8.028
2008-09-14,13,76.52207219919995,37.78288468981007,11.0,7.4,13.83,17.3,18.0,6.300000000000001,10.6,55.0,65.0,77.0,0.0,1022.07,27.33,8.28
2008-09-15,10,73.66733044938974,40.55144204048714,12.2,8.0,13.8,16.9,18.3,4.699999999999999,10.3,64.0,72.33,79.0,0.0,1024.33,21.33,5.867999999999999
2008-09-16,8,68.78503387140574,41.185503520808425,11.6,8.9,14.27,18.8,19.2,7.200000000000001,10.299999999999999,65.0,82.33,91.0,0.0,1026.1,18.0,8.532
2008-09-17,6,70.98508890380802,40.4331359312291,12.2,8.4,14.97,19.2,20.2,7.0,11.799999999999999,64.0,78.0,92.0,0.0,1026.5,12.33,7.668
2008-09-18,8,71.6301822090879,46.93670891113979,13.5,10.8,16.2,20.6,21.2,7.100000000000001,10.399999999999999,55.0,78.0,92.0,0.0,1025.63,12.33,5.867999999999999
2008-09-19,10,75.76793099228924,48.15676904207477,15.1,12.3,18.6,22.8,23.0,7.700000000000001,10.7,51.0,67.33,78.0,0.0,1022.37,9.0,11.628
2008-09-20,13,73.39399576182407,53.6092206699204,16.6,13.6,18.0,20.7,21.2,4.099999999999998,7.6,66.0,72.0,77.0,0.0,1017.93,7.67,5.292
2008-09-21,11,71.35273024957277,50.01166227388357,13.8,13.0,16.0,18.0,18.2,4.199999999999999,5.199999999999999,48.0,77.67,93.0,7.6,1014.87,24.33,11.052
2008-09-22,7,71.73485746483215,47.99759568471464,14.6,12.5,16.63,19.2,20.2,4.6,7.699999999999999,69.0,76.0,89.0,9.8,1016.07,22.67,14.04
2008-09-23,13,72.00833886271917,53.11466137976826,15.5,14.1,17.4,20.7,21.0,5.199999999999999,6.9,59.0,76.33,86.0,0.6,1021.2,18.0,9.468
2008-09-24,8,74.33595994359548,44.432844637442194,15.4,10.3,17.6,21.6,22.1,6.200000000000001,11.8,51.0,70.67,83.0,0.0,1024.07,12.33,8.64
2008-09-25,6,77.23755433171522,48.881171491687454,15.4,12.3,18.57,23.7,24.0,8.299999999999999,11.7,49.0,64.67,73.0,0.0,1022.6,12.33,9.360000000000001
2008-09-26,4,78.97657648039612,52.694604976027556,16.4,13.7,19.4,22.4,25.1,6.0,11.400000000000002,63.0,72.0,81.0,0.0,1019.1,12.33,7.920000000000001
2008-09-27,5,75.53409945098437,53.625145016849295,17.0,15.0,19.57,22.7,23.5,5.699999999999999,8.5,62.0,74.33,86.0,0.0,1019.2,10.67,16.668
2008-09-28,6,81.79451176479095,54.64175585964354,17.1,15.0,20.73,25.2,26.2,8.099999999999998,11.2,55.0,71.67,84.0,0.0,1019.3,9.0,11.772
2008-09-29,8,81.46530140252318,58.96517510176675,18.4,16.3,21.67,26.2,26.2,7.800000000000001,9.899999999999999,56.0,67.67,77.0,0.0,1018.17,12.33,7.308
2008-09-30,4,77.38441762992072,62.1191561252267,20.0,17.2,21.23,23.4,24.5,3.3999999999999986,7.300000000000001,69.0,76.67,82.0,3.1,1016.27,9.0,4.428
2008-10-01,8,93.88890665938457,59.42387860472534,18.1,16.1,21.6,27.7,29.0,9.599999999999998,12.899999999999999,59.0,78.33,89.0,0.0,1011.6,12.33,4.932
2008-10-02,9,81.66283815520025,63.763436609966575,20.0,18.7,21.93,25.4,26.0,5.399999999999999,7.300000000000001,56.0,78.0,91.0,0.0,1007.13,21.0,10.8
2008-10-03,8,79.84131186544403,50.50149603991507,17.2,12.7,21.13,25.7,25.7,8.5,13.0,44.0,58.33,69.0,0.0,1013.07,22.67,7.5600000000000005
2008-10-04,13,73.76723689254962,56.95605955552776,17.5,16.0,19.3,21.1,22.1,3.6000000000000014,6.100000000000001,64.0,73.33,78.0,0.0,1013.8,10.67,12.24
2008-10-05,3,69.78394224964717,51.88118683911862,14.3,13.5,17.57,20.2,21.0,5.899999999999999,7.5,65.0,82.67,92.0,25.2,1016.27,18.0,8.892000000000001
2008-10-06,11,76.32603072069205,46.480618420378896,15.4,10.6,18.53,22.9,23.3,7.499999999999998,12.700000000000001,47.0,65.33,80.0,0.0,1021.2,16.67,5.867999999999999
2008-10-07,8,75.47672918033473,48.0643598268385,16.8,11.9,18.67,21.5,22.2,4.699999999999999,10.299999999999999,48.0,64.67,76.0,0.0,1024.37,19.67,9.0
2008-10-08,2,75.46595321208696,38.12770199382122,13.0,7.6,15.37,18.6,20.0,5.600000000000001,12.4,55.0,63.33,72.0,0.0,1031.03,12.33,8.532
2008-10-09,7,76.54602981075723,48.906660596536774,14.4,12.2,17.8,22.2,22.8,7.799999999999999,10.600000000000001,46.0,58.67,69.0,0.0,1026.93,14.0,8.64
2008-10-10,11,82.97837254459517,49.07682625162365,16.8,12.0,21.13,27.0,27.4,10.2,15.399999999999999,45.0,56.67,66.0,0.0,1019.77,10.67,7.092
2008-10-11,8,64.59361851076801,59.1123580797639,17.6,16.2,18.5,19.5,19.9,1.8999999999999986,3.6999999999999993,83.0,91.0,95.0,24.7,1015.9,8.0,6.228
2008-10-12,5,102.23864933398355,60.13123018456766,17.8,16.7,22.63,29.6,30.6,11.8,13.900000000000002,57.0,78.33,95.0,2.0,1014.2,24.33,6.588
2008-10-13,6,83.8498808045762,69.19478798285961,22.4,20.3,24.13,25.2,26.6,2.8000000000000007,6.300000000000001,69.0,79.0,90.0,0.2,1013.37,16.67,3.9600000000000004
2008-10-14,5,67.51624475961793,62.71783871833821,19.0,18.0,19.73,20.4,22.2,1.3999999999999986,4.199999999999999,91.0,94.67,97.0,29.7,1013.07,14.0,8.028
2008-10-15,6,65.31611896022267,63.333264745331775,18.8,17.9,19.83,21.0,21.3,2.1999999999999993,3.400000000000002,90.0,94.33,97.0,6.6000000000000005,1014.7,10.67,5.292
2008-10-16,6,73.15764262292942,62.030641452287234,19.0,17.8,20.03,21.4,23.0,2.3999999999999986,5.199999999999999,65.0,82.33,93.0,0.4,1019.73,9.33,8.892000000000001
2008-10-17,7,70.13661435325739,56.407319101074194,17.2,15.0,17.63,18.0,19.7,0.8000000000000007,4.699999999999999,78.0,79.67,81.0,0.0,1022.1,14.0,6.12
2008-10-18,6,65.44254081811198,52.04517458761115,15.0,13.6,16.0,18.0,18.4,3.0,4.799999999999999,73.0,88.0,96.0,17.4,1021.0,14.0,9.107999999999999
2008-10-19,8,80.41703733945583,53.54562289952238,15.6,14.3,19.6,25.4,25.6,9.799999999999999,11.3,58.0,79.0,91.0,0.0,1020.9,14.0,9.612
2008-10-20,4,90.99550697488634,58.82913531003775,18.9,16.1,23.23,29.0,29.6,10.100000000000001,13.5,45.0,63.67,81.0,0.0,1020.0,8.0,6.372
2008-10-21,11,105.56729772363842,61.25126943479774,20.6,17.1,25.43,32.5,32.5,11.899999999999999,15.399999999999999,47.0,67.33,84.0,0.0,1015.17,18.33,6.012
2008-10-22,5,81.32727860417725,67.03036079162254,20.0,19.3,22.8,25.8,25.8,5.800000000000001,6.5,73.0,84.67,97.0,36.1,1014.33,15.0,3.8520000000000003
2008-10-23,6,73.0932719371264,63.743067191522115,19.6,18.7,20.67,22.4,23.5,2.799999999999997,4.800000000000001,82.0,88.67,93.0,0.6,1016.43,12.33,10.908
2008-10-24,6,79.0568132828064,62.47248270151234,19.0,18.1,20.87,24.4,25.2,5.399999999999999,7.099999999999998,75.0,87.33,94.0,0.6000000000000001,1015.8,14.0,10.08
2008-10-25,7,66.71514914304474,65.43064126876848,19.8,19.1,20.37,21.3,21.7,1.5,2.599999999999998,89.0,93.33,96.0,12.1,1015.73,14.0,7.452
2008-10-26,6,79.02643084801451,66.21676044260055,20.2,19.4,21.6,24.3,25.2,4.100000000000001,5.800000000000001,76.0,88.67,96.0,45.1,1010.9,16.67,7.092
2008-10-27,6,77.01377244465068,61.45154555487417,19.4,17.5,21.97,23.9,24.2,4.5,6.699999999999999,57.0,72.67,84.0,1.5,1013.07,21.33,8.388
2008-10-28,11,75.6561806214722,54.293129972449464,17.8,14.4,19.8,22.6,23.2,4.800000000000001,8.799999999999999,64.0,70.0,76.0,0.0,1016.03,6.0,8.028
2008-10-29,6,73.02529763560054,60.79610219281616,18.0,17.3,19.6,22.2,23.5,4.199999999999999,6.199999999999999,81.0,89.0,94.0,17.3,1011.0,18.33,9.107999999999999
2008-10-30,7,75.61192667291294,58.334975972857464,19.3,16.3,21.03,22.4,23.2,3.099999999999998,6.899999999999999,59.0,70.33,89.0,0.0,1015.43,22.67,9.468
2008-10-31,12,76.71944730098713,54.50350486657557,17.5,14.3,19.83,23.3,24.0,5.800000000000001,9.7,62.0,71.67,79.0,0.0,1019.53,18.33,6.84
2008-11-01,7,87.56331520940819,54.28746154519099,17.5,14.5,22.37,27.8,28.4,10.3,13.899999999999999,53.0,66.0,78.0,0.0,1015.2,12.33,8.748000000000001
2008-11-02,6,76.35217678309442,64.79839814673495,20.2,18.7,21.5,23.5,24.4,3.3000000000000007,5.699999999999999,76.0,85.67,92.0,7.699999999999999,1013.27,18.0,6.372
2008-11-03,5,76.03518138812805,62.15618564886312,19.2,17.8,21.17,23.9,24.2,4.699999999999999,6.399999999999999,69.0,83.0,94.0,1.2000000000000002,1016.1,12.33,8.388
2008-11-04,10,95.36169150295893,59.51789640657973,19.2,16.4,23.43,28.6,30.0,9.400000000000002,13.600000000000001,55.0,70.67,83.0,0.0,1013.77,27.33,6.372
2008-11-05,3,112.63336799280037,62.88098362554519,22.2,17.7,25.8,32.6,33.0,10.400000000000002,15.3,53.0,73.0,83.0,0.1,1010.0,19.67,5.292
2008-11-06,8,76.67529059054075,70.66686382516315,22.2,21.1,23.0,23.4,24.4,1.1999999999999993,3.299999999999997,75.0,82.33,90.0,0.5,1007.63,16.67,4.932
2008-11-07,6,88.61402860631473,65.0279851789156,21.2,18.8,23.87,27.8,28.0,6.600000000000001,9.2,59.0,75.67,89.0,0.0,1010.77,9.33,6.372
2008-11-08,9,99.02150880742731,62.65505241034646,21.0,18.1,25.3,30.1,30.9,9.100000000000001,12.799999999999997,60.0,69.67,84.0,0.0,1010.4,12.33,9.251999999999999
2008-11-09,4,93.76325060320005,66.5935073424935,22.4,19.6,24.67,28.8,29.0,6.400000000000002,9.399999999999999,66.0,78.0,85.0,0.0,1011.23,13.67,7.452
2008-11-10,3,84.69556415736662,66.73306567117092,21.6,20.1,23.13,24.6,26.8,3.0,6.699999999999999,71.0,79.67,88.0,0.0,1015.43,14.0,13.428
2008-11-11,9,80.58174740699204,63.832593841714626,20.8,18.7,22.6,24.8,25.7,4.0,7.0,62.0,75.0,82.0,0.0,1016.57,12.33,10.44
2008-11-12,8,80.84347957902563,62.27359013111291,20.5,18.1,23.17,25.6,26.0,5.100000000000001,7.899999999999999,52.0,65.67,82.0,0.0,1015.87,12.33,11.052
2008-11-13,7,80.36564626787222,56.737179132586135,19.4,15.9,21.87,24.8,25.8,5.400000000000002,9.9,57.0,65.0,71.0,0.1,1014.03,14.0,12.132000000000001
2008-11-14,6,87.27124598843201,63.57005555080847,19.2,18.3,22.57,26.9,27.7,7.699999999999999,9.399999999999999,64.0,75.0,82.0,0.0,1009.0,20.0,7.452
2008-11-15,7,90.26785607930681,62.74608142871138,20.6,18.0,23.17,27.7,28.4,7.099999999999998,10.399999999999999,59.0,75.67,86.0,0.0,1007.7,24.33,7.920000000000001
2008-11-16,9,73.10317122619207,49.97887478729513,13.8,13.2,18.4,21.6,22.2,7.800000000000001,9.0,61.0,76.67,90.0,8.1,1016.93,10.67,12.96
2008-11-17,9,80.85392162819191,50.35890810177001,17.4,12.8,21.0,25.4,26.2,8.0,13.399999999999999,45.0,60.0,72.0,0.0,1018.23,14.0,8.532
2008-11-18,8,78.78277099101419,56.44312830270029,18.4,15.6,22.0,25.0,25.0,6.600000000000001,9.4,47.0,60.33,71.0,0.0,1018.63,16.67,10.332
2008-11-19,5,72.67067410172797,53.14501255778429,17.4,14.0,18.27,19.4,22.6,2.0,8.600000000000001,71.0,81.0,89.0,2.5,1020.7,14.0,8.64
2008-11-20,7,75.37882381830423,57.63086073609953,17.6,16.3,19.9,22.5,23.2,4.899999999999999,6.899999999999999,60.0,72.0,86.0,0.3,1021.37,14.0,12.492
2008-11-21,9,79.34886794192022,57.76590816065573,18.4,16.1,21.5,23.7,25.3,5.300000000000001,9.2,52.0,64.67,77.0,0.0,1021.63,18.0,9.828
2008-11-22,11,75.9977998724077,61.04925783686001,18.6,17.6,19.77,21.6,24.2,3.0,6.599999999999998,80.0,83.33,87.0,1.1,1021.2,9.0,11.16
2008-11-23,12,85.44394588835216,57.89648171481114,19.0,16.3,23.1,27.3,27.6,8.3,11.3,58.0,68.0,77.0,0.2,1018.43,10.67,11.268
2008-11-24,8,93.33652238996811,59.78985234644257,22.0,17.0,25.73,29.5,30.3,7.5,13.3,54.0,63.0,72.0,0.0,1015.53,9.0,10.332
2008-11-25,6,99.70715713154911,66.31015542349519,23.2,19.5,26.8,31.4,31.8,8.2,12.3,52.0,63.33,74.0,0.0,1015.03,10.67,7.668
2008-11-26,8,104.0598294948959,66.91162263953204,23.0,19.7,26.57,30.9,32.6,7.899999999999999,12.900000000000002,49.0,64.33,80.0,0.0,1015.27,15.33,7.092
2008-11-27,5,104.44974372148842,67.32261924879556,22.6,20.2,26.87,31.0,32.5,8.399999999999999,12.3,55.0,65.67,81.0,0.0,1015.53,12.33,11.052
2008-11-28,9,102.67119228998571,65.94927726333276,22.6,19.5,26.9,31.4,32.4,8.799999999999997,12.899999999999999,51.0,63.67,81.0,0.0,1014.57,10.67,9.360000000000001
2008-11-29,2,108.42379521414435,67.13365926501282,23.0,19.9,27.37,33.3,33.8,10.299999999999997,13.899999999999999,46.0,62.0,75.0,0.0,1012.9,10.67,8.172
2008-11-30,8,104.95249370596855,70.51413546005512,23.1,21.1,26.8,32.3,32.6,9.199999999999996,11.5,47.0,65.67,77.0,0.0,1010.23,7.67,5.508
2008-12-01,6,90.24685284613889,68.25211618870387,22.0,20.6,24.5,26.3,28.0,4.300000000000001,7.399999999999999,71.0,81.67,94.0,25.2,1006.93,22.67,11.268
2008-12-02,9,80.72259630534423,57.75895369781308,20.2,15.9,21.63,24.0,25.8,3.8000000000000007,9.9,66.0,72.0,75.0,0.2,1009.6,21.33,8.172
2008-12-03,6,72.76832541040002,55.79307606911368,17.4,15.3,18.4,19.0,22.0,1.6000000000000014,6.699999999999999,65.0,77.0,94.0,28.6,1010.93,21.33,10.08
2008-12-04,12,78.21662949514831,57.33538590846484,19.4,15.7,20.9,23.9,24.6,4.5,8.900000000000002,41.0,59.67,71.0,0.1,1014.03,17.0,8.028
2008-12-05,7,78.27380697424593,50.83828147070532,18.0,12.8,20.43,23.8,24.7,5.800000000000001,11.899999999999999,55.0,65.33,73.0,0.0,1017.8,21.33,7.308
2008-12-06,5,86.65461008708274,55.196293451724955,18.6,14.6,22.77,27.9,28.0,9.299999999999997,13.4,66.0,67.67,70.0,0.0,1018.57,9.33,6.84
2008-12-07,5,103.57200087498849,61.05209655249925,20.8,17.1,25.37,31.6,32.5,10.8,15.399999999999999,47.0,64.33,82.0,0.0,1016.53,19.67,6.588
2008-12-08,7,116.61240126417451,66.91162263953204,24.0,19.7,28.73,35.6,36.1,11.600000000000001,16.400000000000002,41.0,57.33,71.0,0.0,1012.37,19.67,7.092
2008-12-09,6,117.98976777495689,71.08763013553539,26.6,21.1,29.97,35.0,36.0,8.399999999999999,14.899999999999999,43.0,59.33,68.0,0.0,1010.63,4.67,3.6
2008-12-10,6,79.81011361164373,69.8015583013838,21.6,21.1,23.2,24.2,25.4,2.599999999999998,4.299999999999997,75.0,81.33,91.0,2.5999999999999996,1011.0,14.0,9.0
2008-12-11,5,80.55809407371343,67.26679810421791,20.8,19.9,22.43,24.1,25.6,3.3000000000000007,5.700000000000003,75.0,84.33,90.0,2.8,1014.07,13.67,7.5600000000000005
2008-12-12,11,81.76625248651139,59.042741597193675,20.0,17.0,22.87,25.6,26.2,5.600000000000001,9.2,59.0,71.33,88.0,1.2,1017.9,12.33,14.04
2008-12-13,9,85.65929612771217,59.0388447379883,20.0,16.4,23.53,27.4,27.8,7.399999999999999,11.400000000000002,54.0,66.0,73.0,0.0,1016.1,10.67,7.812
2008-12-14,11,82.01737152175433,63.29576071594663,20.5,18.3,22.97,24.4,26.2,3.8999999999999986,7.899999999999999,73.0,74.33,77.0,0.0,1013.23,12.33,8.532
2008-12-15,8,86.42051500984928,65.07044766544256,21.2,18.8,23.07,26.2,27.3,5.0,8.5,62.0,78.33,89.0,30.2,1010.77,9.0,6.228
2008-12-16,7,87.65065404438387,63.367519473909006,21.0,18.7,23.63,26.4,28.2,5.399999999999999,9.5,58.0,69.0,80.0,0.0,1009.87,9.0,13.068
2008-12-17,7,85.50134685613733,64.28987809108946,20.8,18.8,23.83,27.4,27.4,6.599999999999998,8.599999999999998,57.0,71.67,82.0,0.0,1011.73,9.0,9.360000000000001
2008-12-18,7,87.71839759931774,61.880755690584785,21.4,17.6,24.4,28.0,28.5,6.600000000000001,10.899999999999999,51.0,65.33,78.0,0.0,1014.73,10.67,7.668
2008-12-19,11,90.67205560070411,62.13156840419504,21.2,17.9,24.63,28.7,29.2,7.5,11.3,55.0,67.0,77.0,0.0,1014.43,12.33,9.468
2008-12-20,12,102.44415328124815,64.29058592009231,21.8,18.9,26.13,31.4,31.8,9.599999999999998,12.900000000000002,53.0,68.0,80.0,0.0,1012.17,14.0,10.548
2008-12-21,6,117.5641856691958,66.11834674085787,23.2,19.5,28.47,34.8,35.2,11.599999999999998,15.700000000000003,48.0,63.67,80.0,0.0,1010.07,12.33,8.532
2008-12-22,11,115.60626711070016,67.84269522430998,25.0,20.4,28.73,34.2,34.5,9.200000000000003,14.100000000000001,52.0,66.0,78.0,0.0,1010.73,21.0,10.8
2008-12-23,7,121.98930452953624,73.42542796733032,26.2,22.3,28.73,33.8,34.6,7.599999999999998,12.3,54.0,72.0,83.0,0.0,1011.03,13.67,4.680000000000001
2008-12-24,12,78.24436483701433,72.57036449923768,22.3,21.5,23.47,24.1,25.0,1.8000000000000007,3.5,86.0,88.67,93.0,16.3,1009.33,18.33,2.16
2008-12-25,7,99.17884121963515,62.81696788836835,22.2,17.9,25.23,29.3,30.4,7.100000000000001,12.5,58.0,74.67,90.0,1.0,1008.7,13.67,6.84
2008-12-26,8,90.37118589755188,63.30774029036504,24.1,18.0,26.2,28.8,29.3,4.699999999999999,11.3,54.0,65.0,76.0,0.0,1011.03,12.33,6.012
2008-12-27,7,93.92585510065612,65.2344930457284,22.8,19.0,25.9,30.1,30.6,7.300000000000001,11.600000000000001,47.0,61.67,77.0,0.0,1011.73,12.33,7.308
2008-12-28,2,112.59193802185605,62.92714002962189,23.2,18.3,27.5,33.6,35.4,10.400000000000002,17.099999999999998,42.0,57.0,70.0,0.0,1008.47,24.33,10.188
2008-12-29,6,100.0399526307903,70.09842040277428,22.6,21.2,25.53,28.4,30.5,5.799999999999997,9.3,67.0,75.33,89.0,12.399999999999999,1010.83,10.67,8.64
2008-12-30,6,80.20018058513202,62.91252343685371,21.2,18.0,22.9,25.0,25.7,3.8000000000000007,7.699999999999999,60.0,66.0,70.0,0.0,1016.97,12.33,7.308
2008-12-31,11,98.07988037334314,66.25241042383362,21.7,19.5,25.53,30.5,30.7,8.8,11.2,58.0,69.67,76.0,0.0,1012.03,21.33,7.920000000000001
2009-01-01,8,85.29969859329486,69.27126386242712,23.8,21.2,24.73,25.8,27.2,2.0,6.0,63.0,74.33,84.0,0.0,1013.9,12.33,14.76
2009-01-02,1,74.74236247237239,63.60235153871035,18.9,18.5,20.73,22.1,23.5,3.200000000000003,5.0,71.0,79.67,85.0,0.30000000000000004,1015.3,9.0,9.251999999999999
2009-01-03,10,63.96304920772779,54.43370504909903,16.4,14.8,17.53,18.8,19.0,2.400000000000002,4.199999999999999,84.0,90.67,96.0,59.6,1012.57,14.0,10.692
2009-01-04,4,79.81240112178655,58.05231477058192,16.0,15.7,19.87,24.6,25.4,8.600000000000001,9.7,59.0,81.67,94.0,8.2,1014.73,13.67,6.012
2009-01-05,8,86.80684665728268,56.54596538607664,20.2,14.7,22.87,27.2,28.0,7.0,13.3,51.0,68.33,79.0,0.0,1015.23,12.33,4.428
2009-01-06,9,97.1801666268,56.67480103122973,20.6,15.0,24.53,30.4,31.5,9.799999999999997,16.5,46.0,61.0,73.0,0.0,1013.37,12.33,5.508
2009-01-07,12,105.02495413708436,62.59011420971881,23.4,18.0,27.1,32.8,33.8,9.399999999999999,15.799999999999997,43.0,57.33,66.0,0.0,1011.03,26.0,8.532
2009-01-08,4,85.98891625430598,71.0578722844526,25.6,21.6,26.93,27.8,28.1,2.1999999999999993,6.5,51.0,63.33,75.0,0.0,1012.2,16.67,8.532
2009-01-09,8,84.92080283220399,68.07112982173282,21.2,20.3,23.47,26.2,26.7,5.0,6.399999999999999,70.0,84.0,96.0,10.6,1017.6,12.33,8.172
2009-01-10,3,89.05843056237863,69.02791872328686,21.6,20.6,23.37,26.8,27.6,5.199999999999999,7.0,71.0,84.33,94.0,5.5,1019.0,10.67,6.9479999999999995
2009-01-11,2,97.32454879493898,64.70543251106054,22.8,18.8,24.67,28.2,29.6,5.399999999999999,10.8,69.0,79.33,87.0,13.3,1013.6,19.67,7.5600000000000005
2009-01-12,5,107.21867616555099,67.67789329825547,24.0,20.1,26.17,29.9,31.8,5.899999999999999,11.7,64.0,75.33,83.0,0.2,1012.2,18.0,7.812
2009-01-13,4,83.30161009547109,67.4093203797361,22.3,19.9,24.23,26.4,26.4,4.099999999999998,6.5,74.0,80.67,87.0,0.0,1012.77,9.33,6.9479999999999995
2009-01-14,6,108.7219732745368,70.64901133186677,23.3,20.9,25.7,30.4,31.7,7.099999999999998,10.8,62.0,78.33,90.0,1.4,1010.03,15.33,3.6
2009-01-15,10,95.6943202034931,69.99610635640936,23.4,20.9,25.13,28.4,29.6,5.0,8.700000000000003,63.0,75.67,87.0,0.0,1009.47,18.33,5.760000000000001
2009-01-16,12,93.93647513251224,67.16230441317109,22.4,19.7,24.73,28.2,29.2,5.800000000000001,9.5,64.0,76.0,88.0,0.0,1010.03,21.33,6.12
2009-01-17,6,108.3974979118384,69.54070543752924,23.6,20.7,26.87,31.0,32.5,7.399999999999999,11.8,61.0,71.33,81.0,0.0,1008.17,20.0,5.760000000000001
2009-01-18,6,112.84849922712439,71.41369808107369,25.8,21.7,28.13,32.4,33.4,6.599999999999998,11.7,59.0,70.33,80.0,0.0,1007.57,9.33,7.812
2009-01-19,11,73.96922457520009,63.235309963052444,19.6,18.5,21.57,24.0,24.0,4.399999999999999,5.5,91.0,93.0,97.0,47.8,1012.0,15.0,11.052
2009-01-20,6,81.66558981270117,63.19471330610508,18.8,18.5,22.67,26.0,26.1,7.199999999999999,7.600000000000001,58.0,73.67,92.0,3.0,1016.3,18.0,11.268
2009-01-21,4,84.74647203670195,56.98510335421012,20.2,15.5,23.3,27.3,27.6,7.100000000000001,12.100000000000001,54.0,64.33,73.0,0.0,1018.5,10.67,7.668
2009-01-22,2,85.91016694729862,61.373722727249685,21.1,17.4,24.1,27.6,28.0,6.5,10.600000000000001,52.0,64.33,75.0,0.0,1020.53,9.0,7.812
2009-01-23,7,89.31256632880005,63.462239311284264,21.6,18.7,24.87,28.8,29.0,7.199999999999999,10.3,49.0,65.0,75.0,0.0,1019.83,9.0,12.492
2009-01-24,7,92.9603139866561,63.28682490140668,22.2,18.4,24.87,29.0,29.6,6.800000000000001,11.200000000000003,54.0,69.0,78.0,0.0,1016.67,10.67,9.612
2009-01-25,10,102.13338721218228,68.01851777616858,23.1,20.0,26.5,31.6,32.2,8.5,12.200000000000003,53.0,64.33,73.0,0.0,1013.37,9.0,5.508
2009-01-26,7,111.5192292907002,72.13831296679837,26.0,22.0,28.93,33.4,33.5,7.399999999999999,11.5,56.0,68.0,79.0,0.0,1012.6,22.67,7.668
2009-01-27,7,109.38900969963838,71.82900486201711,25.8,21.6,28.2,32.0,32.5,6.199999999999999,10.899999999999999,61.0,72.67,81.0,0.0,1013.57,16.67,4.788
2009-01-28,5,107.22170903247039,74.10899718322497,24.8,23.0,27.73,30.2,32.0,5.399999999999999,9.0,65.0,73.67,86.0,0.0,1011.4,9.0,10.548
2009-01-29,5,105.80291152985043,73.27320872723291,23.4,22.4,25.27,28.4,30.5,5.0,8.100000000000001,71.0,85.33,94.0,12.5,1007.8,17.0,6.48
2009-01-30,5,102.86104173620998,71.38576245558042,26.0,21.8,27.8,30.6,31.6,4.600000000000001,9.8,54.0,70.33,82.0,4.4,1004.2,22.67,9.468
2009-01-31,5,89.92192627167299,70.45336073085028,23.6,21.4,26.2,28.0,28.8,4.399999999999999,7.400000000000002,62.0,69.33,76.0,3.0,1003.77,19.67,9.360000000000001
2009-02-01,7,91.6068613900481,68.33423371890797,22.6,20.3,24.47,27.6,28.2,5.0,7.899999999999999,68.0,83.0,93.0,4.1,1009.87,13.67,6.9479999999999995
2009-02-02,5,85.59841588627208,64.76953281097681,21.9,19.1,23.5,25.5,27.2,3.6000000000000014,8.099999999999998,74.0,76.0,80.0,0.1,1013.8,10.67,10.548
2009-02-03,5,112.09243188179201,70.27410609430868,22.6,21.3,26.87,32.4,33.6,9.799999999999997,12.3,48.0,68.0,81.0,0.0,1011.7,17.0,9.0
2009-02-04,5,94.37324659413464,71.93549773942459,23.0,22.1,25.67,27.0,29.1,4.0,7.0,71.0,78.33,89.0,1.6,1011.63,22.67,10.692
2009-02-05,7,89.82977954144863,60.08702968668214,22.8,17.4,24.93,28.0,29.0,5.199999999999999,11.600000000000001,52.0,66.67,79.0,0.0,1014.1,14.0,13.68
2009-02-06,4,104.71182441596815,67.18743148919957,22.2,19.9,25.6,30.8,31.4,8.600000000000001,11.5,67.0,75.0,79.0,0.0,1010.2,18.33,7.920000000000001
2009-02-07,6,98.93356242393949,74.65050149100058,24.8,23.2,27.67,30.4,30.7,5.599999999999998,7.5,57.0,71.33,80.0,0.0,1011.7,24.33,9.972
2009-02-08,12,94.50065989667216,67.3235463381153,23.5,20.0,26.33,30.5,30.6,7.0,10.600000000000001,50.0,63.0,70.0,0.0,1012.87,12.33,8.388
2009-02-09,8,112.36484387119555,68.30549746091282,23.6,20.4,26.27,30.0,33.6,6.399999999999999,13.200000000000003,57.0,68.33,77.0,0.0,1012.4,14.0,8.172
2009-02-10,6,110.76731553741392,66.20637348363039,24.2,19.7,28.07,34.0,34.3,9.8,14.599999999999998,46.0,61.67,76.0,0.0,1011.9,11.0,10.548
2009-02-11,10,99.68793313396944,75.14269035822113,23.8,23.4,26.33,28.8,30.2,5.0,6.800000000000001,61.0,77.67,95.0,28.1,1006.33,21.0,9.828
2009-02-12,11,83.05514853714695,63.40692425710412,21.2,18.2,24.6,26.4,27.2,5.199999999999999,9.0,45.0,60.33,75.0,0.5,1012.17,24.33,7.2
2009-02-13,5,90.4108531828,58.08975651257303,21.0,16.1,24.07,29.0,29.5,8.0,13.399999999999999,52.0,63.0,70.0,0.0,1011.93,10.67,8.64
2009-02-14,6,96.23050471541187,62.65316000327003,21.9,18.0,25.37,30.0,30.4,8.100000000000001,12.399999999999999,58.0,68.67,77.0,0.0,1011.5,18.33,8.28
2009-02-15,6,94.575231508768,63.31800353898805,22.4,18.4,25.3,30.0,30.4,7.600000000000001,12.0,49.0,65.0,73.0,0.0,1012.87,9.0,9.468
2009-02-16,10,111.66647913282392,71.77565801805252,23.2,21.8,27.13,32.8,33.2,9.599999999999998,11.400000000000002,53.0,70.33,83.0,0.0,1009.53,18.33,7.092
2009-02-17,8,111.02851987120016,73.2272178836927,26.8,22.5,28.8,31.9,33.0,5.099999999999998,10.5,63.0,71.0,83.0,0.0,1010.3,22.67,8.172
2009-02-18,3,112.31192295441016,76.98848626066618,26.5,23.9,28.57,32.0,32.6,5.5,8.700000000000003,60.0,75.67,84.0,0.0,1012.27,15.0,4.788
2009-02-20,9,111.86356654720049,72.58349668028299,24.2,22.1,27.03,31.0,32.0,6.800000000000001,9.899999999999999,62.0,80.0,90.0,38.9,1010.17,27.33,6.48
2009-02-21,8,99.95774680521572,72.83394427305811,25.4,22.2,27.67,30.4,30.8,5.0,8.600000000000001,64.0,72.33,83.0,1.8,1008.63,27.33,6.372
2009-02-22,7,118.34720057984005,74.07225764403846,25.4,22.6,28.3,33.3,34.0,7.899999999999999,11.399999999999999,51.0,72.33,83.0,0.0,1009.93,9.33,4.788
2009-02-23,3,94.10608115931143,72.87881555881303,23.6,22.0,25.27,28.4,28.4,4.799999999999997,6.399999999999999,77.0,87.33,97.0,20.5,1010.33,16.67,4.212
2009-02-24,8,85.30914203519798,64.35597653003879,21.8,18.7,23.53,25.6,27.0,3.8000000000000007,8.3,67.0,78.67,91.0,3.0,1015.1,12.33,8.028
2009-02-25,7,84.9780584014558,64.80993841205597,21.4,19.1,23.07,24.8,26.9,3.400000000000002,7.799999999999997,77.0,79.0,82.0,0.1,1017.17,14.0,10.332
2009-02-26,9,80.19849331320005,68.17516583735222,22.4,20.3,23.03,23.6,25.5,1.2000000000000028,5.199999999999999,79.0,85.0,92.0,1.2000000000000002,1015.37,10.67,7.668
2009-02-27,5,96.66954481372817,70.82174099201066,22.4,21.6,23.2,24.2,28.6,1.8000000000000007,7.0,88.0,91.0,93.0,2.5,1013.0,10.67,10.08
2009-02-28,3,93.17196838299049,71.23531583791785,21.8,21.8,24.53,28.2,28.7,6.399999999999999,6.899999999999999,71.0,80.33,88.0,0.2,1013.8,15.33,10.548
2009-03-01,9,110.8109241600116,72.6326382934193,23.8,22.1,26.4,31.0,31.8,7.199999999999999,9.7,66.0,80.33,88.0,0.0,1012.03,27.33,6.228
2009-03-02,5,87.20505400465062,76.46256573140033,22.8,23.6,24.4,26.6,26.8,3.8000000000000007,3.1999999999999993,92.0,95.33,97.0,53.6,1011.8,12.33,4.068
2009-03-03,8,103.5663018400001,71.36965188918815,22.7,21.3,25.1,29.6,30.0,6.900000000000002,8.7,68.0,87.0,98.0,0.9,1014.4,24.33,4.068
2009-03-04,5,121.46706253206423,71.36230911304963,24.2,21.5,27.0,32.4,33.8,8.2,12.299999999999997,61.0,77.0,87.0,0.0,1011.77,10.67,5.760000000000001
2009-03-05,5,89.10980520658804,72.67299760447749,24.6,22.5,25.9,26.6,28.1,2.0,5.600000000000001,68.0,76.0,86.0,0.0,1007.43,27.33,12.708
2009-03-06,6,88.74080619000003,67.47578693215584,22.2,20.0,24.0,27.1,27.5,4.900000000000002,7.5,67.0,85.0,97.0,3.1999999999999997,1012.8,25.67,7.668
2009-03-07,4,94.60229838711581,65.83724654560613,22.6,19.4,25.03,28.6,29.4,6.0,10.0,61.0,75.33,84.0,0.0,1013.93,14.0,8.748000000000001
2009-03-08,7,99.7538389941282,69.97244902729796,22.4,21.1,24.9,29.5,29.9,7.100000000000001,8.799999999999997,65.0,81.0,96.0,2.3,1011.83,18.33,8.028
2009-03-09,8,86.40368532327822,65.76155351185153,21.4,19.6,24.13,27.2,27.2,5.800000000000001,7.599999999999998,67.0,80.33,90.0,2.0,1015.0,12.33,11.772
2009-03-10,5,90.88138265236469,71.64718587999982,22.5,21.8,25.17,28.0,28.4,5.5,6.599999999999998,66.0,77.67,89.0,0.8,1016.37,10.67,7.812
2009-03-11,5,101.09244418753299,72.3152560251043,22.8,22.2,25.13,29.2,30.2,6.399999999999999,8.0,68.0,80.33,88.0,0.0,1013.6,12.33,9.612
2009-03-12,7,92.2402665136319,73.19083036958679,24.0,21.7,24.33,24.6,28.2,0.6000000000000014,6.5,82.0,85.0,88.0,0.8,1010.6,6.33,1.8
2009-03-13,8,94.60229838711581,67.45941950119138,22.3,20.1,24.73,28.4,29.4,6.099999999999998,9.299999999999997,56.0,75.33,88.0,0.0,1008.03,21.33,8.892000000000001
2009-03-14,7,92.08996040247118,64.65869705576786,21.6,18.9,25.07,29.2,29.7,7.599999999999998,10.8,53.0,65.67,77.0,0.0,1009.3,25.67,8.748000000000001
2009-03-15,9,82.84107741217173,66.80988199890027,20.8,19.2,23.17,26.0,26.5,5.199999999999999,7.300000000000001,64.0,73.33,89.0,4.7,1013.17,15.33,3.8520000000000003
2009-03-16,4,84.11942524363698,54.3361961572614,19.4,14.0,21.77,26.4,27.2,7.0,13.2,51.0,67.33,76.0,0.0,1014.77,14.0,5.652
2009-03-17,11,78.39377323248813,58.96220168551534,18.4,16.5,20.63,23.9,24.9,5.5,8.399999999999999,70.0,76.67,86.0,1.4,1014.6,24.33,8.892000000000001
2009-03-18,4,82.8050963628281,58.41712867469886,20.7,16.4,22.87,26.0,26.7,5.300000000000001,10.3,51.0,68.0,85.0,0.0,1020.2,14.0,10.08
2009-03-19,5,86.88593237278664,62.96170188928966,20.4,17.9,23.5,27.4,28.0,7.0,10.100000000000001,59.0,68.67,76.0,0.0,1019.27,12.33,6.372
2009-03-20,8,82.32697297048058,67.63225215343999,21.4,20.1,22.57,24.9,26.1,3.5,6.0,81.0,82.33,85.0,2.9,1015.83,9.33,8.028
2009-03-21,7,108.96428691890429,64.8422770875857,22.3,18.6,25.13,30.7,31.7,8.399999999999999,13.099999999999998,55.0,78.67,91.0,0.0,1013.77,8.0,5.508
2009-03-22,5,104.1181343121663,68.22151984570851,22.9,20.3,25.9,30.2,31.0,7.300000000000001,10.7,65.0,77.67,87.0,0.0,1011.9,15.33,7.452
2009-03-23,5,103.98864562123103,70.31467877841354,23.4,21.2,25.97,30.7,30.7,7.300000000000001,9.5,62.0,80.33,92.0,0.0,1011.07,23.0,7.452
2009-03-24,14,85.14361298689383,69.15656441138594,22.8,20.8,23.93,25.8,27.0,3.0,6.199999999999999,66.0,77.67,86.0,0.0,1015.37,14.0,8.64
2009-03-25,5,91.3205004080325,63.53623705209475,21.2,18.1,23.87,27.8,28.8,6.600000000000001,10.7,58.0,73.67,82.0,0.0,1015.67,10.67,6.012
2009-03-26,6,100.19974419625122,64.93828392862031,21.6,18.9,25.37,30.5,31.3,8.899999999999999,12.400000000000002,53.0,68.33,82.0,0.0,1012.53,11.0,7.5600000000000005
2009-03-27,6,91.99918050316658,71.87538146944779,23.7,21.7,24.3,25.3,28.8,1.6000000000000014,7.100000000000001,65.0,75.67,82.0,0.0,1011.2,15.33,5.508
2009-03-28,6,100.4675385331987,68.31094650625013,23.3,19.9,25.63,30.2,31.2,6.899999999999999,11.3,57.0,69.67,78.0,0.0,1010.2,13.67,3.9600000000000004
2009-03-29,8,110.73734915857008,67.33789477147224,23.4,19.7,27.13,33.2,33.6,9.800000000000004,13.900000000000002,36.0,66.33,83.0,0.0,1009.47,22.67,5.508
2009-03-30,8,104.64939947156243,70.78491064376351,24.2,19.9,26.63,31.2,31.7,7.0,11.8,58.0,72.33,82.0,0.0,1010.27,9.0,0.6120000000000001
2009-03-31,8,103.90953048586228,71.31241655343152,23.8,21.6,26.33,29.6,31.0,5.800000000000001,9.399999999999999,60.0,77.33,91.0,0.0,1011.0,15.33,7.092
2009-04-01,6,74.79691800445424,62.030641452287234,19.8,17.8,21.57,23.0,23.5,3.1999999999999993,5.699999999999999,64.0,79.33,91.0,1.0,1016.03,13.67,8.892000000000001
2009-04-02,5,81.83565840030423,53.26815045102099,18.2,14.0,21.2,25.9,26.3,7.699999999999999,12.3,58.0,69.0,76.0,0.0,1016.97,14.0,8.28
2009-04-03,9,109.10784117955194,61.16615534032613,20.5,17.2,25.0,31.8,32.8,11.3,15.599999999999998,51.0,70.0,84.0,0.0,1013.7,17.0,6.9479999999999995
2009-04-04,4,111.03935580384382,68.61184449396,24.0,20.5,27.03,32.6,33.8,8.600000000000001,13.299999999999997,52.0,65.33,80.0,0.0,1010.03,27.33,7.812
2009-04-05,4,74.77219835520019,70.9215478542304,21.6,21.4,22.77,23.8,24.0,2.1999999999999993,2.6000000000000014,87.0,88.0,89.0,25.7,1012.43,18.33,6.732
2009-04-06,8,101.54550382435896,66.48404667443054,21.7,19.2,24.1,28.9,30.0,7.199999999999999,10.8,62.0,83.33,94.0,0.30000000000000004,1014.53,23.0,4.680000000000001
2009-04-07,5,101.19297108775906,68.4182667810756,20.7,20.1,23.83,28.8,30.0,8.100000000000001,9.899999999999999,64.0,82.67,96.0,0.0,1014.93,9.0,4.932
2009-04-08,9,90.48893318513663,62.446306481412954,21.5,17.9,23.57,27.0,28.2,5.5,10.3,63.0,79.33,88.0,0.0,1015.67,15.33,8.172
2009-04-09,2,85.00706547574046,59.10687711573951,20.0,16.7,22.43,27.1,27.1,7.100000000000001,10.400000000000002,54.0,74.67,87.0,0.0,1016.03,21.0,10.188
2009-04-10,8,76.99937257596767,56.64320549289206,17.2,15.3,20.6,23.6,23.8,6.400000000000002,8.5,45.0,64.33,82.0,0.0,1016.07,22.67,7.308
2009-04-11,5,84.40784652750014,53.683338476961524,16.9,13.2,20.5,26.5,27.5,9.600000000000001,14.3,35.0,64.0,86.0,0.0,1016.8,18.0,3.708
2009-04-12,12,91.34924915851298,51.10231081288647,17.0,12.3,21.67,28.8,29.6,11.8,17.3,40.0,64.67,82.0,0.0,1016.67,7.67,4.572
2009-04-13,9,102.30244740088848,57.69346505359986,20.8,15.9,24.77,32.3,32.5,11.499999999999996,16.6,43.0,62.33,74.0,0.0,1015.5,26.0,8.388
2009-04-14,6,82.33229254888742,60.06394009306775,21.9,17.2,23.77,24.7,26.4,2.8000000000000007,9.2,68.0,71.33,74.0,0.0,1017.83,14.0,11.268
2009-04-15,8,77.77348550665917,56.178489626348735,19.0,14.9,21.1,24.0,24.4,5.0,9.499999999999998,55.0,65.67,75.0,0.0,1022.83,15.33,6.12
2009-04-16,3,88.08708681731231,54.4210794439355,17.6,14.2,21.27,27.8,28.4,10.2,14.2,50.0,68.0,77.0,0.0,1022.1,11.0,6.48
2009-04-17,6,103.36931127310025,56.33407879000661,18.4,14.9,22.9,29.9,31.5,11.5,16.6,44.0,72.0,90.0,0.0,1019.13,24.33,5.760000000000001
2009-04-18,10,98.64510316211212,59.4997592055961,20.6,16.5,24.97,31.4,31.6,10.799999999999997,15.100000000000001,41.0,63.0,76.0,0.0,1015.3,24.0,7.092
2009-04-19,6,74.05792188572862,63.3291854000115,17.9,17.4,20.77,23.4,23.4,5.5,6.0,74.0,82.33,89.0,3.2,1016.2,10.67,2.988
2009-04-20,11,76.09264685979319,50.57770288406229,15.5,12.6,18.43,22.4,23.0,6.899999999999999,10.4,50.0,64.67,75.0,0.8,1021.57,22.67,6.84
2009-04-21,9,79.88504146074969,47.39762116764514,15.2,11.2,18.7,24.5,25.5,9.3,14.3,56.0,69.67,81.0,0.0,1022.17,14.0,6.732
2009-04-22,9,79.69137390432104,60.12615990620409,19.5,16.8,21.47,25.4,25.4,5.899999999999999,8.599999999999998,60.0,71.67,79.0,0.0,1017.7,12.33,7.308
2009-04-23,4,84.60513090034992,59.84888411488844,19.0,16.7,21.57,26.4,27.0,7.399999999999999,10.3,55.0,74.33,89.0,0.0,1015.13,10.67,7.452
2009-04-24,6,84.98006866979009,58.383861164602884,19.6,16.1,21.67,25.6,27.0,6.0,10.899999999999999,60.0,76.67,85.0,0.0,1017.07,14.0,7.668
2009-04-25,7,91.54224495045972,63.94208851543721,20.8,18.5,22.93,27.0,28.5,6.199999999999999,10.0,61.0,78.33,89.0,0.0,1017.27,14.0,7.812
2009-04-26,2,90.43500669342677,61.51004206471901,18.7,17.0,22.4,27.2,28.0,8.5,11.0,64.0,82.33,97.0,0.0,1016.8,17.0,4.788
2009-04-27,7,84.56558581807404,64.30695211688413,19.8,18.5,22.53,26.8,26.9,7.0,8.399999999999999,53.0,76.33,88.0,0.0,1018.8,13.67,6.48
2009-04-28,9,86.3924063588037,53.146272357845966,17.7,13.5,21.33,26.8,27.6,9.100000000000001,14.100000000000001,51.0,72.67,88.0,0.0,1017.77,23.0,5.760000000000001
2009-04-29,12,87.9696384260279,53.64790620171862,15.8,13.4,21.03,27.7,28.1,11.899999999999999,14.700000000000001,48.0,71.67,91.0,0.0,1014.9,22.67,4.428
2009-04-30,6,78.23580263102397,57.58465787591341,20.2,16.0,22.03,24.7,24.7,4.5,8.7,55.0,67.0,75.0,0.0,1019.23,11.0,9.612
2009-05-01,10,81.26712610281157,54.63942499796195,17.8,13.6,20.5,25.7,26.1,7.899999999999999,12.500000000000002,54.0,68.33,80.0,0.0,1021.93,6.0,3.6
2009-05-02,6,87.73428861925534,53.27155936568566,17.1,13.7,20.9,27.2,28.2,10.099999999999998,14.5,50.0,69.33,80.0,0.0,1019.0,21.33,6.48
2009-05-03,5,90.48725109269931,57.30351012575664,17.2,15.1,21.73,28.2,28.6,11.0,13.500000000000002,42.0,73.67,98.0,0.1,1017.3,20.0,4.680000000000001
2009-05-04,6,91.82065520106454,54.331633162250746,17.2,13.8,21.5,28.0,29.0,10.8,15.2,49.0,72.67,85.0,0.0,1014.77,16.67,4.788
2009-05-05,6,90.07196774495223,56.6815150651463,17.8,15.3,22.53,28.6,28.6,10.8,13.3,50.0,72.33,90.0,0.0,1012.27,24.33,7.2
2009-05-06,9,73.36308620988544,48.86850312559025,13.8,12.9,18.67,21.3,21.3,7.5,8.4,49.0,72.33,86.0,8.4,1014.1,27.0,14.508000000000001
2009-05-07,8,79.17665865107203,51.52783766956583,13.7,11.0,18.77,24.0,25.2,10.3,14.2,50.0,66.0,85.0,0.0,1017.83,10.67,1.4400000000000002
2009-05-08,3,69.06037012062782,50.58969802598561,13.6,12.2,17.17,20.5,20.7,6.9,8.5,75.0,83.67,98.0,0.0,1017.6,25.67,5.04
2009-05-09,6,83.25670990548409,58.07971307897587,16.5,15.2,19.87,25.8,26.3,9.3,11.100000000000001,61.0,84.0,99.0,0.0,1017.3,9.33,3.708
2009-05-10,6,94.66388812431255,54.91829249945564,16.2,14.3,20.9,27.6,29.0,11.400000000000002,14.7,52.0,80.33,98.0,0.0,1016.33,10.67,5.867999999999999
2009-05-11,8,101.86535100160779,59.55224453781023,17.4,15.7,22.67,30.0,30.4,12.600000000000001,14.7,53.0,79.67,98.0,0.1,1013.0,18.33,3.132
2009-05-12,8,72.57988009196809,65.41270023463008,21.1,19.2,21.87,22.3,22.8,1.1999999999999993,3.6000000000000014,79.0,83.0,90.0,20.3,1012.17,9.33,8.532
2009-05-13,9,77.36890310969797,65.23994323120655,18.5,17.7,20.77,24.0,24.8,5.5,7.100000000000001,78.0,90.33,99.0,0.0,1009.87,6.0,1.4400000000000002
2009-05-14,3,64.71515378505438,54.513782909493564,15.8,14.0,17.2,20.0,20.6,4.199999999999999,6.600000000000001,88.0,92.67,96.0,27.7,1009.67,26.0,5.292
2009-05-15,6,72.48575354392005,45.685801019242966,11.8,11.1,13.47,14.3,15.5,2.5,4.4,78.0,81.33,84.0,0.8,1014.43,17.0,10.332
2009-05-16,11,71.90482500916843,41.25503090915095,9.2,7.7,13.2,17.7,18.1,8.5,10.400000000000002,49.0,76.67,96.0,0.6,1019.13,18.33,4.068
2009-05-17,7,76.12729490169055,40.04932079819247,9.9,7.3,14.63,23.3,23.7,13.4,16.4,46.0,72.33,90.0,0.0,1018.47,20.0,4.428
2009-05-18,9,71.97079608470386,47.63019336693263,14.1,10.3,16.83,21.5,21.8,7.4,11.5,65.0,79.0,89.0,0.0,1019.57,24.33,3.3480000000000003
2009-05-19,6,65.2284226523241,58.545525127026416,15.6,14.9,17.5,19.0,19.6,3.4000000000000004,4.700000000000001,83.0,89.33,97.0,9.2,1022.33,4.67,2.2680000000000002
2009-05-20,7,90.33273542410065,53.40547483368231,14.0,13.0,18.97,27.1,27.9,13.100000000000001,14.899999999999999,60.0,83.67,96.0,0.1,1019.93,6.33,3.492
2009-05-21,12,93.76325060320005,59.778306334496584,18.1,16.1,22.23,28.3,29.0,10.2,12.899999999999999,55.0,78.0,90.0,0.1,1017.83,24.33,4.212
2009-05-22,7,89.09649370784683,58.763972721335634,17.8,14.9,21.73,27.2,28.4,9.399999999999999,13.499999999999998,51.0,71.67,84.0,0.0,1017.93,10.67,2.052
2009-05-23,8,90.98439873011229,55.34498477734198,16.2,14.0,20.93,27.6,28.4,11.400000000000002,14.399999999999999,54.0,78.0,96.0,0.0,1017.77,13.67,3.8520000000000003
2009-05-24,4,87.65604713111726,56.391600940000814,15.6,14.0,21.1,27.7,27.7,12.1,13.7,47.0,76.67,98.0,0.0,1016.97,15.33,2.52
2009-05-25,2,80.95168026643142,66.18028264749698,19.0,18.1,21.73,25.2,25.8,6.199999999999999,7.699999999999999,60.0,76.67,93.0,0.1,1011.5,4.67,1.332
2009-05-26,5,73.36383210360648,63.68110249407733,20.2,18.4,21.3,22.1,23.5,1.9000000000000021,5.100000000000001,82.0,87.33,92.0,2.9,1011.37,27.33,7.920000000000001
2009-05-27,9,71.656064649184,55.96717870480834,16.5,15.1,18.4,19.8,20.8,3.3000000000000007,5.700000000000001,68.0,77.0,83.0,0.0,1017.47,15.33,7.920000000000001
2009-05-28,9,72.37687954387187,50.77656548372155,12.8,12.0,15.0,17.0,19.2,4.199999999999999,7.199999999999999,57.0,74.33,88.0,0.0,1017.47,18.33,4.068
2009-05-29,6,72.22249067897272,45.484992875448384,11.2,10.2,13.7,17.7,17.9,6.5,7.699999999999999,59.0,76.33,96.0,0.0,1022.27,12.33,6.012
2009-05-30,2,68.33249262092248,51.390072112639075,13.4,13.1,14.83,16.1,16.4,2.700000000000001,3.299999999999999,77.0,85.33,96.0,17.900000000000002,1018.5,10.67,7.668
2009-05-31,4,74.39402077409412,44.01798281190884,13.3,11.2,14.1,15.2,15.2,1.8999999999999986,4.0,65.0,79.33,98.0,17.8,1011.33,21.33,17.28
2009-06-01,8,79.32512112026772,39.23113633651566,10.0,9.6,11.83,14.1,14.3,4.1,4.700000000000001,60.0,74.67,83.0,0.0,1014.7,30.33,20.772
2009-06-02,10,87.35551139677358,39.21913134422904,9.5,8.8,11.03,12.1,12.1,2.5999999999999996,3.299999999999999,65.0,72.67,82.0,0.0,1018.37,27.0,13.068
2009-06-03,5,79.10473029931926,34.80319520382637,6.3,4.9,9.77,14.2,14.6,7.8999999999999995,9.7,57.0,73.67,85.0,0.0,1023.73,18.33,4.32
2009-06-04,9,71.293948775536,32.347755898441704,5.2,4.0,10.9,18.7,19.1,13.5,15.100000000000001,47.0,77.0,97.0,0.0,1019.27,19.67,4.788
2009-06-05,6,72.53905235023602,36.48119347928965,9.0,6.9,12.47,18.6,19.1,9.600000000000001,12.200000000000001,51.0,74.0,86.0,0.0,1016.53,26.0,8.532
2009-06-06,10,73.6015876394562,39.768441393406796,8.0,6.5,12.73,16.4,17.6,8.399999999999999,11.100000000000001,56.0,74.0,86.0,0.0,1023.07,16.67,2.988
2009-06-07,5,71.22290652557982,38.630090023557365,8.8,7.2,12.63,17.7,17.9,8.899999999999999,10.7,65.0,78.33,92.0,0.0,1025.53,12.33,6.012
2009-06-08,11,73.71708431715321,40.79359758831534,9.7,8.0,14.6,22.1,23.0,12.400000000000002,15.0,53.0,79.67,96.0,0.0,1021.5,14.0,5.508
2009-06-09,7,67.04328011452813,54.64578305751279,13.0,13.0,14.27,15.2,15.8,2.1999999999999993,2.8000000000000007,80.0,88.0,95.0,17.0,1018.27,10.67,2.16
2009-06-10,8,64.93556958990405,50.08426588400622,12.6,11.1,14.3,16.5,17.3,3.9000000000000004,6.200000000000001,76.0,89.0,98.0,0.0,1019.17,9.33,2.628
2009-06-11,12,68.46944384691419,44.87277900221689,10.3,9.1,12.6,16.2,16.7,5.899999999999999,7.6,66.0,84.67,96.0,0.2,1023.33,20.0,3.492
2009-06-12,8,66.06949007354382,42.252764511724195,10.2,8.0,11.47,12.6,13.6,2.4000000000000004,5.6,91.0,93.33,96.0,0.5,1026.93,23.0,3.708
2009-06-13,11,67.56736057468801,50.69185576494435,11.6,11.8,14.43,18.9,19.6,7.299999999999999,7.800000000000001,63.0,85.0,97.0,0.2,1019.17,9.33,3.6
2009-06-14,10,72.85658646342151,46.01170729098721,11.7,10.3,15.53,21.8,22.2,10.100000000000001,11.899999999999999,49.0,77.67,93.0,0.1,1020.77,18.33,5.508
2009-06-15,11,73.59031254985598,42.38589850244296,9.6,8.4,15.33,22.0,22.6,12.4,14.200000000000001,52.0,77.0,91.0,0.0,1019.13,13.67,4.572
2009-06-16,8,63.462968394207905,54.040225246184534,13.8,13.2,14.23,15.0,15.2,1.1999999999999993,2.0,89.0,93.0,95.0,2.2,1016.07,24.33,3.24
2009-06-17,8,66.08827011267928,47.14607896548108,10.9,10.8,12.77,13.9,13.9,3.0,3.0999999999999996,90.0,92.67,96.0,3.6999999999999997,1017.47,23.0,5.508
2009-06-18,5,66.56175626985505,54.250733580952804,13.7,13.2,16.07,20.4,21.0,6.699999999999999,7.800000000000001,75.0,90.33,98.0,0.7,1021.03,7.67,2.988
2009-06-19,11,76.35544837192158,47.818552095646176,11.4,11.0,16.87,23.6,24.3,12.200000000000001,13.3,57.0,82.67,98.0,0.1,1020.27,14.0,5.148
2009-06-20,13,81.27936819313595,46.919204630582314,11.9,10.7,17.77,25.3,25.9,13.4,15.2,50.0,77.0,96.0,0.2,1017.2,17.0,5.508
2009-06-21,9,80.20062734425606,50.8149500139766,13.5,12.3,18.7,25.2,25.6,11.7,13.3,44.0,72.0,90.0,0.0,1015.97,18.33,5.04
2009-06-22,10,76.42537146086443,55.374558487097424,16.0,13.9,18.87,23.8,24.2,7.800000000000001,10.299999999999999,64.0,79.33,88.0,0.0,1009.83,17.0,3.492
2009-06-23,12,63.6924929057471,49.15603983116075,18.0,12.4,18.4,19.0,20.2,1.0,7.799999999999999,90.0,93.33,96.0,15.3,1012.43,32.0,9.251999999999999
2009-06-24,12,73.61366951074228,41.42204716623057,10.5,8.9,12.63,14.8,15.6,4.300000000000001,6.699999999999999,62.0,79.33,91.0,12.2,1021.5,21.33,8.028
2009-06-25,3,72.26355777999996,43.97212072119392,10.0,9.5,11.63,14.0,15.0,4.0,5.5,73.0,83.0,89.0,0.0,1023.93,19.67,5.867999999999999
2009-06-26,10,70.67588802743757,35.26398451506944,6.4,5.3,10.63,15.7,16.2,9.299999999999999,10.899999999999999,58.0,82.33,97.0,0.1,1025.77,12.33,4.788
2009-06-27,11,72.10985292969302,33.560017234359705,9.4,5.2,11.53,14.6,15.2,5.199999999999999,10.0,76.0,82.67,87.0,0.0,1025.53,11.0,6.732
2009-06-28,11,70.9736917108001,43.88517659450903,10.1,9.3,14.8,21.1,21.5,11.000000000000002,12.2,59.0,81.0,98.0,0.0,1021.6,9.33,5.292
2009-06-29,12,83.59963825993637,54.49970017575338,15.1,14.4,19.3,26.0,26.6,10.9,12.200000000000001,61.0,77.0,87.0,0.0,1014.97,5.0,7.452
2009-06-30,8,75.23818183988698,45.42691721474958,12.9,11.7,16.93,19.1,20.0,6.200000000000001,8.3,34.0,64.33,81.0,4.6,1012.33,30.33,16.56
2009-07-01,6,77.09156776375747,35.78309274648258,9.1,7.1,14.3,18.6,19.4,9.500000000000002,12.299999999999999,46.0,56.33,76.0,0.0,1015.67,27.33,11.16
2009-07-02,8,70.9757671260451,37.1009597977104,7.9,6.3,12.8,18.9,19.6,10.999999999999998,13.3,53.0,77.67,97.0,0.1,1017.47,20.0,5.292
2009-07-03,14,71.83598222100898,33.672473180997414,7.2,5.5,12.4,17.2,18.2,10.0,12.7,57.0,76.67,99.0,0.0,1019.93,23.0,7.668
2009-07-04,9,72.47805051120494,36.685883295023515,7.7,5.7,13.13,20.3,20.7,12.600000000000001,15.0,48.0,74.33,94.0,0.0,1021.27,12.33,4.212
2009-07-05,6,73.79789019149561,41.92556119799856,10.4,8.7,15.0,21.8,22.2,11.4,13.5,51.0,73.67,86.0,0.0,1021.13,17.0,6.228
2009-07-06,13,82.13082974485113,48.11192615808483,12.6,11.1,17.97,25.7,26.2,13.1,15.1,56.0,75.67,92.0,0.0,1014.2,9.33,5.04
2009-07-07,11,65.80218249999997,56.21068075394487,17.5,15.6,18.5,19.2,20.0,1.6999999999999993,4.4,81.0,89.0,94.0,19.2,1016.53,24.33,11.268
2009-07-08,14,60.40634977220796,55.517940469585966,15.4,13.7,16.77,17.5,18.1,2.0999999999999996,4.400000000000002,94.0,95.0,96.0,4.0,1015.7,12.33,2.7720000000000002
2009-07-09,5,63.14731723048496,45.88981356232719,11.4,10.9,13.13,14.0,15.2,2.5999999999999996,4.299999999999999,91.0,93.33,96.0,12.0,1019.47,15.33,8.532
2009-07-10,11,63.285393893011246,52.51721803074127,13.8,13.3,15.13,16.8,17.0,3.0,3.6999999999999993,88.0,91.33,95.0,1.9000000000000001,1014.47,20.0,6.12
2009-07-11,8,68.45408053079996,41.01045372054326,13.0,8.6,14.0,15.6,16.5,2.5999999999999996,7.9,75.0,85.0,93.0,0.0,1014.2,21.33,7.452
2009-07-12,7,74.83530115160167,35.20200706294159,8.1,6.3,11.07,15.3,15.6,7.200000000000001,9.3,61.0,77.33,89.0,0.0,1021.3,30.33,8.28
2009-07-13,13,68.69844068967198,37.15111282378951,8.3,6.1,11.97,18.0,18.2,9.7,12.1,63.0,82.67,96.0,0.0,1019.83,15.33,4.680000000000001
2009-07-14,15,76.365752013748,41.57961850634642,10.3,8.2,13.5,15.2,16.2,4.899999999999999,8.0,58.0,72.33,81.0,0.0,1023.27,15.33,5.04
2009-07-15,10,75.51374988342441,35.07835615135629,8.6,5.6,10.67,14.2,14.4,5.6,8.8,74.0,80.33,86.0,0.0,1020.2,14.0,5.867999999999999
2009-07-16,11,62.88819171907264,50.008435048565666,12.3,11.7,13.07,13.8,14.1,1.5,2.4000000000000004,91.0,95.33,98.0,6.7,1018.27,12.33,4.212
2009-07-17,11,68.33249262092248,46.99835995296473,11.5,10.8,13.67,15.8,16.4,4.300000000000001,5.599999999999998,65.0,85.33,99.0,1.4000000000000001,1020.37,12.33,5.760000000000001
2009-07-18,8,67.7201573981134,45.112346948096175,11.2,10.0,12.4,14.6,15.7,3.4000000000000004,5.699999999999999,83.0,87.33,94.0,0.0,1021.57,29.0,5.867999999999999
2009-07-19,11,65.87728118476453,51.99157545127781,12.8,12.3,14.7,17.8,18.5,5.0,6.199999999999999,78.0,87.33,95.0,1.1,1024.03,15.33,3.3480000000000003
2009-07-20,6,73.03269960087799,45.112346948096175,12.1,10.0,15.4,19.6,21.2,7.500000000000002,11.2,50.0,73.33,87.0,0.0,1022.1,10.67,5.867999999999999
2009-07-21,13,75.53409945098437,51.299770110073766,14.4,13.2,17.23,22.9,23.5,8.499999999999998,10.3,62.0,74.33,85.0,0.0,1012.37,10.67,8.532
2009-07-22,6,77.16033913413423,52.314607699068276,15.7,14.3,18.63,20.9,24.2,5.199999999999999,9.899999999999999,61.0,70.67,83.0,10.8,1014.93,23.0,14.508000000000001
2009-07-23,12,82.12413897632558,32.000492933112895,6.9,6.5,10.5,14.4,14.4,7.5,7.9,59.0,68.33,74.0,0.0,1019.63,24.33,18.252000000000002
2009-07-24,13,96.78249849146817,23.736948244900326,3.4,2.8,6.5,9.1,10.3,5.699999999999999,7.500000000000001,47.0,68.0,83.0,0.0,1022.2,29.0,15.228000000000002
2009-07-25,8,85.24393729318211,22.311727366979788,1.8,0.1,6.47,11.7,12.9,9.899999999999999,12.8,48.0,71.33,97.0,0.0,1024.4,19.67,6.12
2009-07-26,12,77.67045632905618,25.480462080008195,3.1,1.1,7.77,14.2,15.6,11.1,14.5,49.0,72.0,84.0,0.0,1023.33,22.67,5.148
2009-07-27,15,78.14533538957787,28.515003202869583,3.6,2.4,8.73,15.0,15.0,11.4,12.6,50.0,73.67,94.0,0.0,1021.37,19.67,5.04
2009-07-28,3,73.0939184240934,36.67467286901946,9.1,6.3,11.4,15.7,17.8,6.6,11.5,72.0,74.67,78.0,0.0,1019.83,12.33,5.867999999999999
2009-07-29,12,75.26933367927992,36.11662564453066,7.5,6.1,12.1,16.2,17.4,8.7,11.299999999999999,49.0,70.67,90.0,0.0,1020.17,15.33,6.012
2009-07-30,12,78.68174265660409,33.62049910644408,5.8,4.8,10.3,14.7,14.7,8.899999999999999,9.899999999999999,46.0,74.0,94.0,0.0,1024.1,19.67,5.4
2009-07-31,7,83.64751175291448,29.25611700805319,6.6,4.1,9.4,13.4,13.4,6.800000000000001,9.3,63.0,71.33,77.0,0.0,1027.13,12.33,9.72
2009-08-01,19,69.11464040239488,47.31971143677578,10.9,10.4,13.7,17.8,19.2,6.9,8.799999999999999,76.0,81.67,92.0,0.0,1021.2,12.33,3.9600000000000004
2009-08-02,10,62.16338812966136,50.979078137140874,14.1,13.2,14.93,16.1,16.1,2.0000000000000018,2.900000000000002,90.0,93.33,99.0,15.2,1013.33,21.0,9.468
2009-08-03,8,66.54124940990687,48.10464558770704,12.6,11.9,13.87,15.8,17.4,3.200000000000001,5.499999999999998,78.0,86.67,92.0,2.6,1018.27,25.67,8.892000000000001
2009-08-04,15,69.91903840911368,39.94569507506304,9.0,6.9,13.83,20.2,20.6,11.2,13.700000000000001,58.0,81.33,96.0,0.0,1022.0,7.67,3.6
2009-08-05,9,72.51699873206424,46.91600300410526,13.2,10.6,16.2,21.4,22.2,8.2,11.6,70.0,79.0,85.0,0.0,1011.8,17.0,5.148
2009-08-06,12,70.69441472793599,53.83140427787782,14.4,12.8,17.73,19.4,20.4,4.999999999999998,7.599999999999998,57.0,79.0,97.0,16.8,1015.27,9.0,2.52
2009-08-07,8,78.53046549318412,42.37580400353076,11.6,8.8,13.0,14.6,15.2,3.0,6.399999999999999,61.0,72.0,89.0,5.2,1020.23,18.0,5.867999999999999
2009-08-08,5,61.636237187967964,50.977473916039436,12.4,12.4,13.47,14.4,14.4,2.0,2.0,95.0,96.0,97.0,65.8,1014.93,21.0,5.148
2009-08-09,10,58.84891506657601,49.90949362715544,14.0,12.4,14.63,15.9,15.9,1.9000000000000004,3.5,96.0,97.0,99.0,37.6,1018.93,15.33,7.308
2009-08-10,12,66.09420667849598,46.14956875978576,13.1,11.6,15.17,17.2,18.6,4.1,7.000000000000002,70.0,87.0,97.0,59.6,1018.4,13.67,12.708
2009-08-11,10,68.24069686815972,40.822932682400285,10.8,7.3,13.53,18.0,19.0,7.199999999999999,11.7,61.0,83.33,96.0,0.1,1027.13,16.67,3.6
2009-08-12,8,77.22329344440023,40.65198203198038,10.8,7.1,15.7,23.9,24.5,13.099999999999998,17.4,50.0,79.0,96.0,0.0,1022.97,13.67,3.3480000000000003
2009-08-13,13,79.61180504203863,43.82169799117358,14.3,9.5,17.63,24.0,25.4,9.7,15.899999999999999,50.0,67.67,82.0,0.0,1020.0,25.67,6.12
2009-08-14,8,92.4242618885444,47.50631427106127,14.8,10.8,20.47,28.8,29.2,14.0,18.4,48.0,72.0,91.0,0.0,1017.03,9.33,4.932
2009-08-15,10,101.19493130958608,53.65414555824429,19.8,13.7,24.2,32.0,32.8,12.2,19.099999999999998,37.0,58.33,70.0,0.0,1012.13,16.67,5.652
2009-08-16,12,99.36641043813668,59.44269946606514,20.5,16.2,25.7,33.4,33.6,12.899999999999999,17.400000000000002,32.0,49.67,60.0,0.0,1009.23,10.67,5.4
2009-08-17,8,84.23436868569615,50.22895004162606,12.8,12.8,18.0,26.4,26.6,13.599999999999998,13.8,60.0,82.0,95.0,29.299999999999997,1012.1,12.33,8.892000000000001
2009-08-18,7,64.48329058331231,48.43397191744561,13.0,12.2,14.2,15.5,16.1,2.5,3.900000000000002,88.0,90.67,94.0,7.299999999999999,1015.3,15.33,9.972
2009-08-19,9,65.41604873191602,51.16402949111541,14.5,13.8,15.77,18.0,19.8,3.5,6.0,78.0,89.33,96.0,19.5,1011.87,12.33,14.148000000000001
2009-08-20,13,64.89458206537616,47.873183375690836,15.0,12.2,15.17,15.3,17.4,0.3000000000000007,5.199999999999999,78.0,89.0,96.0,0.8,1010.97,21.33,11.772
2009-08-21,9,72.26930457279994,44.4357738721124,11.9,10.5,13.43,16.2,17.0,4.299999999999999,6.5,58.0,78.0,94.0,4.7,1021.63,21.33,9.828
2009-08-22,11,72.9211933304471,32.95911548237021,9.4,5.1,13.27,19.8,21.0,10.4,15.9,54.0,73.33,84.0,0.0,1022.0,10.67,7.308
2009-08-23,4,76.86030882480011,44.47650192973068,13.6,9.9,17.3,24.0,24.0,10.4,14.1,49.0,70.0,82.0,0.0,1017.63,18.33,6.588
2009-08-24,6,72.80269039219183,46.85072331749044,16.1,11.2,18.37,21.4,21.8,5.299999999999997,10.600000000000001,64.0,76.0,86.0,0.0,1019.97,13.67,7.920000000000001
2009-08-25,8,83.70121684007175,55.96001697229216,15.6,14.5,19.0,25.4,26.4,9.799999999999999,11.899999999999999,64.0,84.33,96.0,0.0,1023.73,10.67,4.680000000000001
2009-08-26,6,84.02223308085998,53.06135598018474,18.6,14.0,21.47,26.8,27.4,8.2,13.399999999999999,40.0,63.33,85.0,0.0,1021.53,26.0,8.892000000000001
2009-08-27,7,86.89301355869432,53.33683410202838,19.4,13.9,22.27,27.4,28.4,8.0,14.499999999999998,50.0,63.33,73.0,0.0,1019.87,22.67,7.452
2009-08-28,7,91.70986872130749,56.57102663984022,18.6,14.4,22.6,28.6,29.6,10.0,15.200000000000001,44.0,65.67,79.0,0.0,1020.37,16.67,3.3480000000000003
2009-08-29,10,96.5828902956162,57.35542403592606,19.4,15.3,24.13,31.0,31.6,11.600000000000001,16.3,39.0,59.0,74.0,0.0,1017.63,8.0,5.508
2009-08-30,11,97.32101570991034,58.96978678623007,20.3,15.5,24.63,31.2,32.0,10.899999999999999,16.5,37.0,57.33,73.0,0.0,1015.83,12.0,3.3480000000000003
2009-08-31,7,95.44366870825596,57.83722083554021,22.2,15.9,26.23,32.6,33.6,10.400000000000002,17.700000000000003,33.0,42.0,51.0,0.0,1013.63,15.33,7.920000000000001
2009-09-01,8,79.18919727465914,62.63047891884618,20.8,18.1,23.13,25.0,25.2,4.199999999999999,7.099999999999998,59.0,67.33,75.0,0.0,1012.77,12.33,9.360000000000001
2009-09-02,6,64.71602471754883,61.672475648812906,18.6,17.1,18.7,18.8,19.2,0.1999999999999993,2.099999999999998,85.0,89.67,96.0,28.4,1015.57,4.67,4.932
2009-09-03,9,71.14323629564815,62.528053389507555,18.1,17.5,19.47,22.0,23.2,3.8999999999999986,5.699999999999999,84.0,93.0,98.0,18.3,1013.47,12.33,5.04
2009-09-04,8,74.25241151942168,60.895418599663714,18.0,17.0,19.87,22.6,23.8,4.600000000000001,6.800000000000001,78.0,87.33,94.0,3.8,1013.67,15.33,6.372
2009-09-05,4,75.21558666875136,53.10040464089507,16.1,13.4,19.53,22.7,23.4,6.599999999999998,9.999999999999998,52.0,75.33,87.0,0.0,1016.6,28.67,5.4
2009-09-06,8,81.26584829741117,51.88290220387999,15.2,13.0,18.33,24.4,25.8,9.2,12.8,65.0,83.33,96.0,0.0,1015.6,10.67,6.012
2009-09-07,12,88.42793951663411,60.92935194776005,18.7,16.9,20.83,25.0,27.5,6.300000000000001,10.600000000000001,76.0,83.67,89.0,0.8,1005.2,21.33,5.652
2009-09-08,5,65.9074096480265,51.90531237558056,14.0,13.8,15.97,17.3,17.9,3.3000000000000007,4.099999999999998,78.0,87.33,95.0,30.4,1008.3,20.0,11.16
2009-09-09,6,65.23351891852619,47.74984453963896,12.0,10.8,13.23,14.5,14.5,2.5,3.6999999999999993,92.0,92.33,93.0,4.5,1019.1,9.33,4.572
2009-09-10,5,63.0448293655786,47.740578725647104,12.4,11.6,13.07,14.2,14.4,1.799999999999999,2.8000000000000007,93.0,94.67,96.0,8.1,1027.13,17.0,8.028
2009-09-11,7,60.407572136272705,50.927440740437504,13.8,13.6,14.53,15.0,15.6,1.1999999999999993,2.0,95.0,95.67,96.0,27.4,1028.7,14.0,13.068
2009-09-12,6,58.492081388889204,55.96001697229216,15.0,14.5,16.3,17.4,18.0,2.3999999999999986,3.5,96.0,97.33,98.0,49.8,1020.83,12.33,4.680000000000001
2009-09-13,2,62.501446125352814,56.787529033114374,16.8,15.5,17.47,18.6,19.8,1.8000000000000007,4.300000000000001,90.0,94.33,97.0,10.0,1018.13,21.33,8.28
2009-09-14,5,71.98134588515215,54.971164655895684,16.4,14.9,18.23,20.8,22.2,4.400000000000002,7.299999999999999,67.0,81.0,93.0,0.0,1021.7,14.0,9.612
2009-09-15,8,84.44821558545397,52.460849709686066,16.0,13.6,20.57,26.7,27.0,10.7,13.4,57.0,73.33,85.0,0.0,1018.77,14.0,7.920000000000001
2009-09-16,7,84.8440761044507,55.67499870341083,18.0,14.7,20.87,26.4,26.8,8.399999999999999,12.100000000000001,64.0,80.67,90.0,0.0,1017.03,15.33,6.228
2009-09-17,7,68.71114999763532,60.02890406385273,18.8,17.1,19.63,21.2,21.5,2.3999999999999986,4.399999999999999,82.0,87.33,90.0,0.0,1017.13,18.33,10.332
2009-09-18,2,79.82887991070558,61.09844173279156,18.2,17.5,20.47,24.8,25.4,6.600000000000001,7.899999999999999,64.0,85.33,96.0,14.1,1010.63,17.0,9.828
2009-09-19,5,75.56037014839316,52.201951293447834,15.3,14.5,17.87,19.3,19.6,4.0,5.100000000000001,49.0,63.67,75.0,0.0,1012.43,30.33,17.64
2009-09-20,8,75.83987175513504,44.488897133714474,15.0,10.8,16.77,20.2,21.0,5.199999999999999,10.2,47.0,60.33,68.0,0.0,1018.03,27.0,11.772
2009-09-21,10,76.86121468979215,45.35862203416542,15.0,9.8,18.2,23.2,23.6,8.2,13.8,47.0,63.0,74.0,0.0,1018.3,15.33,4.788
2009-09-22,5,87.26415124626182,56.226899948231065,16.5,14.4,20.67,26.0,27.8,9.5,13.4,62.0,73.33,84.0,0.0,1012.5,4.67,3.8520000000000003
2009-09-23,7,71.37054913964803,51.96769256854886,15.4,13.5,18.03,22.4,22.6,6.999999999999998,9.100000000000001,77.0,86.0,97.0,8.8,1010.37,20.0,8.64
2009-09-24,4,71.65540323772802,44.97236659685396,13.4,11.0,15.3,19.0,19.6,5.6,8.600000000000001,54.0,76.0,90.0,3.1,1021.4,18.33,11.772
2009-09-25,9,79.16547823619194,40.80734513241144,13.0,9.0,16.87,22.0,25.2,9.0,16.2,51.0,65.0,79.0,0.0,1021.33,12.33,9.972
2009-09-26,7,102.65908494796822,52.601284088630955,15.5,13.0,20.4,28.2,31.6,12.7,18.6,52.0,70.0,82.0,0.0,1014.43,10.67,4.680000000000001
2009-09-27,12,66.77514156465746,63.21359196139433,18.9,18.2,19.73,21.2,21.2,2.3000000000000007,3.0,83.0,90.67,96.0,66.30000000000001,1008.6,8.0,7.920000000000001
2009-09-28,13,62.97135489405977,50.6923499132689,14.2,12.6,16.23,19.1,19.1,4.900000000000002,6.500000000000002,87.0,92.33,96.0,19.799999999999997,1014.33,18.33,6.588
2009-09-29,10,77.04304328958548,37.15785232045963,11.8,7.8,13.67,16.2,16.8,4.399999999999999,9.0,49.0,68.33,79.0,0.0,1025.47,19.67,11.988000000000001
2009-09-30,6,74.83564859176107,42.528456025210765,10.8,9.0,14.2,18.2,20.4,7.399999999999999,11.399999999999999,49.0,65.67,77.0,0.1,1028.7,9.33,6.372
2009-10-01,9,69.62965862490954,51.963280054361086,13.5,13.2,13.57,13.6,14.6,0.09999999999999964,1.4000000000000004,77.0,87.33,95.0,12.0,1021.17,10.67,6.84
2009-10-02,9,72.32784778904667,52.830010215512694,14.2,13.7,16.5,19.8,20.6,5.600000000000001,6.900000000000002,52.0,74.67,97.0,0.0,1018.47,13.67,7.5600000000000005
2009-10-03,5,74.79942113367348,48.47718408516251,15.2,12.0,18.17,21.6,22.4,6.400000000000002,10.399999999999999,55.0,69.67,85.0,0.0,1019.77,21.33,8.532
2009-10-04,8,87.73428861925534,52.637840045651096,15.4,13.3,20.47,27.4,28.2,11.999999999999998,14.899999999999999,56.0,69.33,85.0,0.0,1017.63,10.67,5.867999999999999
2009-10-05,9,111.44395960146717,64.52693511569566,19.6,18.9,25.23,32.9,33.3,13.299999999999997,14.399999999999999,48.0,69.33,85.0,0.0,1008.1,28.67,9.360000000000001
2009-10-06,9,71.65639868916924,61.738869766287934,19.0,16.9,20.0,22.0,23.0,3.0,6.100000000000001,79.0,88.67,98.0,37.5,1014.87,16.67,3.8520000000000003
2009-10-07,10,69.79790651536115,52.922303765771396,17.4,14.3,17.7,17.9,19.5,0.5,5.199999999999999,71.0,80.33,90.0,0.3,1021.63,15.33,11.879999999999999
2009-10-08,5,74.5709726399999,45.76711960486846,14.4,11.4,16.1,19.4,20.0,4.999999999999998,8.6,55.0,67.0,79.0,0.0,1025.2,13.67,12.348
2009-10-09,11,74.85987213036346,44.8687335429134,13.2,10.4,17.4,22.0,22.4,8.8,11.999999999999998,53.0,69.33,82.0,0.0,1022.5,14.0,8.172
2009-10-10,8,80.97580059769781,49.37758859223094,15.2,12.4,19.67,25.4,26.0,10.2,13.6,54.0,67.67,81.0,0.0,1017.73,12.33,8.64
2009-10-11,7,97.495944987559,55.12500660312177,17.8,15.1,20.1,21.5,30.0,3.6999999999999993,14.9,63.0,75.33,82.0,1.7,1007.1,12.33,10.8
2009-10-12,6,74.91196275644812,57.57250965370601,16.1,15.3,18.83,22.2,23.6,6.099999999999998,8.3,49.0,80.0,98.0,25.6,1008.47,16.67,5.04
2009-10-13,7,82.957489250128,48.40575308869631,17.6,11.2,20.27,25.4,26.9,7.799999999999997,15.7,39.0,65.0,79.0,0.0,1013.77,28.67,4.932
2009-10-14,11,92.85724119055882,53.5066017730419,17.5,13.2,22.0,28.6,30.0,11.100000000000001,16.8,46.0,64.67,75.0,0.0,1010.4,15.33,3.9600000000000004
2009-10-15,9,67.87399957405249,54.55779654486678,15.7,14.6,17.33,20.0,20.4,4.300000000000001,5.799999999999999,76.0,85.67,92.0,1.1,1013.1,19.67,8.64
2009-10-16,6,75.92832790797249,43.88314089877194,13.9,10.0,15.13,16.8,17.3,2.9000000000000004,7.300000000000001,60.0,69.33,77.0,0.7,1020.9,12.33,8.28
2009-10-17,6,76.62464907990397,52.331297553350815,15.0,13.0,18.23,22.4,23.8,7.399999999999999,10.8,65.0,69.0,74.0,0.0,1018.07,12.33,5.148
2009-10-18,6,75.06543856139835,56.56474493759589,18.0,15.7,19.9,22.9,23.4,4.899999999999999,7.699999999999999,59.0,76.33,86.0,0.2,1015.37,15.33,10.8
2009-10-19,8,89.94361113121232,58.56701642554286,17.5,15.9,21.93,27.3,28.3,9.8,12.4,60.0,76.0,91.0,0.0,1011.87,10.67,5.867999999999999
2009-10-20,10,83.60971495830407,61.46585183315201,20.9,17.3,22.57,25.8,26.8,4.900000000000002,9.5,50.0,72.0,84.0,0.0,1011.6,19.67,6.732
2009-10-21,6,78.32612003795202,53.26815045102099,17.4,14.0,20.4,24.4,24.8,7.0,10.8,53.0,71.0,86.0,0.0,1013.3,17.0,8.28
2009-10-22,9,74.74990977075647,61.647629388852664,18.2,17.5,20.2,22.9,23.4,4.699999999999999,5.899999999999999,68.0,78.33,85.0,0.2,1011.8,14.0,7.668
2009-10-23,10,93.38632643660813,56.67150170174208,18.1,14.9,22.27,28.4,29.8,10.299999999999997,14.9,47.0,68.0,81.0,0.0,1011.37,15.33,5.04
2009-10-24,5,76.318385902528,63.06174252262158,17.6,17.5,20.67,23.0,24.4,5.399999999999999,6.899999999999999,81.0,86.0,95.0,37.4,1007.13,13.67,3.8520000000000003
2009-10-25,8,72.25641778124808,54.645093824963716,17.4,14.9,18.93,21.1,21.8,3.700000000000003,6.9,65.0,78.0,95.0,6.3,1014.13,13.67,10.8
2009-10-26,4,76.64877435798417,55.344664740303415,17.3,14.9,20.03,23.8,24.2,6.5,9.299999999999999,56.0,77.0,90.0,2.0,1014.6,21.33,8.388
2009-10-27,8,76.2936105820138,42.79876353433691,15.4,10.0,18.27,22.2,22.8,6.799999999999999,12.8,54.0,61.33,68.0,0.0,1018.8,12.33,11.052
2009-10-28,11,86.05602448719999,53.02195622476396,16.8,13.8,21.67,27.6,28.0,10.8,14.2,54.0,65.0,75.0,0.0,1016.93,23.0,7.668
2009-10-29,4,105.84870764842232,57.124855067910836,19.3,14.7,23.8,30.6,32.0,11.3,17.3,50.0,71.67,85.0,0.0,1014.77,18.0,3.492
2009-10-30,8,111.05530218960017,63.48103107819303,24.0,18.0,27.67,33.2,34.0,9.200000000000003,16.0,50.0,64.0,77.0,0.0,1010.07,25.67,5.508
2009-10-31,4,103.18245983689934,68.40355481404427,25.1,20.5,27.6,30.7,33.2,5.599999999999998,12.700000000000003,46.0,58.67,77.0,0.0,1009.83,12.33,8.892000000000001
2009-11-01,9,118.34471213894408,68.31094650625013,24.3,19.9,27.77,33.8,34.8,9.499999999999996,14.899999999999999,46.0,67.0,79.0,0.0,1010.1,12.33,3.9600000000000004
2009-11-02,13,124.11912868699997,65.90031812142439,24.1,19.5,27.9,35.0,35.6,10.899999999999999,16.1,51.0,67.67,79.0,0.0,1008.67,19.67,9.612
2009-11-03,14,87.48353895802451,69.50387320688239,22.8,21.4,24.67,27.4,27.6,4.599999999999998,6.200000000000003,65.0,77.67,87.0,1.9,1008.77,16.67,17.388
2009-11-04,5,103.5774296832076,65.2880418468763,21.8,19.3,24.57,28.1,30.4,6.300000000000001,11.099999999999998,70.0,82.67,94.0,4.4,1008.93,13.67,10.332
2009-11-05,1,83.30291950614401,71.60248514691766,23.0,21.9,23.8,24.6,26.2,1.6000000000000014,4.300000000000001,88.0,89.0,90.0,2.7,1010.73,13.67,9.612
2009-11-06,8,101.86535100160779,71.0876289331648,23.6,21.3,26.2,29.6,30.4,6.0,9.099999999999998,68.0,79.67,89.0,0.2,1008.17,7.67,5.04
2009-11-07,5,81.6957748761283,64.15494590620624,21.7,18.7,23.6,25.1,25.8,3.400000000000002,7.100000000000001,89.0,93.0,96.0,61.400000000000006,1003.57,10.67,8.892000000000001
2009-11-08,7,72.7385458375,57.957963510046966,17.1,16.1,19.57,22.4,22.5,5.299999999999997,6.399999999999999,59.0,80.0,96.0,21.5,1010.47,18.0,9.107999999999999
2009-11-09,7,88.16465203811175,57.369710302857236,17.4,15.7,22.0,27.2,28.2,9.8,12.5,60.0,71.0,81.0,0.0,1011.77,12.33,7.920000000000001
2009-11-10,4,72.40969737665206,64.03520198029847,19.6,18.5,20.9,22.2,22.3,2.599999999999998,3.8000000000000007,73.0,80.0,84.0,5.6,1011.6,14.0,7.452
2009-11-11,10,78.95691339087944,61.631590383796635,19.0,17.9,21.7,24.8,25.1,5.800000000000001,7.200000000000003,71.0,74.33,79.0,0.0,1013.37,14.0,11.879999999999999
2009-11-12,10,91.89075105539246,64.1638896615786,20.6,18.8,23.6,28.0,28.6,7.399999999999999,9.8,69.0,78.0,84.0,0.0,1011.6,12.33,9.972
2009-11-13,2,75.06840728825897,69.8513665610337,22.0,21.2,22.97,23.9,24.2,1.8999999999999986,3.0,88.0,90.67,95.0,26.0,1009.97,25.67,10.188
2009-11-14,6,73.52032836402806,68.58996308724849,21.7,20.5,22.17,23.0,23.7,1.3000000000000007,3.1999999999999993,85.0,89.67,92.0,41.8,1009.63,27.33,7.920000000000001
2009-11-15,4,78.37348235181415,66.14914618146707,22.0,19.5,22.77,23.8,25.0,1.8000000000000007,5.5,80.0,85.67,93.0,0.0,1011.8,12.33,8.388
2009-11-16,6,84.5154936305878,59.5508006290324,19.8,16.9,23.03,26.6,26.9,6.800000000000001,10.0,60.0,76.0,95.0,6.0,1014.7,12.33,10.332
2009-11-17,3,112.71626885960701,63.008137319732676,20.8,18.1,26.47,33.2,34.2,12.400000000000002,16.1,49.0,64.67,80.0,0.0,1010.87,17.0,7.812
2009-11-18,6,81.79063192418802,68.91277624538941,22.2,20.3,23.83,26.0,25.9,3.8000000000000007,5.599999999999998,77.0,86.0,93.0,29.7,1008.23,23.0,4.788
2009-11-19,5,116.85014113084817,65.61713301313762,21.4,19.1,23.0,26.0,31.8,4.600000000000001,12.7,75.0,88.0,97.0,23.4,1004.37,21.33,6.732
2009-11-20,7,72.07254780746801,65.06915142248447,20.2,18.7,20.93,22.0,22.9,1.8000000000000007,4.199999999999999,80.0,86.0,93.0,8.7,1013.67,18.33,5.508
2009-11-21,6,81.14213716432855,66.1630005007568,19.2,19.7,22.23,24.4,25.8,5.199999999999999,6.100000000000001,77.0,80.67,88.0,0.2,1013.73,12.33,10.8
2009-11-22,7,83.55813788814426,64.96549483927849,21.2,18.9,23.0,25.6,26.3,4.400000000000002,7.400000000000002,78.0,87.0,97.0,48.4,1007.1,24.33,7.452
2009-11-23,9,93.17196838299049,70.99724801561283,24.5,21.4,25.53,26.2,28.7,1.6999999999999993,7.300000000000001,76.0,80.33,87.0,0.0,1008.53,15.33,6.372
2009-11-24,7,100.69906734724903,71.92802336954583,22.4,22.0,25.07,29.4,29.6,7.0,7.600000000000001,75.0,86.33,92.0,0.6,1007.63,12.0,9.0
2009-11-25,10,127.93118192505597,73.86584436832763,23.8,22.8,27.5,33.4,34.4,9.599999999999998,11.599999999999998,56.0,79.0,91.0,0.2,1007.57,17.0,8.64
2009-11-26,7,100.83325085851234,74.84220230199459,26.8,23.1,28.27,29.2,30.9,2.3999999999999986,7.799999999999997,67.0,73.0,80.0,0.0,1008.9,20.0,6.732
2009-11-27,10,88.97273541778355,67.82645705120143,23.2,20.3,24.57,27.0,27.8,3.8000000000000007,7.5,72.0,80.33,86.0,0.0,1010.67,14.0,9.468
2009-11-28,9,81.69660701280009,67.33468068607627,21.5,20.3,23.17,25.0,25.9,3.5,5.599999999999998,78.0,84.33,90.0,3.1,1007.37,13.67,12.6
2009-11-29,12,101.47985874839499,66.04998128573223,22.8,19.3,26.07,30.4,31.1,7.599999999999998,11.8,60.0,72.33,86.0,0.0,1006.37,10.67,6.84
2009-11-30,8,83.37284773729392,71.51006443295493,23.0,21.6,24.27,26.0,26.4,3.0,4.799999999999997,75.0,81.33,92.0,1.8,1005.5,22.67,6.12
2009-12-01,6,86.58453184351804,65.3555500967402,22.0,19.3,24.43,27.1,27.8,5.100000000000001,8.5,63.0,70.33,79.0,1.8,1010.53,15.33,9.972
2009-12-02,6,94.14700790948795,65.57114887548559,21.6,19.3,23.63,25.9,28.7,4.299999999999997,9.399999999999999,73.0,83.0,94.0,13.6,1006.27,16.67,8.892000000000001
2009-12-03,10,88.17576985413278,65.1439775035825,22.0,19.5,23.67,26.2,27.6,4.199999999999999,8.100000000000001,71.0,80.67,91.0,1.5,1011.6,19.67,14.292000000000002
2009-12-04,11,76.33154280995893,56.01009270131373,19.8,15.6,20.77,22.7,22.9,2.8999999999999986,7.299999999999999,53.0,61.67,73.0,0.0,1015.93,16.67,12.132000000000001
2009-12-05,5,87.2193945441118,50.972519209185975,16.1,12.7,22.07,28.3,28.7,12.2,16.0,55.0,61.0,69.0,0.0,1014.37,12.33,6.48
2009-12-06,9,83.64324043183179,66.74740294350426,22.6,19.9,24.0,26.2,26.7,3.599999999999998,6.800000000000001,72.0,74.67,76.0,1.8,1009.87,22.67,10.188
2009-12-07,4,72.29041999583103,66.43055634747284,20.5,19.6,21.57,22.6,22.7,2.1000000000000014,3.099999999999998,74.0,83.33,88.0,0.3,1013.43,13.67,8.172
2009-12-08,10,71.50832710381954,61.941191994991755,20.1,18.1,20.4,20.9,21.3,0.7999999999999972,3.1999999999999993,74.0,78.67,83.0,1.7,1016.47,12.33,12.852
2009-12-09,4,84.19211805226993,60.15859495480265,19.7,17.3,22.77,26.4,27.0,6.699999999999999,9.7,65.0,71.67,76.0,0.0,1016.0,9.0,11.988000000000001
2009-12-10,6,100.35807062844422,66.58877774500976,21.4,19.7,25.0,30.0,30.7,8.600000000000001,11.0,63.0,74.0,81.0,0.0,1013.7,12.0,8.532
2009-12-11,9,74.8089896541879,72.1141614778521,22.5,22.0,23.07,23.6,24.1,1.1000000000000014,2.1000000000000014,85.0,90.0,94.0,23.0,1012.53,13.67,7.812
2009-12-12,6,71.39972767206432,61.843785497334395,18.8,17.9,21.07,22.6,23.2,3.8000000000000007,5.300000000000001,84.0,92.0,98.0,39.2,1005.03,19.67,10.8
2009-12-13,7,77.06748693862679,56.627435665939984,18.0,15.7,20.37,23.8,24.3,5.800000000000001,8.600000000000001,60.0,74.67,83.0,7.5,1013.23,17.0,10.548
2009-12-14,8,88.51903937516067,53.85516966984502,18.5,14.0,22.7,28.2,29.0,9.7,15.0,47.0,62.33,76.0,0.0,1013.53,9.0,6.732
2009-12-15,7,91.69203759252366,59.3105547166176,21.0,16.9,24.47,29.4,29.5,8.399999999999999,12.600000000000001,51.0,66.67,75.0,0.0,1013.8,22.67,11.412
2009-12-16,7,96.07207810257765,69.02659757118872,23.2,20.9,25.3,28.2,29.5,5.0,8.600000000000001,68.0,77.67,86.0,0.0,1013.63,14.0,10.908
2009-12-17,3,83.74316445615803,65.94436725831065,22.4,20.1,24.43,26.6,27.0,4.200000000000003,6.899999999999999,59.0,68.67,79.0,0.0,1015.6,14.0,20.412
2009-12-18,9,96.71853263247874,64.33587854796937,21.6,19.0,25.5,29.8,30.3,8.2,11.3,57.0,70.67,85.0,0.0,1016.57,10.67,11.628
2009-12-19,4,112.38901372164293,67.1053137967645,23.2,20.1,28.0,34.1,34.5,10.900000000000002,14.399999999999999,43.0,62.33,80.0,0.0,1015.63,10.67,10.908
2009-12-20,7,112.43464709588812,69.25017921295304,24.6,20.9,28.53,33.8,34.1,9.199999999999996,13.200000000000003,55.0,65.0,77.0,0.0,1012.0,27.33,9.468
2009-12-21,7,93.8719766765814,75.17133602856238,25.3,23.2,25.33,25.4,28.4,0.09999999999999787,5.199999999999999,85.0,86.67,89.0,1.7000000000000002,1012.23,18.33,6.12
2009-12-22,5,109.85071212543046,74.1325147791419,24.5,22.8,27.07,30.8,32.0,6.300000000000001,9.2,68.0,77.33,82.0,0.0,1014.77,11.0,6.84
2009-12-23,5,112.4786906498681,74.77646817580128,24.5,23.2,28.23,32.8,33.2,8.299999999999997,10.000000000000004,61.0,71.33,80.0,0.0,1013.53,10.67,8.892000000000001
2009-12-24,5,96.47345100174401,74.96614307331356,24.8,23.2,25.7,26.5,28.7,1.6999999999999993,5.5,84.0,89.0,95.0,48.800000000000004,1010.5,11.0,7.452
2009-12-25,8,112.22647872833944,73.39891813356789,25.6,22.1,27.53,31.0,31.9,5.399999999999999,9.799999999999997,65.0,81.33,90.0,0.0,1009.77,13.67,3.24
2009-12-26,12,117.36251486034749,74.41415218010289,25.6,22.8,28.2,32.4,32.9,6.799999999999997,10.099999999999998,65.0,79.33,87.0,0.0,1006.7,21.33,5.292
2009-12-27,3,104.32164628719997,76.68399676801823,26.6,23.7,28.27,31.0,31.0,4.399999999999999,7.300000000000001,68.0,78.0,85.0,1.9,1005.0,20.0,4.068
2009-12-28,9,117.63628485445403,73.80327699958856,26.2,22.7,28.13,32.0,33.7,5.800000000000001,11.000000000000004,59.0,73.67,85.0,0.0,1003.57,22.67,7.452
2009-12-29,11,118.68640738106794,74.35301975172564,26.5,22.5,29.5,34.0,34.7,7.5,12.200000000000003,46.0,68.0,82.0,0.0,1004.87,19.67,2.988
2009-12-30,10,115.34861633988396,76.9920862103441,26.7,24.2,29.4,33.0,33.3,6.300000000000001,9.099999999999998,57.0,74.0,84.0,0.0,1005.37,15.0,10.44
2009-12-31,4,86.36415484137797,64.32100798533654,24.6,19.1,25.73,27.6,28.2,3.0,9.099999999999998,53.0,63.67,81.0,1.0,1014.57,12.33,13.212
2010-01-01,8,96.55012227523449,64.8630473908459,21.6,19.0,25.6,30.2,30.8,8.599999999999998,11.8,55.0,65.67,72.0,0.0,1014.3,10.67,8.892000000000001
2010-01-02,6,100.5768841011042,68.92601511576368,24.2,20.4,27.1,30.6,31.3,6.400000000000002,10.900000000000002,60.0,69.0,76.0,0.0,1013.07,16.67,5.508
2010-01-03,7,110.60694465558416,69.95257315442159,24.6,21.3,27.73,32.6,33.2,8.0,11.900000000000002,59.0,69.0,74.0,0.0,1013.57,12.33,11.16
2010-01-04,8,85.9284919998936,74.99283664637221,24.0,23.0,25.47,26.4,26.8,2.3999999999999986,3.8000000000000007,79.0,87.67,95.0,22.0,1012.57,15.33,4.680000000000001
2010-01-05,3,112.58554126479365,74.60310338092285,24.2,22.8,27.0,30.8,31.8,6.600000000000001,9.0,69.0,82.67,93.0,2.6,1007.07,24.33,4.428
2010-01-06,7,99.21158083553657,75.14216471700243,26.2,23.1,27.1,27.6,29.6,1.4000000000000021,6.5,80.0,83.33,85.0,0.0,1005.63,27.33,5.04
2010-01-07,13,76.90802431478792,67.77045877131351,21.7,20.4,22.97,23.8,24.4,2.1000000000000014,4.0,68.0,79.67,93.0,32.5,1012.8,17.0,11.268
2010-01-08,8,95.63581612233827,65.61077651829882,21.6,19.2,25.1,29.7,30.3,8.099999999999998,11.100000000000001,61.0,68.33,72.0,0.0,1014.53,10.67,7.668
2010-01-09,3,103.70810562160008,73.63038037048052,24.2,22.7,26.27,30.4,31.0,6.199999999999999,8.3,63.0,77.0,88.0,0.0,1010.8,15.33,8.64
2010-01-10,3,109.52401746918427,75.46091738297045,25.4,23.3,27.4,30.0,31.2,4.600000000000001,7.899999999999999,74.0,84.0,92.0,0.0,1008.1,23.0,5.760000000000001
2010-01-11,9,107.63307561091077,76.26196093068249,24.2,23.7,27.1,31.3,31.3,7.100000000000001,7.600000000000001,63.0,80.33,90.0,1.5999999999999999,1009.6,16.67,6.48
2010-01-12,11,109.29591808007608,73.98187943396142,25.5,22.7,28.37,31.2,32.4,5.699999999999999,9.7,68.0,73.33,83.0,0.0,1006.5,16.67,6.372
2010-01-13,6,80.26606869481596,70.55144450495925,22.6,21.4,24.27,25.2,25.6,2.599999999999998,4.200000000000003,63.0,74.0,84.0,1.2,1011.3,22.67,8.748000000000001
2010-01-14,6,97.28535748297614,62.62078493717704,21.8,17.3,25.1,30.3,30.6,8.5,13.3,46.0,69.0,84.0,0.0,1013.97,21.33,3.8520000000000003
2010-01-15,5,88.60954079316573,62.21193884223297,23.4,17.8,25.6,29.0,29.6,5.600000000000001,11.8,40.0,56.33,65.0,0.0,1018.03,12.33,8.172
2010-01-16,4,96.75201551471017,67.66080980349776,23.0,20.3,26.07,30.0,31.0,7.0,10.7,59.0,64.33,67.0,0.0,1014.37,11.0,10.44
2010-01-17,6,112.84060146524828,69.9082581098767,22.4,20.9,25.8,29.8,31.8,7.400000000000002,10.900000000000002,71.0,83.0,96.0,26.799999999999997,1013.3,22.67,6.12
2010-01-18,6,114.68810644205126,70.89950138177804,26.1,21.4,28.77,33.0,33.8,6.899999999999999,12.399999999999999,59.0,69.67,76.0,0.0,1012.47,11.0,6.84
2010-01-19,2,85.75711598233563,73.23838545985781,24.0,22.6,25.0,26.4,26.7,2.3999999999999986,4.099999999999998,79.0,89.67,97.0,45.400000000000006,1009.17,20.0,9.828
2010-01-20,8,87.79997907919623,72.21911399782337,24.2,21.9,25.33,27.6,27.9,3.400000000000002,6.0,61.0,74.0,92.0,1.5,1007.9,21.33,6.012
2010-01-21,6,87.73477450025099,64.92525281647336,22.2,18.8,23.93,27.4,27.8,5.199999999999999,9.0,61.0,75.33,84.0,2.0,1013.77,15.33,6.732
2010-01-22,9,89.67289309780068,67.02387470596642,22.6,20.0,24.97,27.5,28.4,4.899999999999999,8.399999999999999,65.0,73.67,84.0,0.0,1014.53,14.0,9.972
2010-01-23,10,90.36838948212406,64.92008395508047,22.8,19.3,25.17,28.0,28.7,5.199999999999999,9.399999999999999,62.0,72.0,79.0,0.0,1015.3,10.67,12.492
2010-01-24,9,97.67936677611782,71.20208467141629,24.4,21.8,26.5,29.9,30.3,5.5,8.5,62.0,72.67,78.0,0.0,1014.67,10.67,10.8
2010-01-25,12,105.8579449390306,71.23596075260295,24.5,21.7,27.47,31.6,31.8,7.100000000000001,10.100000000000001,58.0,73.33,85.0,0.0,1013.5,14.0,8.892000000000001
2010-01-26,7,103.17611437292818,73.86584436832763,25.2,22.8,26.33,28.0,30.8,2.8000000000000007,8.0,71.0,78.0,82.0,0.0,1013.8,14.0,8.64
2010-01-27,5,96.10406784049033,73.84793236583633,25.0,22.5,26.37,28.9,29.2,3.8999999999999986,6.699999999999999,73.0,81.33,87.0,18.5,1011.3,12.33,4.788
2010-01-28,8,94.9523775133043,71.7936406576091,24.4,21.7,24.83,25.4,28.4,1.0,6.699999999999999,88.0,89.67,91.0,8.8,1009.33,17.0,5.867999999999999
2010-01-29,5,113.71796872312561,69.95657202074483,24.7,20.7,26.47,29.4,32.2,4.699999999999999,11.500000000000004,70.0,80.67,90.0,0.0,1009.13,16.67,4.32
2010-01-30,8,127.2617386946078,72.74637792388083,25.4,21.8,29.03,34.1,34.9,8.700000000000003,13.099999999999998,58.0,75.0,92.0,3.7,1010.5,12.33,3.24
2010-01-31,15,129.11781390000002,73.23662747884043,25.9,22.3,28.93,34.4,35.0,8.5,12.7,58.0,76.0,87.0,7.1,1012.3,8.0,5.508
2010-02-01,11,124.2693502960754,75.72060348865419,27.6,23.6,30.27,34.9,35.3,7.299999999999997,11.699999999999996,57.0,69.67,82.0,0.0,1011.37,26.0,8.892000000000001
2010-02-02,8,133.69120439873586,78.01729594997808,26.6,24.5,30.67,36.0,36.7,9.399999999999999,12.200000000000003,52.0,69.33,86.0,0.2,1010.43,26.0,7.2
2010-02-03,12,133.8086847113367,85.83942440523666,29.8,27.9,33.27,38.1,38.9,8.3,11.0,42.0,57.67,74.0,0.0,1007.17,28.67,10.8
2010-02-04,23,118.76649872609886,80.11400438123046,32.5,25.4,34.43,36.5,37.8,4.0,12.399999999999999,48.0,50.33,54.0,0.0,1007.5,21.33,7.092
2010-02-05,14,140.26711040369213,79.96567162963922,25.4,25.3,30.07,35.8,36.1,10.399999999999999,10.8,60.0,78.0,94.0,11.6,1010.57,9.33,6.228
2010-02-06,15,130.32277672130485,77.67409871207049,26.0,24.3,30.17,35.5,35.9,9.5,11.599999999999998,59.0,71.33,86.0,0.6,1008.27,25.67,6.228
2010-02-07,11,149.54217923920027,81.95971515660094,28.3,26.1,32.4,37.7,39.0,9.400000000000002,12.899999999999999,50.0,68.0,79.0,0.0,1008.37,22.67,4.428
2010-02-08,11,100.88286339092822,75.45981872045695,24.3,23.5,27.03,30.0,30.1,5.699999999999999,6.600000000000001,66.0,81.0,96.0,32.8,1007.8,24.33,9.107999999999999
2010-02-09,7,107.92506811529428,73.14717205235343,24.8,22.4,27.27,31.8,32.0,7.0,9.600000000000001,54.0,74.67,90.0,0.0,1007.87,22.67,7.2
2010-02-10,5,113.84743318372013,70.46000521798035,25.0,21.3,28.73,33.5,34.0,8.5,12.7,58.0,67.33,73.0,0.0,1007.47,24.33,7.920000000000001
2010-02-11,10,124.34545104700359,75.99533596310172,25.4,23.6,28.5,33.5,34.3,8.100000000000001,10.699999999999996,57.0,76.33,89.0,0.0,1009.6,24.0,6.732
2010-02-12,12,120.31593928574277,76.38916552548103,27.9,23.7,30.13,33.8,34.7,5.899999999999999,11.000000000000004,59.0,69.67,82.0,0.0,1012.7,20.0,5.652
2010-02-13,7,117.13991582271903,76.19599710186867,27.8,23.7,30.03,34.0,34.5,6.199999999999999,10.8,55.0,67.67,77.0,0.0,1011.67,26.0,6.9479999999999995
2010-02-14,3,96.72722747226946,77.2825210584908,26.2,24.1,26.93,27.8,30.2,1.6000000000000014,6.099999999999998,62.0,71.67,78.0,0.2,1010.93,21.0,5.760000000000001
2010-02-15,6,85.64204686291018,74.74523347864485,24.0,22.9,25.27,26.6,26.6,2.6000000000000014,3.700000000000003,89.0,92.33,95.0,31.7,1009.43,21.33,4.788
2010-02-16,5,81.56571920147212,66.5663152278376,22.6,19.9,23.2,23.8,25.8,1.1999999999999993,5.900000000000002,84.0,90.0,93.0,8.0,1007.67,19.67,11.268
2010-02-17,6,87.25905388208417,67.03738843076218,20.6,19.9,23.43,27.2,27.6,6.599999999999998,7.700000000000003,58.0,76.67,90.0,0.2,1014.6,14.0,8.64
2010-02-18,5,96.87482044379203,65.11721800970788,22.2,19.2,25.57,29.3,30.3,7.100000000000001,11.100000000000001,60.0,71.0,80.0,0.0,1017.5,11.0,9.972
2010-02-19,4,110.7730218685122,67.2426606304237,23.7,19.9,27.47,33.0,33.8,9.3,13.899999999999999,49.0,65.0,79.0,0.0,1016.77,15.33,7.668
2010-02-20,7,121.64556656699196,73.61099337593674,26.0,22.6,28.97,34.3,34.7,8.299999999999997,12.100000000000001,53.0,71.0,86.0,0.0,1013.97,26.0,7.2
2010-02-21,5,127.36675813297201,76.90366911973949,28.6,24.0,30.93,35.1,35.7,6.5,11.700000000000003,56.0,70.0,82.0,0.0,1011.17,17.0,6.84
2010-02-22,5,124.6592410283242,77.16943260892126,24.7,24.0,27.67,32.2,33.6,7.5000000000000036,9.600000000000001,62.0,81.67,94.0,16.900000000000002,1009.53,20.0,5.04
2010-02-23,7,105.69996988218784,76.93825983635105,27.8,24.1,28.77,29.5,31.2,1.6999999999999993,7.099999999999998,71.0,78.33,85.0,2.6,1005.67,22.67,8.532
2010-02-24,8,80.01096437731984,67.15472327007502,22.3,20.0,24.1,25.3,25.5,3.0,5.5,54.0,74.67,92.0,6.1,1012.6,15.33,9.251999999999999
2010-02-25,2,79.43952612796788,58.378139132201504,20.9,16.5,22.37,24.8,25.4,3.900000000000002,8.899999999999999,55.0,61.0,64.0,0.0,1018.93,18.0,11.268
2010-02-26,5,83.80350979247979,53.10426088728338,19.6,13.8,21.73,25.8,27.2,6.199999999999999,13.399999999999999,58.0,65.33,69.0,0.0,1018.47,10.67,7.452
2010-02-27,10,98.32142782502802,60.1143285464234,20.4,17.0,24.37,29.2,30.9,8.8,13.899999999999999,55.0,68.33,78.0,0.0,1016.33,14.0,9.0
2010-02-28,5,93.50425045245635,64.80993841205597,22.8,19.1,25.53,29.3,29.7,6.5,10.599999999999998,52.0,69.33,82.0,0.0,1017.37,14.0,10.332
2010-03-01,5,95.61309538421021,65.4751632141204,23.2,19.3,26.03,30.0,30.4,6.800000000000001,11.099999999999998,52.0,67.33,77.0,0.0,1017.77,10.67,9.360000000000001
2010-03-02,4,100.60788969216647,65.09653530709753,23.6,19.2,26.7,31.1,32.0,7.5,12.8,46.0,63.33,78.0,0.0,1016.43,9.33,10.08
2010-03-03,7,97.03980593100826,65.75351897797955,24.0,19.2,26.9,31.4,31.8,7.399999999999999,12.600000000000001,40.0,58.33,72.0,0.0,1015.5,9.33,7.092
2010-03-04,9,102.5093432968001,72.49159265011033,24.2,22.3,26.33,29.5,31.0,5.300000000000001,8.7,64.0,75.0,83.0,0.0,1015.93,14.0,10.08
2010-03-05,4,103.95376323833204,68.12796045663656,25.0,20.4,25.97,27.0,32.1,2.0,11.700000000000003,60.0,68.0,79.0,0.2,1014.33,22.67,9.107999999999999
2010-03-06,4,102.58730689878396,66.169669736988,21.6,19.1,25.07,30.3,30.8,8.7,11.7,56.0,77.0,92.0,0.0,1012.4,18.0,4.932
2010-03-07,5,89.05843056237863,65.5765031079202,21.9,19.2,23.87,26.3,27.6,4.400000000000002,8.400000000000002,79.0,84.33,94.0,1.9,1011.53,19.67,7.812
2010-03-08,5,93.6700317862182,69.97578326824548,23.0,21.0,24.5,27.2,28.2,4.199999999999999,7.199999999999999,81.0,89.33,94.0,4.0,1009.8,11.0,6.84
2010-03-09,4,81.47735433772824,71.0536835710704,23.2,21.8,24.0,24.6,25.8,1.4000000000000021,4.0,83.0,88.0,92.0,5.7,1010.83,20.0,11.988000000000001
2010-03-10,5,101.30667954823598,71.85801928828843,23.7,21.6,25.73,29.6,29.9,5.900000000000002,8.299999999999997,62.0,84.0,96.0,12.8,1009.27,13.67,4.680000000000001
2010-03-11,9,102.3295348329941,72.15274658117,23.3,21.8,25.43,28.2,30.1,4.899999999999999,8.3,69.0,83.67,93.0,2.0,1007.53,22.67,5.292
2010-03-12,7,90.5909045853761,68.59020609794669,23.4,20.4,25.4,28.6,28.6,5.200000000000003,8.200000000000003,55.0,74.0,90.0,1.2,1008.53,21.0,6.84
2010-03-13,8,87.57695392748987,67.69913619771063,22.3,19.3,24.37,27.2,27.7,4.899999999999999,8.399999999999999,66.0,76.33,82.0,0.0,1008.7,10.67,2.52
2010-03-14,3,91.15159412033228,67.96854737225806,22.2,19.9,24.63,28.2,28.3,6.0,8.400000000000002,64.0,80.0,90.0,1.8,1007.53,12.33,4.932
2010-03-15,7,87.71964763745495,67.46941923481076,22.2,19.6,24.9,27.0,27.9,4.800000000000001,8.299999999999997,58.0,73.67,89.0,0.0,1012.4,6.33,4.428
2010-03-16,8,84.74763131974674,53.72756214219426,19.7,13.3,22.4,27.7,28.0,8.0,14.7,37.0,58.67,72.0,0.0,1020.1,7.67,3.9600000000000004
2010-03-17,4,95.60541602044607,57.6844822594065,19.5,15.8,24.07,30.3,30.8,10.8,15.0,49.0,63.67,75.0,0.0,1019.37,11.0,7.668
2010-03-18,7,105.82144189440021,64.72423805081507,23.2,18.6,26.5,32.4,33.0,9.2,14.399999999999999,45.0,64.0,81.0,0.0,1016.47,16.67,5.867999999999999
2010-03-19,3,111.21470511895062,66.13185345741475,23.3,19.0,26.9,32.8,33.4,9.499999999999996,14.399999999999999,56.0,68.33,75.0,0.0,1013.9,21.0,4.428
2010-03-20,7,104.17965895321791,68.57371234067844,22.2,20.0,26.4,29.8,30.8,7.600000000000001,10.8,64.0,79.67,96.0,36.8,1011.1,10.67,3.8520000000000003
2010-03-21,5,106.00604904965428,68.88660893629292,22.7,20.4,25.63,29.8,31.0,7.100000000000001,10.600000000000001,60.0,80.67,93.0,0.0,1007.4,16.67,5.652
2010-03-22,4,80.4634398092343,66.17285759341272,22.1,19.8,23.6,24.9,25.6,2.799999999999997,5.800000000000001,74.0,80.67,86.0,12.1,1003.87,22.67,12.24
2010-03-23,7,80.52481653107195,68.103005384115,21.8,20.2,23.73,25.4,25.6,3.599999999999998,5.400000000000002,75.0,83.0,91.0,0.1,1010.5,20.0,6.9479999999999995
2010-03-24,2,80.61354240221283,68.19954648967554,23.7,20.6,24.2,24.5,25.6,0.8000000000000007,5.0,78.0,86.67,91.0,0.0,1015.37,12.33,11.628
2010-03-25,6,79.47198394339752,68.40220314032902,20.8,20.2,22.53,24.1,25.3,3.3000000000000007,5.100000000000001,76.0,83.67,92.0,1.4,1019.83,10.67,5.760000000000001
2010-03-26,9,94.29150087195212,70.27742205614881,22.6,21.4,25.07,27.6,28.9,5.0,7.5,75.0,80.67,84.0,0.2,1018.77,14.0,10.548
2010-03-27,6,93.29406961338293,72.02717366350058,24.2,22.3,25.53,27.8,28.7,3.6000000000000014,6.399999999999999,69.0,80.67,88.0,0.1,1017.37,14.0,14.292000000000002
2010-03-28,4,76.49959908868443,69.76234633694214,22.8,21.2,23.33,24.0,24.6,1.1999999999999993,3.400000000000002,86.0,91.33,96.0,21.6,1015.2,12.33,10.8
2010-03-29,5,82.63880444793114,67.78302956508355,21.4,20.0,22.97,25.7,26.1,4.300000000000001,6.100000000000001,73.0,86.33,95.0,1.2000000000000002,1014.27,14.0,6.372
2010-03-30,8,96.00950741516063,65.63921155866214,20.7,18.3,23.33,27.7,29.0,7.0,10.7,64.0,83.67,98.0,0.0,1015.23,6.0,2.4120000000000004
2010-03-31,4,94.74147392183585,62.240823349488956,21.0,17.0,23.77,28.5,29.4,7.5,12.399999999999999,55.0,75.67,87.0,0.0,1015.23,16.67,3.3480000000000003
2010-04-01,4,111.95266400596289,63.94934940013219,21.8,18.0,25.7,32.3,32.8,10.499999999999996,14.799999999999997,54.0,73.67,86.0,0.0,1014.43,18.33,4.32
2010-04-02,12,118.07556502949248,68.40220314032902,24.8,20.2,28.17,33.5,34.2,8.7,14.000000000000004,46.0,70.67,83.0,0.0,1012.4,9.33,5.760000000000001
2010-04-03,7,98.96621233139389,67.49964952177768,24.2,20.0,26.0,29.2,30.6,5.0,10.600000000000001,68.0,72.33,80.0,0.0,1013.13,21.33,7.5600000000000005
2010-04-04,7,73.22528146180723,64.31282588498328,20.0,18.8,21.13,23.3,23.3,3.3000000000000007,4.5,78.0,85.33,93.0,3.4,1019.97,16.67,9.251999999999999
2010-04-05,6,77.32388183291208,58.59145067442787,18.4,16.3,20.47,23.7,24.3,5.300000000000001,8.0,46.0,71.0,85.0,0.8,1022.33,20.0,8.532
2010-04-06,7,77.20632696019202,49.77728359815115,18.5,13.0,20.3,23.7,24.2,5.199999999999999,11.2,54.0,70.0,80.0,1.4,1023.3,15.33,11.879999999999999
2010-04-07,3,75.64972634794725,53.5180591807986,17.0,13.0,18.77,21.5,24.0,4.5,11.0,79.0,81.67,84.0,1.2,1022.17,27.33,3.3480000000000003
2010-04-08,8,79.21274475302815,53.54863356988253,16.8,13.8,19.77,25.0,25.2,8.2,11.399999999999999,45.0,72.67,92.0,0.1,1023.67,12.33,6.372
2010-04-09,6,78.65063950000024,52.886998167893616,17.7,13.6,19.87,23.4,25.0,5.699999999999999,11.4,60.0,77.0,89.0,0.0,1024.33,21.33,6.84
2010-04-10,8,82.35594856745927,50.740418395231494,17.6,12.5,20.4,25.6,26.3,8.0,13.8,59.0,74.67,87.0,0.0,1024.4,12.33,6.012
2010-04-11,2,87.2353530234522,55.72083067689779,19.0,14.7,22.13,28.1,28.3,9.100000000000001,13.600000000000001,47.0,66.0,76.0,0.0,1020.67,10.67,6.12
2010-04-12,7,89.97805804130788,62.72293824986164,20.1,16.3,23.07,28.3,29.1,8.2,12.8,48.0,66.0,77.0,0.0,1019.23,1.67,1.1880000000000002
2010-04-13,6,93.20178976320332,66.19618870829285,22.3,19.5,24.8,29.8,30.3,7.5,10.8,44.0,62.67,79.0,0.0,1018.57,26.0,8.172
2010-04-14,7,97.08390297773947,64.64518019119097,21.8,18.6,25.1,30.2,30.7,8.399999999999999,12.099999999999998,48.0,67.67,79.0,0.0,1018.97,27.33,6.12
2010-04-15,6,77.38441762992072,63.55940530522506,20.3,18.0,22.2,24.4,24.5,4.099999999999998,6.5,75.0,76.67,79.0,0.0,1015.4,10.67,5.292
2010-04-16,9,77.44838495315204,49.50561941889642,16.7,12.9,19.83,23.9,24.2,7.199999999999999,11.299999999999999,51.0,66.0,75.0,0.0,1015.1,30.33,11.988000000000001
2010-04-17,4,92.18056565395283,50.825694985652184,16.4,11.9,21.03,28.6,29.2,12.200000000000003,17.299999999999997,53.0,71.33,85.0,0.0,1016.0,24.33,3.708
2010-04-18,9,111.32370259900806,64.11269949235528,22.2,18.0,25.43,31.2,32.4,9.0,14.399999999999999,54.0,76.0,87.0,0.0,1016.47,16.67,3.9600000000000004
2010-04-19,6,102.25307182835198,66.91162263953204,24.3,19.7,27.43,32.0,32.4,7.699999999999999,12.7,49.0,63.0,75.0,0.0,1012.8,14.0,7.092
2010-04-20,9,83.66473018585593,66.27819819285116,20.8,19.3,22.87,26.1,26.4,5.300000000000001,7.099999999999998,73.0,84.0,91.0,9.4,1008.67,18.33,6.012
2010-04-21,5,76.65651549378514,66.38379070139925,19.6,18.2,20.97,23.2,24.6,3.599999999999998,6.400000000000002,80.0,89.67,95.0,1.1,1010.73,12.0,1.332
2010-04-22,10,69.26929730915182,61.626686277999646,20.9,16.9,21.5,22.2,22.6,1.3000000000000007,5.700000000000003,92.0,93.0,94.0,6.2,1010.0,21.33,4.068
2010-04-23,6,65.51410022128034,59.18785589044733,16.7,15.6,17.83,19.1,19.2,2.400000000000002,3.5999999999999996,81.0,88.33,96.0,17.0,1018.63,18.33,3.3480000000000003
2010-04-24,8,70.75903247439977,55.770015553022354,15.6,15.0,18.2,21.8,22.0,6.200000000000001,7.0,76.0,84.0,88.0,1.6,1018.67,10.67,7.812
2010-04-25,3,73.1330697451741,61.95869262112326,19.0,17.2,20.37,22.8,23.7,3.8000000000000007,6.5,87.0,91.67,97.0,3.2,1015.53,10.67,4.788
2010-04-26,8,65.74344536876782,64.33365986150764,19.4,18.1,19.83,20.5,21.6,1.1000000000000014,3.5,91.0,95.0,98.0,19.4,1009.8,18.33,3.9600000000000004
2010-04-27,3,72.97824667816197,52.409794800270646,16.4,13.2,18.8,21.7,21.8,5.300000000000001,8.600000000000001,52.0,75.33,93.0,6.8,1016.5,24.33,5.867999999999999
2010-04-28,2,72.91062217388784,44.149368322840466,13.0,8.6,16.67,22.2,22.6,9.2,14.000000000000002,63.0,80.0,95.0,0.0,1020.8,6.33,3.132
2010-04-29,7,73.37284181715313,43.83213838625622,13.2,9.2,16.6,22.6,23.0,9.400000000000002,13.8,64.0,81.33,96.0,0.0,1021.83,9.0,5.04
2010-04-30,6,67.3096942907032,47.982278753507515,13.4,10.3,16.43,19.5,21.0,6.1,10.7,77.0,88.67,99.0,0.0,1020.17,12.33,2.988
2010-05-01,8,73.52872977402448,50.742615193536004,13.4,12.6,17.13,22.6,23.2,9.200000000000001,10.6,55.0,82.67,98.0,0.2,1017.83,27.33,6.48
2010-05-02,10,80.69945086154812,45.55202848355689,12.4,9.6,17.7,25.0,25.7,12.6,16.1,56.0,78.0,93.0,0.0,1016.17,24.33,3.9600000000000004
2010-05-03,9,80.4634398092343,55.34498477734198,15.0,14.0,19.73,25.3,25.6,10.3,11.600000000000001,65.0,80.67,95.0,0.0,1015.57,13.67,3.8520000000000003
2010-05-04,7,78.4971430462143,62.119785068800354,18.8,17.4,21.03,24.7,25.0,5.899999999999999,7.600000000000001,62.0,82.33,96.0,9.2,1012.37,22.67,5.508
2010-05-05,7,69.58562396279999,59.838262919781606,17.4,16.0,19.03,21.3,21.5,3.900000000000002,5.5,73.0,85.0,92.0,4.800000000000001,1013.53,32.0,3.708
2010-05-06,8,79.46994864972405,57.94212677951955,16.9,15.3,19.83,24.9,25.3,8.0,10.0,61.0,84.0,98.0,0.1,1014.0,12.0,4.32
2010-05-07,5,68.45849519334,57.05182841813939,17.4,14.7,18.63,20.1,20.9,2.700000000000003,6.199999999999999,81.0,85.67,92.0,0.0,1019.33,12.33,3.6
2010-05-08,6,73.04436540635348,53.802944437303964,15.7,14.7,17.43,19.0,19.5,3.3000000000000007,4.800000000000001,66.0,72.33,77.0,0.6,1021.13,21.0,12.24
2010-05-09,5,69.3718921620869,51.17308535447895,14.4,13.2,16.33,19.0,20.0,4.6,6.800000000000001,65.0,81.67,95.0,13.9,1024.23,19.67,8.892000000000001
2010-05-10,11,61.400440857842156,53.43373792313658,14.8,13.2,15.2,15.8,16.9,1.0,3.6999999999999993,93.0,93.67,95.0,5.6,1024.97,17.0,4.068
2010-05-11,4,61.85714342660813,52.93079899024053,14.8,13.3,15.37,16.1,17.3,1.3000000000000007,4.0,90.0,93.0,96.0,14.4,1022.1,21.33,5.292
2010-05-12,11,66.74076017331463,53.24318402704281,15.0,14.2,17.53,20.9,21.1,5.899999999999999,6.900000000000002,79.0,90.33,97.0,8.1,1017.87,10.67,9.828
2010-05-13,8,71.90430307607298,58.883200150708724,17.3,16.0,19.1,22.4,22.9,5.099999999999998,6.899999999999999,73.0,86.67,97.0,5.8999999999999995,1019.37,12.33,5.652
2010-05-14,7,72.70959567608116,48.562255117542335,13.7,11.0,17.73,22.7,23.0,9.0,12.0,63.0,84.33,96.0,0.1,1019.23,15.0,4.068
2010-05-15,13,80.4634398092343,53.352666585688944,15.2,13.4,19.47,25.2,25.6,10.0,12.200000000000001,58.0,80.67,94.0,0.0,1015.97,18.33,4.932
2010-05-16,6,64.03085204856036,49.679640051934385,15.4,13.0,17.37,18.9,19.1,3.4999999999999982,6.100000000000001,87.0,90.67,96.0,0.0,1017.8,13.67,12.24
2010-05-17,9,70.76339733513568,50.31338231034336,13.8,12.6,16.0,19.8,20.7,6.0,8.1,68.0,79.33,90.0,0.0,1019.8,13.67,7.452
2010-05-18,9,65.93682973136276,53.96468769349667,16.7,14.9,17.37,18.0,18.8,1.3000000000000007,3.9000000000000004,74.0,87.33,94.0,16.7,1014.1,9.0,13.68
2010-05-19,10,66.0893283595363,48.50551521372722,13.9,12.8,15.9,17.8,18.1,3.9000000000000004,5.300000000000001,75.0,87.0,94.0,11.100000000000001,1013.27,32.0,15.012
2010-05-20,8,65.66385435394525,51.89976271831323,14.2,13.4,15.73,17.8,18.0,3.6000000000000014,4.6,84.0,87.67,92.0,0.3,1015.5,32.0,8.172
2010-05-21,11,68.1060193265773,58.65636457612259,16.3,15.4,18.13,21.3,22.4,5.0,6.999999999999998,89.0,94.67,98.0,4.4,1020.9,26.0,3.492
2010-05-22,4,72.81607180630036,61.010783331626456,18.9,17.3,19.9,21.4,23.5,2.5,6.199999999999999,85.0,90.0,93.0,0.4,1020.37,12.33,8.28
2010-05-23,3,75.5654853004194,60.13160504187203,19.4,17.4,21.07,23.8,24.0,4.400000000000002,6.600000000000001,71.0,82.33,90.0,0.0,1018.1,12.33,13.428
2010-05-24,5,71.73589882843405,63.91891207799302,19.8,18.6,21.07,22.6,22.9,2.8000000000000007,4.299999999999997,83.0,87.33,91.0,0.0,1013.07,7.67,8.892000000000001
2010-05-25,5,69.1296252159932,55.844875770358826,17.3,15.4,19.37,20.8,21.1,3.5,5.700000000000001,66.0,84.67,95.0,15.3,1013.67,19.67,10.8
2010-05-26,3,69.84516119716048,50.00330918086564,14.1,12.4,16.57,19.4,19.7,5.299999999999999,7.299999999999999,71.0,80.33,91.0,0.0,1021.73,32.0,7.092
2010-05-27,8,64.1896123424043,54.12869657479271,14.2,13.2,16.7,20.1,20.6,5.900000000000002,7.400000000000002,92.0,93.67,95.0,1.2000000000000002,1026.57,13.67,3.132
2010-05-28,3,71.8861416633483,57.19917553737391,17.5,16.0,19.07,21.6,22.5,4.100000000000001,6.5,66.0,83.33,96.0,4.0,1025.03,9.0,11.16
2010-05-29,5,65.77589720876797,61.07551412472784,17.8,17.0,18.7,19.9,20.4,2.099999999999998,3.3999999999999986,80.0,90.0,96.0,0.2,1016.33,4.67,5.867999999999999
2010-05-30,7,71.51853250580803,55.62512451363688,18.4,15.1,19.47,21.2,21.9,2.8000000000000007,6.799999999999999,62.0,81.0,92.0,0.3,1010.37,15.0,9.0
2010-05-31,6,69.91559567291193,43.228683249236056,11.7,10.7,14.73,16.6,17.7,4.900000000000002,7.0,64.0,81.0,96.0,3.1,1020.93,29.0,15.371999999999998
2010-06-01,8,70.58560171872065,43.58705902809234,13.3,10.2,14.73,17.5,17.8,4.199999999999999,7.600000000000001,77.0,79.67,82.0,0.1,1027.73,21.33,10.188
2010-06-02,10,70.95966730010312,42.351696425323404,11.2,9.2,15.2,21.0,21.8,9.8,12.600000000000001,57.0,82.33,96.0,0.0,1025.87,12.33,7.5600000000000005
2010-06-03,6,73.16936756674143,45.840492881887066,12.7,11.0,16.77,22.2,22.9,9.5,11.899999999999999,68.0,81.33,93.0,0.0,1024.8,10.67,9.251999999999999
2010-06-04,5,69.26645059360007,57.17816735290392,17.2,15.8,18.53,20.8,21.0,3.6000000000000014,5.199999999999999,82.0,84.0,88.0,0.0,1019.87,19.67,9.360000000000001
2010-06-05,5,71.60964644070764,50.63328397664729,14.0,12.8,16.27,18.4,18.6,4.399999999999999,5.800000000000001,48.0,76.67,95.0,13.4,1018.4,25.67,7.812
2010-06-06,12,72.29907720224264,40.66571495362957,10.6,9.0,14.47,19.2,19.6,8.6,10.600000000000001,59.0,74.33,86.0,0.0,1021.3,26.0,10.332
2010-06-07,14,69.41416115324401,44.305364709372256,10.4,8.4,14.73,20.0,20.3,9.6,11.9,59.0,82.0,98.0,0.0,1020.63,18.0,2.628
2010-06-08,8,69.01007310729611,44.807997818156224,13.4,9.6,15.03,17.9,18.4,4.499999999999998,8.799999999999999,67.0,82.0,95.0,0.0,1025.6,18.0,4.932
2010-06-09,7,76.190842105516,40.47270717320687,11.4,9.3,13.87,16.2,16.3,4.799999999999999,7.0,61.0,72.33,82.0,0.0,1028.03,17.0,12.96
2010-06-10,3,69.27012402636785,36.427068710641365,11.0,6.9,12.93,16.6,16.8,5.600000000000001,9.9,75.0,83.33,90.0,0.0,1026.47,19.67,8.64
2010-06-11,9,71.4172488872635,43.434259465217636,13.8,10.6,15.53,19.0,19.2,5.199999999999999,8.6,61.0,76.67,85.0,3.2,1028.6,12.33,13.68
2010-06-12,3,73.08975682629672,45.05222344138691,12.8,11.3,15.97,20.0,20.7,7.199999999999999,9.399999999999999,56.0,72.33,87.0,0.0,1028.8,7.67,14.04
2010-06-13,12,70.91586514000001,48.1700004178689,13.5,12.0,16.0,19.3,20.0,5.800000000000001,8.0,71.0,78.0,89.0,1.1,1023.27,9.0,9.360000000000001
2010-06-14,6,72.7491837102078,47.71701094603871,12.5,10.4,16.3,21.9,22.3,9.399999999999999,11.9,61.0,78.67,92.0,0.0,1018.33,12.0,3.492
2010-06-15,8,80.11994665870014,52.39316122662711,14.4,12.4,18.57,25.0,25.5,10.6,13.1,61.0,80.0,94.0,0.0,1014.93,10.67,3.132
2010-06-16,8,63.863794587024955,59.44269946606514,17.7,16.2,18.37,19.2,19.6,1.5,3.400000000000002,84.0,91.67,96.0,4.2,1014.37,9.33,5.4
2010-06-17,6,63.868299246915996,57.04994245395208,16.8,15.3,17.67,18.8,19.4,2.0,4.099999999999998,81.0,91.33,98.0,59.8,1013.63,14.0,6.228
2010-06-18,10,76.034303582915,54.06150178970698,15.3,13.8,17.93,22.8,24.3,7.5,10.5,71.0,85.67,93.0,0.0,1014.37,7.67,5.292
2010-06-19,6,62.51903001325333,58.68601804116342,17.8,16.2,18.6,19.2,19.5,1.3999999999999986,3.3000000000000007,88.0,93.67,97.0,29.9,1007.27,27.33,7.452
2010-06-20,10,66.01228206827662,45.112346948096175,11.0,10.0,13.93,17.0,17.1,6.0,7.100000000000001,76.0,87.67,96.0,0.4,1013.03,22.67,5.867999999999999
2010-06-21,9,70.97166547698919,38.885514029961705,8.8,7.6,12.0,15.6,16.3,6.799999999999999,8.700000000000001,65.0,81.67,93.0,0.0,1017.6,23.0,7.092
2010-06-22,9,75.41382838862339,29.385894274368635,6.0,3.7,10.57,14.7,15.6,8.7,11.899999999999999,62.0,76.33,94.0,0.0,1021.77,27.33,7.812
2010-06-23,6,72.82513702382846,33.13320282741227,6.5,4.1,12.27,21.3,21.9,14.8,17.799999999999997,42.0,76.33,95.0,0.0,1019.43,10.67,4.212
2010-06-24,2,83.51358720370762,49.291935397049926,14.1,12.2,18.43,26.0,26.7,11.9,14.5,57.0,73.67,83.0,0.0,1015.23,16.67,7.668
2010-06-25,4,67.93442081836169,54.319462069608264,14.4,13.6,16.83,21.4,21.7,6.999999999999998,8.1,77.0,90.33,98.0,12.2,1021.17,13.67,4.068
2010-06-26,7,61.826213510398475,52.674084562090115,14.6,13.8,16.57,18.6,19.9,4.000000000000002,6.099999999999998,93.0,95.67,97.0,78.6,1021.67,9.33,8.64
2010-06-27,7,86.93731831000004,55.313555021837054,17.5,14.4,20.83,26.8,27.5,9.3,13.1,56.0,77.0,96.0,0.0,1015.77,26.0,5.508
2010-06-28,4,67.1407918711841,49.93282057986887,14.8,12.5,17.0,20.2,20.3,5.399999999999999,7.800000000000001,79.0,87.0,93.0,1.7000000000000002,1021.83,12.33,7.812
2010-06-29,12,68.93975518479596,44.390249990188835,13.0,10.0,14.87,18.4,19.1,5.399999999999999,9.100000000000001,79.0,82.0,86.0,0.0,1021.97,20.0,7.2
2010-06-30,6,73.7697747139619,52.407578047943176,14.4,12.0,17.1,22.2,23.7,7.799999999999999,11.7,73.0,88.33,98.0,0.0,1021.07,10.67,2.2680000000000002
2010-07-01,6,77.93610522361004,57.07959460017921,16.0,15.0,19.07,24.0,24.9,8.0,9.899999999999999,69.0,87.33,97.0,0.0,1020.53,9.33,4.680000000000001
2010-07-02,6,83.30161009547109,53.16964105642957,13.9,12.3,19.3,26.0,26.4,12.1,14.099999999999998,54.0,80.67,96.0,0.0,1020.2,4.67,2.16
2010-07-03,10,81.58349690083011,52.15345303747614,14.2,12.8,19.07,24.8,25.9,10.600000000000001,13.099999999999998,61.0,82.33,98.0,0.0,1020.07,16.67,4.680000000000001
2010-07-04,5,83.7185064628002,48.63412835226807,12.6,11.4,18.87,25.6,26.5,13.000000000000002,15.1,59.0,81.0,98.0,0.0,1019.23,13.67,5.292
2010-07-05,6,85.53160647862573,53.501463381335626,15.0,13.8,20.13,26.8,27.3,11.8,13.5,51.0,73.67,85.0,0.0,1017.33,21.33,6.48
2010-07-06,8,89.38184773712169,57.176312202226896,15.7,14.2,21.2,28.4,28.5,12.7,14.3,45.0,71.33,88.0,0.0,1015.83,4.67,2.16
2010-07-07,9,96.16671481380479,55.06321814328879,17.2,14.8,22.3,30.0,30.6,12.8,15.8,40.0,66.67,82.0,0.0,1011.8,13.67,8.532
2010-07-08,7,77.602086112732,43.567844626673654,16.0,10.6,19.9,24.2,24.3,8.2,13.700000000000001,53.0,66.0,83.0,0.0,1015.47,20.0,13.212
2010-07-09,9,66.50014858149646,42.479190878756434,11.6,9.2,13.4,14.6,15.4,3.0,6.200000000000001,78.0,89.33,95.0,19.9,1020.5,27.33,7.308
2010-07-10,12,62.85846264730155,50.87920983719262,13.4,12.3,15.0,16.6,17.7,3.200000000000001,5.399999999999999,83.0,91.67,97.0,0.0,1023.7,18.33,4.932
2010-07-11,9,84.35806078913195,50.16514195430223,14.2,12.4,18.33,25.6,26.7,11.400000000000002,14.299999999999999,60.0,80.0,93.0,0.0,1015.9,19.67,6.732
2010-07-12,7,66.5333749650743,40.187953912305794,15.4,9.0,17.17,20.2,20.8,4.799999999999999,11.8,81.0,89.67,96.0,34.5,1009.03,24.33,11.628
2010-07-13,12,82.66184475714698,29.107894744234923,5.9,4.5,8.87,10.9,14.2,5.0,9.7,45.0,68.33,92.0,6.8,1016.7,18.33,12.132000000000001
2010-07-14,14,87.85329919902745,25.266285056202808,6.4,2.8,8.8,12.3,13.0,5.9,10.2,52.0,63.67,70.0,0.0,1022.1,25.67,11.520000000000001
2010-07-15,9,81.069364968064,28.86623837742525,5.0,2.4,8.93,12.8,13.8,7.800000000000001,11.4,59.0,74.0,94.0,0.0,1028.9,19.67,4.680000000000001
2010-07-16,10,86.4000366801556,38.75502990885711,7.2,5.9,8.57,10.7,11.2,3.499999999999999,5.299999999999999,71.0,79.67,85.0,0.0,1034.37,22.67,2.7720000000000002
2010-07-17,7,64.15121582863836,40.50359514004014,9.3,8.7,11.7,13.8,14.0,4.5,5.300000000000001,92.0,94.33,98.0,6.3,1034.0,7.67,9.0
2010-07-18,13,60.740912376698205,49.04994244194403,13.4,12.6,14.17,14.7,15.6,1.299999999999999,3.0,94.0,95.33,96.0,25.799999999999997,1027.13,9.0,11.052
2010-07-19,12,62.85846264730155,38.91603126778745,11.8,8.8,14.77,17.2,17.7,5.399999999999999,8.899999999999999,84.0,91.67,96.0,21.4,1016.6,16.67,14.04
2010-07-20,12,76.72949592319051,35.12097412834127,8.4,6.7,11.33,15.4,16.0,7.0,9.3,57.0,72.33,85.0,6.0,1019.8,27.33,10.44
2010-07-21,13,74.66337117361107,46.39918080605386,9.5,8.6,14.93,23.7,23.9,14.2,15.299999999999999,75.0,86.67,98.0,1.1,1013.77,21.33,1.548
2010-07-22,9,65.03759053281367,48.53033762445372,11.2,10.1,13.9,17.6,17.7,6.400000000000002,7.6,84.0,88.67,97.0,38.8,1016.5,9.33,2.16
2010-07-23,13,71.2871007605208,39.99777471932859,8.5,6.8,11.53,15.4,16.7,6.9,9.899999999999999,61.0,80.33,95.0,0.0,1025.7,9.33,3.3480000000000003
2010-07-24,14,69.57501939705318,35.90208950371383,9.8,6.7,13.0,18.6,20.1,8.8,13.400000000000002,77.0,81.33,85.0,2.1,1024.63,17.0,8.748000000000001
2010-07-25,5,71.43844609658878,55.57769306880557,14.6,13.3,17.4,21.0,22.1,6.4,8.8,77.0,82.33,87.0,2.1,1015.3,9.0,1.9080000000000001
2010-07-26,14,75.61711736377492,36.53597710759793,9.2,7.7,12.73,14.8,15.4,5.600000000000001,7.7,58.0,76.67,93.0,5.3999999999999995,1022.6,28.67,13.068
2010-07-27,9,73.00036452376216,40.11620643736865,6.7,5.1,12.1,18.8,20.3,12.100000000000001,15.200000000000001,44.0,72.33,94.0,0.0,1024.7,7.67,1.1880000000000002
2010-07-28,12,78.96342056971484,49.308354759147036,11.6,11.3,15.97,24.3,25.1,12.700000000000001,13.8,64.0,73.67,88.0,0.0,1021.07,15.33,3.9600000000000004
2010-07-29,6,72.88962536726604,53.80163322828604,14.8,13.3,17.77,21.5,21.8,6.699999999999999,8.5,59.0,75.67,88.0,0.0,1020.57,10.67,3.8520000000000003
2010-07-30,10,86.2371610855645,58.686021854773614,15.2,14.3,18.8,26.0,27.1,10.8,12.8,63.0,81.67,93.0,0.0,1016.17,3.0,1.1880000000000002
2010-07-31,14,72.9795947100002,49.762620406845116,16.2,13.1,19.9,22.2,22.5,6.0,9.4,63.0,79.0,96.0,9.4,1009.87,15.33,12.852
2010-08-01,7,76.20955275577192,45.54897332117366,9.6,8.5,12.43,14.5,15.3,4.9,6.800000000000001,51.0,76.0,93.0,12.2,1018.8,1.67,1.9080000000000001
2010-08-02,4,82.13269978507077,34.89734847688041,7.0,5.6,9.87,13.0,13.5,6.0,7.9,62.0,73.67,80.0,0.0,1028.43,12.33,6.12
2010-08-03,8,80.46297896713598,34.28865155069305,6.7,5.3,8.6,12.2,13.4,5.499999999999999,8.100000000000001,63.0,77.0,86.0,0.0,1030.63,13.67,6.012
2010-08-04,8,78.4607414053561,30.73470019802192,6.0,2.7,8.57,12.3,12.9,6.300000000000001,10.2,75.0,82.0,86.0,0.0,1032.37,23.0,3.6
2010-08-05,13,69.29553722127235,45.110107745252165,10.0,9.4,11.27,13.6,14.2,3.5999999999999996,4.799999999999999,77.0,88.67,96.0,5.800000000000001,1030.7,15.33,3.9600000000000004
2010-08-06,5,67.92019739609339,40.34711860586479,10.1,8.7,12.53,16.6,17.7,6.500000000000002,9.0,66.0,84.33,96.0,0.0,1026.73,10.67,9.360000000000001
2010-08-07,13,67.21192563054402,42.31051929832443,9.2,7.4,12.2,15.8,16.3,6.600000000000001,8.9,76.0,87.0,94.0,0.0,1020.7,6.33,2.52
2010-08-08,11,67.91064696880018,66.59126,11.1,9.8,11.93,12.7,13.0,1.5999999999999996,3.1999999999999993,90.0,93.0,97.0,0.0,1019.33,0.0,0.0
2010-08-09,2,73.39842197373027,44.20835572948247,10.1,9.4,13.37,17.2,17.5,7.1,8.1,49.0,74.67,89.0,0.0,1024.53,16.67,5.148
2010-08-10,12,73.33503102698083,37.61248727707602,8.6,6.4,12.07,17.6,18.2,9.000000000000002,11.799999999999999,42.0,73.33,91.0,0.0,1027.73,22.67,4.932
2010-08-11,10,73.05863635510005,41.87517764102157,10.0,9.3,14.63,21.5,21.5,11.5,12.2,60.0,74.0,83.0,0.0,1028.0,12.33,9.107999999999999
2010-08-12,10,71.5108859906432,52.29430382329195,15.2,12.2,17.4,21.0,21.5,5.800000000000001,9.3,70.0,79.33,87.0,0.0,1013.83,6.0,2.7720000000000002
2010-08-13,13,68.68728185773695,45.69390289561201,11.8,11.4,14.97,19.6,20.1,7.800000000000001,8.700000000000001,78.0,83.33,93.0,11.0,1013.3,9.33,12.6
2010-08-14,9,82.47364962788663,42.61303307326918,9.3,9.0,10.83,11.8,12.3,2.5,3.3000000000000007,68.0,79.33,93.0,2.5,1025.7,27.33,6.228
2010-08-15,14,74.09329344161186,44.563598274188905,9.8,9.6,11.33,13.8,14.6,4.0,5.0,78.0,81.67,84.0,0.4,1028.6,24.0,5.292
2010-08-16,15,70.33986533678069,46.05039244962225,11.0,10.5,14.4,19.4,19.9,8.399999999999999,9.399999999999999,57.0,79.33,93.0,0.0,1027.87,18.33,6.228
2010-08-17,8,76.48849762531682,42.59214560315956,13.4,9.4,16.77,22.4,23.3,8.999999999999998,13.9,49.0,63.67,71.0,0.0,1025.07,7.67,8.028
2010-08-18,14,77.64279243271868,45.43831695812382,12.9,8.8,17.03,23.0,24.5,10.1,15.7,49.0,72.33,84.0,0.0,1021.83,6.0,2.4120000000000004
2010-08-19,11,76.2295353074881,49.28557628675087,14.0,10.8,17.97,23.3,23.8,9.3,13.0,54.0,73.0,87.0,0.0,1018.87,10.67,2.7720000000000002
2010-08-20,11,74.52459759231542,50.89688802027803,13.0,11.6,17.43,21.0,21.4,8.0,9.799999999999999,49.0,67.67,78.0,0.0,1020.57,7.67,2.8800000000000003
2010-08-21,15,80.58033066068799,44.26926642940795,11.4,8.0,16.57,24.6,25.9,13.200000000000001,17.9,56.0,65.0,79.0,0.0,1020.53,6.0,2.052
2010-08-22,10,100.22433688127497,54.56108782826913,15.4,13.3,21.03,29.7,30.3,14.299999999999999,17.0,51.0,77.67,98.0,0.0,1016.73,7.67,2.8800000000000003
2010-08-23,4,107.07385390355097,55.878677871126506,19.0,14.7,24.43,32.5,33.2,13.5,18.500000000000004,34.0,64.33,84.0,0.0,1011.73,33.33,5.760000000000001
2010-08-24,7,87.30470337048206,60.75507912085804,21.0,16.9,23.13,26.2,28.7,5.199999999999999,11.8,50.0,61.33,68.0,0.0,1009.6,22.67,6.12
2010-08-25,9,63.648481425974694,54.71517144850715,15.4,15.1,16.87,18.2,18.3,2.799999999999999,3.200000000000001,86.0,90.67,96.0,0.0,1015.7,12.33,12.492
2010-08-26,14,60.21464497052811,59.488875227145876,16.4,16.2,17.0,17.3,17.4,0.9000000000000021,1.1999999999999993,92.0,95.0,99.0,4.5,1014.9,16.67,5.292
2010-08-27,8,58.6107533559838,59.39729305001504,16.2,16.2,16.77,17.2,17.7,1.0,1.5,96.0,97.0,98.0,31.2,1015.63,9.0,5.508
2010-08-28,9,71.22426636833733,61.672475648812906,17.2,17.1,18.93,21.4,23.0,4.199999999999999,5.899999999999999,85.0,90.33,98.0,17.0,1014.1,9.33,4.932
2010-08-29,9,76.82468130790015,58.552314052170665,18.9,15.6,20.7,24.0,24.5,5.100000000000001,8.9,73.0,84.0,90.0,1.5,1016.33,10.67,4.428
2010-08-30,10,64.805350706704,53.071600914213185,15.4,13.9,16.07,17.2,17.7,1.799999999999999,3.799999999999999,87.0,89.0,92.0,0.0,1021.37,20.0,8.172
2010-08-31,10,91.3608975291761,59.42956902354169,16.8,16.5,20.9,27.2,28.3,10.399999999999999,11.8,63.0,80.67,92.0,0.0,1016.1,20.0,7.308
2010-09-01,10,73.45745960690805,60.1802089943824,19.6,17.0,20.93,22.7,22.9,3.099999999999998,5.899999999999999,72.0,80.0,92.0,0.0,1014.93,15.33,8.748000000000001
2010-09-02,7,61.96266675218831,62.053700638828325,18.2,17.2,18.7,19.6,20.1,1.4000000000000021,2.900000000000002,95.0,96.0,97.0,21.5,1019.3,9.33,4.572
2010-09-03,11,65.85174255428272,62.753305377498535,18.4,17.6,19.37,21.3,21.4,2.900000000000002,3.799999999999997,87.0,93.67,98.0,41.9,1017.8,6.33,5.04
2010-09-04,10,67.51506748919999,45.23530207780529,12.8,11.6,16.2,19.4,19.5,6.599999999999998,7.9,63.0,85.0,97.0,28.2,1013.83,18.0,16.308
2010-09-05,7,74.64746768199277,48.166271319830095,14.2,12.2,16.27,19.4,21.1,5.199999999999999,8.900000000000002,57.0,66.67,77.0,0.0,1021.6,28.67,10.8
2010-09-06,8,73.999566542688,45.462220604891456,14.6,9.6,17.03,21.3,21.4,6.700000000000001,11.799999999999999,53.0,70.0,80.0,0.0,1027.2,7.67,4.068
2010-09-07,8,71.12157246102396,47.36727754987571,12.7,10.8,16.27,22.0,22.2,9.3,11.399999999999999,64.0,84.0,99.0,0.0,1025.77,7.67,5.148
2010-09-08,8,75.03957960764973,51.390072112639075,16.1,13.1,18.83,22.8,23.3,6.699999999999999,10.200000000000001,58.0,75.33,88.0,0.0,1023.73,10.67,7.668
2010-09-09,9,80.67260009123203,51.15327787134609,16.2,13.5,19.8,25.0,25.8,8.8,12.3,54.0,71.0,83.0,0.0,1022.63,12.33,11.268
2010-09-10,9,82.02490655160958,52.78257209912129,16.9,13.2,19.8,25.6,26.5,8.700000000000003,13.3,47.0,65.67,77.0,0.0,1019.8,9.33,5.148
2010-09-11,8,65.57471510613803,58.874778467022566,17.4,15.9,18.07,19.2,19.3,1.8000000000000007,3.4000000000000004,81.0,88.33,96.0,12.2,1015.3,22.67,5.148
2010-09-12,10,60.149821622183495,57.41522437751011,16.0,15.9,16.7,17.9,18.1,1.8999999999999986,2.200000000000001,95.0,95.33,96.0,9.8,1015.63,15.33,9.360000000000001
2010-09-13,6,63.109314697481395,59.670303170154995,17.2,16.8,18.47,19.4,19.8,2.1999999999999993,3.0,88.0,93.33,96.0,34.1,1012.0,14.0,8.892000000000001
2010-09-14,8,73.16230116352156,55.48561157924274,18.0,16.2,19.07,20.0,20.9,2.0,4.699999999999999,59.0,72.33,94.0,0.0,1007.8,27.33,24.840000000000003
2010-09-15,6,74.6686525946404,46.07177716098913,14.2,11.8,16.87,20.2,20.6,6.0,8.8,50.0,66.33,82.0,0.0,1018.27,30.33,14.868
2010-09-16,4,75.63027085000016,47.85887463208798,15.2,11.4,18.0,22.2,22.5,7.0,11.1,51.0,65.0,76.0,0.0,1017.4,6.0,6.732
2010-09-17,11,71.43404973725103,49.14896817854256,16.2,12.5,18.1,20.6,21.1,4.400000000000002,8.600000000000001,68.0,78.33,86.0,0.0,1017.37,15.0,9.972
2010-09-18,11,74.71582036510323,42.717688851926646,13.6,9.7,15.8,18.6,19.8,5.000000000000002,10.100000000000001,55.0,66.67,73.0,0.0,1025.57,14.0,9.360000000000001
2010-09-19,11,77.63477495046416,44.243305047795616,13.6,10.2,17.93,23.7,24.2,10.1,14.0,48.0,62.0,76.0,0.0,1024.1,9.0,8.532
2010-09-20,9,86.90870445627614,48.90338306833627,17.0,11.8,20.43,27.0,28.3,10.0,16.5,50.0,64.67,74.0,0.0,1014.8,15.0,6.48
2010-09-21,6,69.94605027310004,63.47573992103735,18.6,18.6,19.77,21.2,21.5,2.599999999999998,2.8999999999999986,78.0,84.0,91.0,8.0,1010.03,22.67,11.052
2010-09-22,8,74.35332697110032,64.92558981374405,18.5,18.0,20.0,22.0,23.5,3.5,5.5,72.0,82.0,92.0,6.8,1011.0,19.67,2.52
2010-09-23,7,64.06915343164805,61.131151195874885,18.0,16.9,18.47,19.2,19.4,1.1999999999999993,2.5,88.0,91.0,93.0,0.8,1013.9,13.67,5.148
2010-09-24,8,66.86241977567909,56.720119600435176,16.8,15.2,17.73,19.0,21.0,2.1999999999999993,5.800000000000001,81.0,89.67,96.0,17.200000000000003,1016.37,14.0,6.48
2010-09-25,15,69.93318302199616,51.16971997223351,15.3,13.3,17.33,20.0,20.9,4.699999999999999,7.599999999999998,71.0,82.0,89.0,0.0,1016.23,10.67,9.612
2010-09-26,8,70.90480657067215,54.26364003805083,16.0,15.0,18.47,21.5,21.9,5.5,6.899999999999999,71.0,83.0,89.0,0.0,1014.8,12.33,13.428
2010-09-27,10,74.5271429948832,55.79035763264103,17.8,16.0,19.47,22.2,23.4,4.399999999999999,7.399999999999999,69.0,79.67,86.0,0.0,1012.9,10.67,18.720000000000002
2010-09-28,8,69.34870618112092,58.34013165835665,17.8,17.2,18.4,18.9,20.4,1.0999999999999979,3.1999999999999993,78.0,82.33,85.0,0.3,1010.73,12.33,22.428
2010-09-29,6,81.41279884253481,56.53825303743132,17.2,15.7,19.8,25.0,25.9,7.800000000000001,10.2,50.0,79.33,96.0,0.0,1008.47,26.0,10.908
2010-09-30,7,76.7582083762581,53.04114732892142,17.6,14.5,20.27,22.6,23.4,5.0,8.899999999999999,47.0,61.67,75.0,0.0,1011.87,27.0,13.428
2010-10-01,6,75.56570756082641,50.11584382729602,17.6,12.4,19.4,22.8,23.2,5.199999999999999,10.799999999999999,63.0,70.67,80.0,0.0,1015.33,9.33,6.84
2010-10-02,9,73.55769658788037,48.84869409692338,15.2,12.8,16.27,17.0,17.5,1.8000000000000007,4.699999999999999,63.0,74.33,81.0,0.0,1019.23,18.33,13.572000000000001
2010-10-03,5,73.51591373853378,40.62161519165669,12.8,8.4,15.43,20.1,20.4,7.300000000000001,11.999999999999998,49.0,70.67,84.0,0.0,1023.73,21.33,7.308
2010-10-04,12,75.78663951318426,52.3103404243226,13.5,12.8,17.5,22.3,23.2,8.8,10.399999999999999,62.0,69.0,74.0,0.0,1019.5,15.0,4.428
2010-10-05,5,83.049834006492,52.026236750667394,18.3,12.9,20.93,25.2,26.7,6.899999999999999,13.799999999999999,55.0,70.0,81.0,0.0,1016.7,16.67,5.292
2010-10-06,8,91.74420931086259,52.99520154030514,18.4,14.2,21.93,28.2,28.9,9.8,14.7,55.0,73.67,84.0,0.0,1012.93,10.67,10.692
2010-10-07,6,69.00844445368968,57.10136622107905,18.3,15.6,19.73,21.0,21.2,2.6999999999999993,5.6,75.0,85.33,95.0,13.1,1008.43,13.67,8.028
2010-10-08,12,67.11585901227485,53.06573644919962,15.6,14.2,16.47,18.2,21.3,2.5999999999999996,7.100000000000001,83.0,90.33,98.0,29.999999999999996,1012.7,22.67,10.44
2010-10-09,10,73.94257721024735,53.53451552182944,17.0,14.6,18.9,21.6,22.6,4.600000000000001,8.000000000000002,57.0,75.33,92.0,0.4,1024.7,15.33,12.348
2010-10-10,10,75.14227748319996,47.26144157443292,16.3,11.6,18.6,21.2,22.0,4.899999999999999,10.4,56.0,66.0,78.0,0.0,1022.53,12.33,9.251999999999999
2010-10-11,9,75.53420843719846,43.32942708826487,14.8,10.2,17.87,22.0,22.5,7.199999999999999,12.3,43.0,65.67,78.0,0.0,1025.2,15.33,10.908
2010-10-12,5,76.45735834796389,43.44675919310033,15.0,10.3,18.43,22.4,23.3,7.399999999999999,13.0,47.0,64.0,76.0,0.0,1023.47,12.33,11.268
2010-10-13,12,79.14827695619826,49.31273630416022,16.4,13.2,20.03,24.8,25.2,8.400000000000002,12.0,53.0,63.67,76.0,0.0,1019.57,10.67,15.840000000000002
2010-10-14,11,74.8128610981657,58.22768897617306,17.8,16.1,19.13,21.6,23.2,3.8000000000000007,7.099999999999998,72.0,75.67,81.0,1.4,1013.3,18.33,8.172
2010-10-15,10,83.56204109553379,60.356373216765135,19.6,16.3,22.03,26.1,26.5,6.5,10.2,66.0,79.67,87.0,0.0,1011.77,18.33,3.9600000000000004
2010-10-16,6,77.57068167058652,63.74068600190088,20.8,18.3,22.8,24.4,24.6,3.599999999999998,6.300000000000001,68.0,77.67,87.0,0.0,1014.67,16.67,6.84
2010-10-17,10,70.16380267151129,59.04732388948574,18.0,16.7,18.63,19.2,19.8,1.1999999999999993,3.1000000000000014,73.0,79.67,86.0,0.0,1017.73,15.33,10.44
2010-10-18,9,76.46038010441926,48.57564567489647,17.0,12.0,19.33,22.6,23.6,5.600000000000001,11.600000000000001,48.0,67.67,80.0,0.0,1017.4,21.33,8.28
2010-10-19,8,76.8350510698715,46.480618420378896,16.2,10.6,18.97,23.5,23.9,7.300000000000001,13.299999999999999,56.0,68.33,76.0,0.0,1018.97,12.0,5.867999999999999
2010-10-20,9,82.5371297238975,49.59234256550601,16.9,12.6,21.0,26.4,26.8,9.5,14.200000000000001,45.0,63.67,78.0,0.0,1017.2,10.67,9.360000000000001
2010-10-21,11,87.89552766429995,55.61667530529505,17.8,14.8,22.3,28.2,28.5,10.399999999999999,13.7,51.0,66.0,75.0,0.0,1014.4,11.0,6.9479999999999995
2010-10-22,10,85.418750217472,58.3295333966514,18.8,16.4,22.4,27.0,27.2,8.2,10.8,61.0,75.0,83.0,0.0,1011.67,22.67,10.44
2010-10-23,6,69.01518475705636,61.06660440559184,19.3,17.8,20.23,21.0,21.6,1.6999999999999993,3.8000000000000007,82.0,87.0,93.0,10.8,1011.53,24.33,13.68
2010-10-24,12,77.629401224712,57.4849403962521,17.8,15.9,19.9,23.2,24.6,5.399999999999999,8.700000000000001,68.0,76.67,84.0,0.0,1013.97,14.0,9.107999999999999
2010-10-25,9,75.24111089028389,55.008817998239316,17.3,15.0,19.57,22.6,23.3,5.300000000000001,8.3,60.0,74.0,82.0,0.0,1014.3,16.67,10.332
2010-10-26,12,77.08903000988806,52.274845356242594,18.2,14.2,20.07,23.0,23.8,4.800000000000001,9.600000000000001,53.0,63.0,78.0,0.0,1014.37,18.33,13.572000000000001
2010-10-27,10,77.85311576356531,54.58628742675266,16.6,15.1,19.2,23.8,24.6,7.199999999999999,9.500000000000002,49.0,72.33,88.0,0.8,1013.57,24.33,13.068
2010-10-28,10,78.39792970700842,52.69595391057152,17.2,13.4,20.17,23.7,24.8,6.5,11.4,55.0,68.0,76.0,0.0,1013.3,15.33,6.228
2010-10-29,10,80.81554667089603,51.286463448203904,17.6,13.7,21.07,25.2,25.9,7.599999999999998,12.2,62.0,69.0,73.0,0.0,1009.9,10.67,12.6
2010-10-30,7,76.18199948043909,65.7167462754576,21.0,19.1,21.97,23.9,24.2,2.8999999999999986,5.099999999999998,73.0,81.67,87.0,1.3,1007.13,19.67,6.372
2010-10-31,8,81.96312895252595,50.26530276217558,19.0,13.5,22.0,26.4,27.0,7.399999999999999,13.5,26.0,55.33,86.0,0.0,1012.17,28.67,14.868
2010-11-01,9,79.68424581520014,53.0810129741942,18.2,14.9,21.73,24.8,26.0,6.600000000000001,11.1,38.0,48.0,62.0,0.0,1014.9,27.0,18.36
2010-11-02,6,82.58957279094423,51.40521196992187,18.6,13.7,21.03,25.8,27.2,7.199999999999999,13.5,35.0,57.0,73.0,0.0,1016.3,21.33,12.132000000000001
2010-11-03,9,87.63552687203196,51.856324716103316,18.1,13.3,23.03,29.0,29.8,10.899999999999999,16.5,41.0,51.0,66.0,0.0,1012.03,15.0,7.668
2010-11-04,12,100.59983118917143,58.12639545132865,20.8,16.2,26.4,33.4,34.6,12.599999999999998,18.400000000000002,31.0,45.33,53.0,0.0,1010.3,24.33,9.360000000000001
2010-11-05,8,83.73347540498506,59.98158038364396,19.0,17.4,22.2,26.6,26.9,7.600000000000001,9.5,46.0,70.67,89.0,0.6,1010.83,19.67,14.292000000000002
2010-11-06,12,80.36862132662606,52.46614327551587,17.4,14.1,19.2,22.4,25.6,5.0,11.500000000000002,65.0,77.33,84.0,0.0,1010.3,13.67,11.772
2010-11-07,2,95.56996887570773,51.759583910661604,18.0,13.3,23.53,30.6,31.8,12.600000000000001,18.5,35.0,55.33,71.0,0.0,1009.73,24.33,7.920000000000001
2010-11-08,9,106.69362487313353,65.2681748273833,24.4,19.3,28.67,35.0,35.8,10.600000000000001,16.499999999999996,37.0,47.33,54.0,0.0,1009.37,18.33,10.44
2010-11-09,9,109.5494038783473,55.250023727567225,18.2,14.7,24.7,28.7,32.4,10.5,17.7,63.0,73.67,93.0,19.6,1007.23,16.67,7.308
2010-11-10,4,75.11917619048714,44.96443847570871,15.6,11.1,17.53,21.2,22.3,5.6,11.200000000000001,45.0,67.33,91.0,4.8,1018.43,18.33,12.6
2010-11-11,5,75.0884863486815,49.31806894843068,15.6,12.5,17.77,21.7,22.1,6.1,9.600000000000001,55.0,66.67,77.0,0.0,1022.13,15.33,9.468
2010-11-12,4,75.266918238112,46.3727227533352,14.5,10.4,17.27,22.1,22.2,7.600000000000001,11.799999999999999,52.0,66.0,74.0,0.0,1023.73,9.33,5.292
2010-11-13,8,80.15514941435208,47.271085037831305,16.2,12.3,20.33,24.4,25.7,8.2,13.399999999999999,58.0,65.0,73.0,0.0,1020.03,12.33,15.012
2010-11-14,8,83.68531890595276,58.728494844454886,18.6,16.7,22.5,25.7,26.9,7.099999999999998,10.2,60.0,70.33,85.0,0.0,1015.3,14.0,11.879999999999999
2010-11-15,6,85.34809318242341,64.46399935203053,19.5,18.6,22.9,26.4,27.3,6.899999999999999,8.7,61.0,72.67,84.0,0.0,1013.13,14.0,6.732
2010-11-16,9,89.97554469901473,56.69002011309483,20.8,15.9,24.27,29.0,29.6,8.2,13.700000000000001,50.0,60.67,70.0,0.0,1011.77,34.67,12.348
2010-11-17,6,88.1639328516001,59.67436879407964,20.8,17.1,23.6,27.8,28.5,7.0,11.399999999999999,42.0,67.0,84.0,0.0,1010.47,22.67,11.988000000000001
2010-11-18,10,85.93649101466238,61.27947267985991,21.8,16.8,23.5,26.6,27.8,4.800000000000001,11.0,50.0,67.33,79.0,0.0,1008.97,12.33,4.32
2010-11-19,4,87.22528412648012,55.65360947471672,20.2,15.2,23.33,27.8,28.4,7.600000000000001,13.2,48.0,64.67,81.0,0.0,1009.07,12.0,9.72
2010-11-20,12,90.67205560070411,59.489923515078395,19.8,17.2,22.93,28.2,29.2,8.399999999999999,12.0,48.0,67.0,81.0,0.0,1011.4,14.0,14.292000000000002
2010-11-21,6,93.02142174944278,63.1750135953125,20.2,18.1,23.8,27.2,29.4,7.0,11.299999999999997,67.0,71.33,74.0,0.0,1011.77,9.0,7.2
2010-11-22,6,83.7185064628002,68.45805194193979,22.1,20.8,23.43,26.0,26.5,3.8999999999999986,5.699999999999999,69.0,81.0,90.0,2.3,1009.5,14.0,13.32
2010-11-23,4,82.39941272761617,64.620477744384,20.8,19.2,22.57,24.5,26.4,3.6999999999999993,7.199999999999999,59.0,72.0,82.0,0.0,1010.43,14.0,12.852
2010-11-24,8,67.16241988954796,61.0063230927455,18.3,17.8,19.3,20.6,20.7,2.3000000000000007,2.8999999999999986,73.0,88.0,98.0,26.299999999999997,1008.27,9.33,14.04
2010-11-25,3,78.74890099396791,60.62848786648465,19.2,16.9,21.47,24.2,25.1,5.0,8.200000000000003,74.0,85.0,92.0,2.1,1009.8,12.33,6.48
2010-11-26,4,83.97682688972824,64.06941039086337,20.0,18.9,22.57,25.9,26.6,5.899999999999999,7.700000000000003,65.0,80.0,91.0,10.6,1011.87,15.33,11.772
2010-11-27,4,102.31517659387812,60.619578026612324,20.2,16.7,23.97,30.7,31.0,10.5,14.3,56.0,74.67,86.0,0.0,1011.1,10.67,5.292
2010-11-28,8,91.22769744672854,60.94360569518725,21.8,17.3,24.23,26.4,28.7,4.599999999999998,11.399999999999999,69.0,74.67,85.0,0.0,1009.37,15.33,8.532
2010-11-29,4,72.81607180630036,66.26013114885312,20.8,19.1,21.13,21.6,23.5,0.8000000000000007,4.399999999999999,86.0,90.0,93.0,4.6,1009.8,17.0,4.680000000000001
2010-11-30,6,85.57745732113432,64.94696688417463,19.7,18.3,22.63,27.2,27.5,7.5,9.2,51.0,70.33,91.0,1.2000000000000002,1011.73,9.0,3.6
2010-12-01,11,90.62691719815894,56.35094109364063,20.2,15.1,23.93,29.6,30.0,9.400000000000002,14.9,36.0,58.67,74.0,0.0,1012.4,18.33,6.84
2010-12-02,3,90.86473753881386,70.45336073085028,21.0,21.4,25.33,28.8,29.5,7.800000000000001,8.100000000000001,57.0,64.33,71.0,0.0,1008.73,18.33,9.360000000000001
2010-12-03,8,104.01456301456881,70.76822593958316,23.6,21.2,26.67,30.4,31.2,6.799999999999997,10.0,64.0,75.67,88.0,2.5,1006.47,28.67,5.4
2010-12-04,9,77.53047461853073,65.38650628091622,21.4,19.0,22.47,23.6,24.5,2.200000000000003,5.5,69.0,74.33,79.0,0.0,1012.0,14.0,6.732
2010-12-05,10,87.71115331201256,65.29602575738323,21.0,18.8,22.83,26.1,27.6,5.100000000000001,8.8,59.0,78.67,93.0,0.8,1011.5,15.33,5.508
2010-12-06,11,84.70498024673428,60.15859495480265,21.3,17.3,23.7,27.0,27.5,5.699999999999999,10.2,54.0,65.67,80.0,0.0,1015.0,12.33,11.988000000000001
2010-12-07,6,106.25665444318854,67.88869728822402,21.0,20.2,26.03,31.2,32.5,10.2,12.3,55.0,68.33,80.0,0.0,1007.37,18.0,7.920000000000001
2010-12-08,5,104.27588989297632,71.29884146575344,22.5,21.8,25.37,27.2,31.1,4.699999999999999,9.3,71.0,77.0,89.0,16.8,1003.83,21.0,10.08
2010-12-09,4,85.966006968988,57.41522437751011,20.6,15.9,23.2,27.2,27.9,6.599999999999998,11.999999999999998,47.0,66.0,79.0,0.1,1009.73,13.67,9.360000000000001
2010-12-10,8,105.02438504269885,60.16867983518471,20.0,16.7,25.8,33.0,33.6,13.0,16.900000000000002,40.0,58.67,72.0,0.0,1008.47,11.0,6.48
2010-12-11,6,92.05231916106447,68.74086947831209,24.4,20.5,25.9,28.3,29.0,3.900000000000002,8.5,66.0,73.33,88.0,6.1,1004.3,18.33,7.2
2010-12-12,5,84.08514362402798,60.92935194776005,23.4,16.9,25.03,25.9,26.7,2.5,9.8,67.0,78.0,88.0,0.1,1002.83,17.0,5.652
2010-12-13,4,73.52411086060795,48.74499078439428,13.1,12.5,17.17,21.2,22.4,8.1,9.899999999999999,48.0,76.0,93.0,13.4,1007.7,24.33,11.268
2010-12-14,4,83.8640622832826,51.29699808151828,16.3,12.2,20.7,27.1,27.6,10.8,15.400000000000002,44.0,59.33,71.0,0.0,1011.43,18.33,3.9600000000000004
2010-12-15,10,84.24567867239642,53.23495212510413,21.0,14.3,23.6,27.0,27.9,6.0,13.599999999999998,48.0,57.33,65.0,0.0,1014.2,14.0,10.692
2010-12-16,7,84.88603950863924,58.19599464294174,20.9,16.9,23.7,25.7,27.4,4.800000000000001,10.5,63.0,68.33,78.0,0.0,1016.03,14.0,17.748
2010-12-17,5,107.32164124285735,68.97775105959222,21.7,21.0,25.63,31.2,31.7,9.5,10.7,60.0,76.33,86.0,0.0,1011.7,13.67,13.068
2010-12-18,8,121.46706253206423,68.41902749595195,24.3,20.3,27.1,31.8,33.8,7.5,13.499999999999996,63.0,77.0,86.0,0.0,1007.1,19.67,6.588
2010-12-19,4,99.16585665091219,71.2839651537396,24.0,21.8,26.27,28.8,30.5,4.800000000000001,8.7,66.0,73.67,81.0,0.0,1009.47,14.0,10.188
2010-12-20,9,101.96128755995217,73.00975314394165,23.2,22.2,25.87,29.6,30.1,6.400000000000002,7.900000000000002,65.0,83.0,93.0,5.5,1011.77,21.33,5.508
2010-12-21,9,95.64043048066365,73.99247575033313,23.5,22.6,26.03,29.0,29.5,5.5,6.899999999999999,64.0,76.67,88.0,2.2,1014.27,14.0,5.148
2010-12-22,6,95.0725150499595,70.46029438978753,22.7,21.2,25.43,28.6,29.5,5.900000000000002,8.3,64.0,75.33,86.0,0.0,1013.6,14.0,6.732
2010-12-23,9,107.18564249286408,69.48746623991161,22.7,21.0,26.6,31.8,32.2,9.100000000000001,11.200000000000003,58.0,72.0,83.0,0.0,1011.0,12.33,9.468
2010-12-24,9,124.53426473746741,73.91517146596888,24.4,22.8,29.37,35.2,35.5,10.800000000000004,12.7,58.0,68.67,84.0,0.0,1006.97,17.0,8.28
2010-12-25,6,103.77399856934397,72.47052021498399,24.8,22.1,27.2,28.7,30.8,3.8999999999999986,8.7,68.0,79.0,92.0,44.800000000000004,1006.73,19.67,7.092
2010-12-26,8,112.30328259251394,65.23107724539932,24.3,18.7,26.97,32.2,33.4,7.900000000000002,14.7,44.0,69.67,84.0,0.6,1011.3,10.67,5.04
2010-12-27,8,94.76474200798934,64.07600110289232,23.8,18.7,26.27,29.6,30.2,5.800000000000001,11.5,53.0,67.33,79.0,0.0,1011.27,14.0,9.251999999999999
2010-12-28,6,93.1077238430465,60.3501504672338,22.3,17.3,25.5,29.6,30.1,7.300000000000001,12.8,47.0,64.33,81.0,0.0,1010.5,15.33,11.052
2010-12-29,8,93.93331688997577,63.65321522398153,22.8,18.9,25.37,28.6,29.9,5.800000000000001,11.0,56.0,68.33,76.0,0.0,1011.27,14.0,14.4
2010-12-30,4,92.80628500486557,65.38060042378186,22.2,19.4,25.0,28.0,29.5,5.800000000000001,10.100000000000001,62.0,69.67,76.0,0.0,1011.23,14.0,11.16
2010-12-31,7,90.30213309459545,64.6542095010831,22.2,19.6,25.2,28.4,28.9,6.199999999999999,9.299999999999997,58.0,69.33,83.0,0.0,1012.57,14.0,20.628000000000004
2011-01-01,8,97.66710816286762,69.04932152680283,22.8,20.8,26.07,29.8,30.4,7.0,9.599999999999998,55.0,71.67,84.0,0.0,1009.83,14.0,9.251999999999999
2011-01-02,7,96.85812833404805,70.4702702193487,23.6,21.4,26.2,30.0,30.4,6.399999999999999,9.0,58.0,70.0,76.0,0.0,1008.4,13.67,9.251999999999999
2011-01-03,2,87.3670621058082,71.85285255235235,22.6,22.2,24.0,26.3,27.3,3.6999999999999993,5.100000000000001,73.0,83.0,89.0,0.8,1008.53,12.33,13.572000000000001
2011-01-04,7,110.00848016156819,71.8026587408024,22.9,21.8,25.83,30.0,31.6,7.100000000000001,9.8,66.0,81.0,91.0,0.30000000000000004,1007.77,15.33,6.9479999999999995
2011-01-05,11,126.35102751524552,72.11824444788252,25.0,22.2,28.93,33.2,35.5,8.200000000000003,13.3,59.0,70.33,81.0,0.0,1006.7,20.0,11.16
2011-01-06,11,127.02447104080017,75.96476876707573,25.2,23.6,28.13,33.6,34.0,8.400000000000002,10.399999999999999,62.0,81.0,92.0,17.4,1009.13,10.67,6.9479999999999995
2011-01-07,5,119.54059641635206,73.11489682508362,26.6,22.2,28.2,30.8,33.8,4.199999999999999,11.599999999999998,66.0,75.0,85.0,1.5,1010.87,16.67,5.04
2011-01-08,14,133.48123428260826,75.40208119104815,26.6,23.4,30.2,35.4,36.5,8.799999999999997,13.100000000000001,53.0,70.33,85.0,0.0,1009.93,15.33,7.668
2011-01-09,5,115.02900607840046,72.97667051074396,24.6,22.4,26.23,27.9,32.0,3.299999999999997,9.600000000000001,78.0,84.0,92.0,4.699999999999999,1009.23,26.0,8.28
2011-01-10,8,99.84553926841595,73.65670565857141,26.8,22.9,27.9,29.6,30.6,2.8000000000000007,7.700000000000003,60.0,74.0,85.0,0.0,1009.17,14.0,12.6
2011-01-11,5,104.19620557245138,71.36489485418878,22.4,21.8,24.0,25.8,30.6,3.400000000000002,8.8,73.0,81.67,93.0,38.4,1007.1,12.33,9.612
2011-01-12,9,101.86990444188241,69.08342539485005,21.2,21.0,24.67,29.8,30.5,8.600000000000001,9.5,57.0,78.67,94.0,5.0,1004.1,20.0,12.24
2011-01-13,8,98.14652907347205,70.20646871468375,23.4,21.2,23.93,24.8,29.2,1.4000000000000021,8.0,80.0,86.0,93.0,37.6,1005.97,10.67,8.028
2011-01-14,6,113.2954286381978,69.46417251235768,23.2,21.0,26.4,30.4,32.8,7.199999999999999,11.799999999999997,65.0,75.33,83.0,0.0,1007.6,23.0,9.612
2011-01-15,6,111.86356654720049,74.90135527846854,24.4,23.2,26.73,30.2,32.0,5.800000000000001,8.8,64.0,80.0,92.0,0.0,1010.33,12.33,7.920000000000001
2011-01-16,7,130.40640305885444,72.22054165177101,24.3,22.2,28.97,35.0,36.7,10.7,14.500000000000004,50.0,66.67,80.0,0.0,1006.93,16.67,10.332
2011-01-17,10,120.6237553924419,77.14429529451249,27.2,24.4,29.8,33.4,34.8,6.199999999999999,10.399999999999999,59.0,69.33,82.0,1.4,1006.5,23.0,15.012
2011-01-18,3,91.61156128981068,73.80107575141764,23.8,23.0,25.57,27.1,28.0,3.3000000000000007,5.0,81.0,86.33,95.0,7.4,1012.37,15.33,13.68
2011-01-19,13,104.99699712899198,71.41184319172959,23.6,21.6,26.47,29.2,30.8,5.599999999999998,9.2,70.0,81.0,93.0,0.0,1008.9,11.0,6.588
2011-01-20,6,107.80357857730984,72.00599418930653,24.4,22.2,26.67,31.0,31.4,6.600000000000001,9.2,60.0,79.67,90.0,0.0,1007.6,18.33,12.132000000000001
2011-01-21,5,97.84284204342441,70.9696581373872,25.4,21.8,26.73,29.2,30.2,3.8000000000000007,8.399999999999999,64.0,74.0,79.0,0.0,1012.6,12.33,12.708
2011-01-22,2,79.41271979810635,74.8213203176676,24.0,23.2,24.13,24.2,25.3,0.1999999999999993,2.1000000000000014,80.0,89.67,95.0,16.7,1012.9,13.67,8.532
2011-01-23,1,103.12295878614454,72.7301428869817,23.4,22.4,25.53,29.2,30.2,5.800000000000001,7.800000000000001,71.0,84.0,91.0,2.9,1013.43,20.0,10.08
2011-01-24,4,117.07152897393613,71.96570389276519,24.3,22.0,27.2,31.2,32.9,6.899999999999999,10.899999999999999,62.0,79.0,91.0,0.0,1013.97,13.67,8.748000000000001
2011-01-25,4,117.62275639150869,74.32241508577022,26.0,22.8,27.47,30.0,32.4,4.0,9.599999999999998,80.0,83.67,86.0,1.5,1012.53,18.33,5.760000000000001
2011-01-26,7,126.76640164068414,76.87131412888348,27.2,24.0,29.8,34.0,35.4,6.800000000000001,11.399999999999999,56.0,71.33,83.0,0.0,1009.5,24.33,7.092
2011-01-27,8,123.00343982357184,76.77290600053429,26.8,24.2,29.27,33.6,34.7,6.800000000000001,10.500000000000004,57.0,72.33,80.0,0.1,1009.37,30.33,13.212
2011-01-28,5,114.40479320357927,80.14661714308734,27.3,25.4,28.43,29.8,32.8,2.5,7.399999999999999,74.0,76.67,80.0,0.0,1009.83,8.0,6.732
2011-01-29,2,116.10284482614992,81.43008525499249,27.1,26.0,28.43,30.2,32.8,3.099999999999998,6.799999999999997,72.0,78.67,83.0,0.0,1012.53,18.33,8.172
2011-01-30,3,105.19390103389864,71.02380392914164,26.2,21.8,27.73,30.4,31.8,4.199999999999999,10.0,62.0,72.33,78.0,0.0,1015.4,12.33,12.24
2011-01-31,7,123.90655228732696,71.13460865360958,24.2,21.4,28.53,34.4,35.3,10.2,13.899999999999999,55.0,69.33,81.0,0.0,1011.77,16.67,5.760000000000001
2011-02-01,10,95.77625394573765,74.81250475701236,24.1,23.3,27.0,28.8,29.3,4.699999999999999,6.0,65.0,79.33,95.0,17.5,1011.07,18.33,10.692
2011-02-02,8,89.74901344873196,64.47923763930692,24.2,19.2,25.7,27.9,28.7,3.6999999999999993,9.5,62.0,70.0,77.0,0.0,1016.07,12.33,13.788
2011-02-03,5,108.11897730657549,63.06558754378265,22.9,18.6,26.87,32.2,32.8,9.300000000000004,14.199999999999996,58.0,68.67,76.0,0.0,1013.33,10.67,13.428
2011-02-04,5,132.33372988623378,75.16895488931604,25.4,23.3,30.0,35.6,36.8,10.200000000000003,13.499999999999996,51.0,67.67,83.0,0.0,1007.77,30.0,7.668
2011-02-05,11,127.85241075908937,76.10572075519478,26.4,23.8,29.5,34.0,35.5,7.600000000000001,11.7,58.0,71.67,85.0,0.0,1006.5,34.67,9.72
2011-02-06,7,104.27588989297632,78.70515507099077,26.6,25.0,28.3,30.7,31.1,4.099999999999998,6.100000000000001,68.0,77.0,88.0,2.5,1010.47,16.67,13.572000000000001
2011-02-07,7,98.91840004905194,72.38516848079033,25.0,22.2,26.27,28.5,29.9,3.5,7.699999999999999,74.0,79.33,83.0,0.0,1014.07,16.67,9.107999999999999
2011-02-08,6,105.65687697088799,75.43094277464112,24.0,23.6,25.67,28.6,30.2,4.600000000000001,6.599999999999998,81.0,88.33,96.0,11.8,1009.5,27.33,11.772
2011-02-09,12,102.55902949340845,74.33677236402178,24.6,23.0,26.9,28.3,30.2,3.6999999999999993,7.199999999999999,74.0,83.0,92.0,33.8,1005.13,25.67,8.64
2011-02-10,7,87.59289407681331,74.56917336646514,22.8,22.6,24.8,26.2,27.2,3.3999999999999986,4.599999999999998,77.0,86.33,95.0,13.200000000000001,1006.83,10.67,2.988
2011-02-11,4,88.04771782757267,67.9591381495541,23.6,20.4,24.6,26.2,27.7,2.599999999999998,7.300000000000001,75.0,78.33,83.0,0.0,1011.33,14.0,10.08
2011-02-12,7,78.97605851094377,70.71323468429526,22.6,21.4,23.27,23.8,25.2,1.1999999999999993,3.8000000000000007,80.0,90.67,97.0,10.5,1010.3,14.0,7.812
2011-02-13,5,91.90661622020801,73.08164641149204,22.5,21.8,23.97,25.6,27.7,3.1000000000000014,5.899999999999999,85.0,93.0,97.0,19.5,1009.3,13.67,2.4120000000000004
2011-02-14,6,94.1150668844433,63.44889340048164,22.1,18.5,24.77,28.6,29.1,6.5,10.600000000000001,62.0,77.67,91.0,0.0,1015.57,18.33,9.972
2011-02-15,1,87.486141017904,61.53620481192241,22.4,18.1,24.27,27.8,28.3,5.400000000000002,10.2,57.0,67.0,73.0,0.0,1017.73,14.0,15.371999999999998
2011-02-16,7,93.61612722280027,68.25781758942995,21.6,20.5,24.73,28.8,29.6,7.199999999999999,9.100000000000001,57.0,70.67,80.0,0.0,1016.67,14.0,9.72
2011-02-17,4,107.21867616555099,74.25151628096728,24.4,23.2,26.9,29.8,31.8,5.400000000000002,8.600000000000001,66.0,75.33,83.0,0.0,1016.17,12.33,14.148000000000001
2011-02-18,8,111.21846033617895,71.87863396867752,25.0,22.2,27.47,31.6,32.3,6.600000000000001,10.099999999999998,62.0,76.67,86.0,0.0,1015.17,15.33,13.32
2011-02-19,7,111.48152397971214,72.3714392685305,25.2,22.1,26.9,30.2,31.6,5.0,9.5,71.0,83.0,91.0,0.0,1013.6,19.67,7.668
2011-02-20,11,108.49443503023728,75.37545716624388,23.6,23.7,27.17,30.8,31.4,7.199999999999999,7.699999999999999,68.0,80.67,91.0,1.5,1013.7,15.33,15.588000000000001
2011-02-21,6,99.41617360703773,73.31216760444043,25.2,22.6,26.63,28.0,29.9,2.8000000000000007,7.299999999999997,75.0,80.33,87.0,0.0,1015.07,16.67,9.251999999999999
2011-02-22,4,96.69802148551588,73.53707077719115,24.0,22.6,25.43,27.2,29.1,3.1999999999999993,6.5,73.0,84.0,94.0,1.0,1013.27,18.33,7.668
2011-02-23,7,92.93666550249377,71.11160055879898,24.2,21.7,25.3,26.4,28.7,2.1999999999999993,7.0,75.0,79.67,84.0,0.0,1009.53,14.0,9.72
2011-02-24,11,116.02647092022406,71.16949857655379,21.8,21.8,24.83,29.8,31.8,8.0,10.0,71.0,87.0,95.0,5.6,1006.73,18.33,11.052
2011-02-25,12,115.81060346467741,74.80770035971594,26.1,23.2,28.1,32.0,32.8,5.899999999999999,9.599999999999998,66.0,78.33,88.0,0.0,1008.93,25.67,8.64
2011-02-26,2,88.0424794790879,73.2980450261245,24.4,22.6,25.0,26.0,27.1,1.6000000000000014,4.5,84.0,91.0,95.0,1.7999999999999998,1011.03,24.33,9.360000000000001
2011-02-27,5,96.84878669540807,64.34084748544686,22.6,19.2,25.07,29.0,29.9,6.399999999999999,10.7,54.0,75.0,88.0,0.8,1014.97,15.33,14.76
2011-02-28,3,93.48105338492188,62.49556505235238,22.3,18.1,24.67,28.1,29.6,5.800000000000001,11.5,53.0,70.33,84.0,0.0,1015.57,15.33,9.972
2011-03-01,8,87.71964763745495,63.451634207179524,22.2,18.9,24.0,27.0,27.9,4.800000000000001,9.0,57.0,73.67,85.0,0.0,1016.1,14.0,15.840000000000002
2011-03-02,6,87.54603057860172,62.60714632229977,21.6,18.8,24.0,27.4,28.5,5.799999999999997,9.7,55.0,64.67,72.0,0.0,1016.63,14.0,20.772
2011-03-03,6,92.05676097243773,66.1503007087734,21.8,20.0,24.97,29.0,29.5,7.199999999999999,9.5,54.0,67.67,78.0,0.0,1017.07,10.67,16.092
2011-03-04,8,95.06737435441617,63.790291160225216,22.4,18.8,24.73,29.2,30.1,6.800000000000001,11.3,53.0,69.0,81.0,0.0,1016.57,10.67,11.988000000000001
2011-03-05,7,88.89133442236476,65.58190685599281,22.6,19.9,24.17,27.0,27.9,4.399999999999999,8.0,70.0,78.33,83.0,0.0,1017.23,14.0,18.971999999999998
2011-03-06,9,91.88686011977761,63.83259147189651,22.0,19.0,24.67,28.8,29.1,6.800000000000001,10.100000000000001,54.0,71.67,81.0,0.0,1016.1,14.0,14.868
2011-03-07,8,102.96715360853811,68.97278014010375,22.5,20.6,26.17,31.2,31.7,8.7,11.099999999999998,52.0,69.67,80.0,0.0,1015.43,12.33,7.2
2011-03-08,6,104.9230222068005,65.82001144441594,22.4,19.6,25.4,30.6,31.4,8.200000000000003,11.799999999999997,61.0,75.33,86.0,0.0,1015.07,9.33,11.412
2011-03-09,6,107.0483159053922,71.16949857655379,23.6,21.8,26.07,30.8,31.5,7.199999999999999,9.7,62.0,77.67,88.0,0.0,1013.5,14.0,11.052
2011-03-10,10,105.63998367403386,73.397003144226,24.4,22.5,26.47,29.8,31.3,5.400000000000002,8.8,68.0,77.33,83.0,0.0,1012.13,9.0,7.092
2011-03-11,15,86.34706060336505,72.1486569238929,22.6,22.1,23.93,25.4,26.9,2.799999999999997,4.799999999999997,79.0,87.33,96.0,12.8,1013.13,12.33,9.107999999999999
2011-03-12,8,110.32116345782221,72.07574626689845,23.8,22.2,26.2,31.0,31.8,7.199999999999999,9.600000000000001,64.0,79.67,88.0,0.3,1010.73,10.67,11.520000000000001
2011-03-13,2,114.5887057486213,72.24088175602444,25.2,21.8,27.9,32.4,33.5,7.199999999999999,11.7,59.0,71.67,81.0,0.0,1008.83,9.0,4.932
2011-03-14,5,80.55482009649344,64.48330577720364,19.1,19.0,21.7,23.7,25.8,4.599999999999998,6.800000000000001,57.0,68.67,75.0,0.0,1010.77,15.33,10.8
2011-03-15,9,81.15213785714562,54.28746154519099,20.0,14.5,21.8,25.0,26.0,5.0,11.5,64.0,70.33,75.0,0.0,1016.27,20.0,8.748000000000001
2011-03-16,7,99.11143721755477,62.680674120592954,20.5,18.0,24.13,29.6,30.7,9.100000000000001,12.7,52.0,71.67,82.0,0.0,1017.77,12.33,8.172
2011-03-17,8,112.9226342311361,65.0279851789156,21.5,18.8,25.73,32.6,33.6,11.100000000000001,14.8,49.0,69.0,83.0,0.0,1011.77,14.0,6.372
2011-03-18,5,78.25985619581417,68.03047778906506,21.6,20.6,22.67,24.6,25.0,3.0,4.399999999999999,73.0,88.33,97.0,17.8,1010.5,20.0,12.852
2011-03-19,11,83.03426888900951,56.760800698371575,19.5,14.6,21.87,25.5,26.6,6.0,12.000000000000002,56.0,72.33,92.0,0.1,1018.83,6.0,3.708
2011-03-20,8,88.25356621938563,54.50544001144956,18.6,15.0,22.3,28.0,28.5,9.399999999999999,13.5,53.0,67.33,75.0,0.0,1019.53,10.67,12.348
2011-03-21,10,94.31311842189652,60.19651901243587,20.6,17.4,23.67,29.4,30.3,8.799999999999997,12.900000000000002,52.0,65.33,73.0,0.0,1017.1,11.0,13.068
2011-03-22,4,112.4786906498681,56.708289735266234,23.1,14.1,26.5,32.2,33.2,9.100000000000001,19.1,56.0,71.33,82.0,0.0,1014.7,9.0,2.4120000000000004
2011-03-23,13,112.71262684480021,66.64199613170109,24.2,20.0,27.23,32.8,34.0,8.599999999999998,14.0,50.0,66.0,83.0,0.0,1012.43,28.67,12.348
2011-03-24,5,87.9643151021639,71.40149901358623,26.4,22.0,26.6,27.0,27.9,0.6000000000000014,5.899999999999999,74.0,74.67,75.0,1.7,1012.53,22.67,13.212
2011-03-25,5,74.77219835520019,68.63476589061855,21.2,20.7,22.13,23.2,24.0,2.0,3.3000000000000007,81.0,88.0,95.0,12.0,1015.17,7.67,10.332
2011-03-26,7,89.58157096580821,68.59833076127717,20.9,20.8,22.4,23.9,27.3,3.0,6.5,87.0,93.0,96.0,19.0,1009.23,18.33,12.24
2011-03-27,9,78.19753070541435,67.26794453603745,21.8,19.8,22.23,22.9,25.0,1.0999999999999979,5.199999999999999,84.0,89.67,93.0,1.7,1012.87,20.0,6.588
2011-03-28,4,67.68657880571203,66.38575673989688,19.8,19.3,20.37,20.8,22.3,1.0,3.0,91.0,95.0,98.0,16.9,1015.03,12.0,5.652
2011-03-29,4,76.96366190689207,61.68225082042142,20.0,17.7,21.23,23.6,24.3,3.6000000000000014,6.600000000000001,62.0,76.0,85.0,0.0,1019.27,15.33,9.360000000000001
2011-03-30,5,90.3373592207003,63.87956531745344,19.6,18.1,22.33,27.4,28.3,7.799999999999997,10.2,65.0,77.33,89.0,0.8,1017.77,13.67,5.04
2011-03-31,6,97.68220258753495,63.35596657853235,21.1,18.0,24.07,28.6,30.2,7.5,12.2,61.0,73.67,82.0,0.0,1015.97,12.33,5.867999999999999
2011-04-01,4,93.00051465558974,67.70884911330009,20.8,19.8,23.63,28.0,28.5,7.199999999999999,8.7,73.0,82.67,92.0,2.5999999999999996,1012.93,24.33,5.04
2011-04-02,5,91.51347281697453,69.92252432156188,22.0,21.2,24.3,27.7,28.4,5.699999999999999,7.199999999999999,61.0,79.67,91.0,0.0,1013.43,21.33,9.72
2011-04-03,9,91.87018788299369,63.28188022006411,19.6,17.7,23.07,27.9,28.5,8.299999999999997,10.8,54.0,79.33,95.0,0.0,1013.5,9.33,4.32
2011-04-04,9,94.40444359129205,57.25677951072682,19.8,15.7,22.87,28.0,29.3,8.2,13.600000000000001,58.0,76.0,88.0,0.0,1009.17,21.33,8.28
2011-04-05,9,84.0380809865977,58.62264365760355,18.8,16.1,20.93,24.6,26.5,5.800000000000001,10.399999999999999,69.0,83.67,94.0,4.6,1011.83,20.0,6.9479999999999995
2011-04-06,7,84.39686908080024,55.51218592113734,17.6,14.3,21.07,26.1,27.0,8.5,12.7,48.0,73.0,93.0,0.0,1015.33,21.33,4.680000000000001
2011-04-07,11,86.38720557515188,56.25706895324912,18.2,15.1,21.67,26.6,27.7,8.400000000000002,12.6,56.0,71.0,82.0,0.0,1017.23,15.0,7.092
2011-04-08,6,84.345738713374,54.37385153544226,17.4,14.9,21.13,26.0,27.0,8.600000000000001,12.1,57.0,72.67,88.0,0.0,1016.47,26.0,11.879999999999999
2011-04-09,6,79.4629108929123,61.524140266185476,18.4,17.1,20.23,23.6,25.3,5.200000000000003,8.2,74.0,85.0,91.0,12.5,1019.97,15.33,5.292
2011-04-10,7,88.90038495773447,60.805733007152995,18.4,17.2,21.3,26.2,27.5,7.800000000000001,10.3,74.0,85.67,94.0,0.2,1018.27,21.33,8.172
2011-04-11,7,91.4047078276069,61.079700906637626,19.2,17.3,22.23,27.1,28.4,7.900000000000002,11.099999999999998,59.0,79.33,90.0,0.0,1015.23,21.33,8.028
2011-04-12,9,86.81981191779772,63.934959525165524,20.6,17.3,22.6,25.8,27.4,5.199999999999999,10.099999999999998,69.0,78.33,84.0,0.0,1010.17,13.67,1.9080000000000001
2011-04-13,9,97.08036325444877,64.76399214030184,21.4,19.0,24.0,28.6,29.7,7.200000000000003,10.7,62.0,77.67,87.0,0.0,1008.13,27.33,9.360000000000001
2011-04-14,7,74.65926532660805,65.5511446248092,20.4,19.2,21.47,23.6,24.1,3.200000000000003,4.900000000000002,81.0,91.0,96.0,44.7,1011.5,12.33,7.920000000000001
2011-04-15,4,86.69427502924536,63.471353284082944,19.2,17.9,21.6,26.0,26.9,6.800000000000001,9.0,75.0,89.33,98.0,3.2,1015.93,12.33,4.932
2011-04-16,4,69.73725584844827,61.46585183315201,19.2,17.3,20.8,21.8,22.5,2.6000000000000014,5.199999999999999,88.0,90.67,92.0,8.8,1017.2,17.0,6.732
2011-04-17,12,102.61510197404796,61.801285444774095,18.2,18.1,23.27,29.6,30.4,11.400000000000002,12.299999999999997,67.0,81.0,92.0,0.0,1014.8,20.0,13.68
2011-04-18,7,72.1711532422905,62.74608142871138,19.2,18.0,20.6,22.2,22.8,3.0,4.800000000000001,76.0,84.67,94.0,7.0,1017.33,24.33,7.920000000000001
2011-04-19,13,73.66698133713608,53.39244804046748,18.0,13.9,19.37,22.0,22.9,4.0,8.999999999999998,72.0,79.0,88.0,0.0,1022.23,7.67,7.308
2011-04-20,10,107.64924199543911,57.97921586824949,19.0,16.3,23.0,30.2,31.6,11.2,15.3,63.0,77.67,87.0,0.0,1014.83,11.0,10.908
2011-04-21,7,82.17256024620313,59.76511438232008,18.5,17.0,22.83,25.8,26.1,7.300000000000001,9.100000000000001,63.0,80.33,92.0,6.6,1010.2,21.33,10.44
2011-04-22,9,109.76947323699405,65.94633330763827,20.9,19.2,24.43,30.4,31.6,9.5,12.400000000000002,62.0,80.67,91.0,0.0,1010.7,18.33,6.372
2011-04-23,5,70.46271869971173,64.18727725983254,19.8,18.7,20.77,21.9,22.8,2.099999999999998,4.100000000000001,88.0,91.0,96.0,77.3,1012.43,21.33,8.748000000000001
2011-04-24,9,74.2953971415932,48.79472015381496,14.8,11.3,18.63,22.4,23.2,7.599999999999998,11.899999999999999,60.0,78.67,90.0,5.2,1020.4,16.67,4.680000000000001
2011-04-25,7,77.51023327453258,47.682368015486716,13.8,11.9,17.93,24.0,24.5,10.2,12.6,48.0,74.67,97.0,0.0,1019.3,18.0,10.08
2011-04-26,10,78.59936093999994,46.41922354977689,13.0,11.1,17.67,24.2,25.0,11.2,13.9,58.0,79.0,98.0,0.0,1022.8,20.0,8.388
2011-04-27,5,85.8410392053425,53.939373059447306,17.1,13.9,20.5,26.6,27.2,9.5,13.299999999999999,54.0,77.33,94.0,0.0,1023.93,10.67,6.012
2011-04-28,10,88.7205059148974,57.490591224673686,19.5,16.0,22.0,27.0,27.9,7.5,11.899999999999999,58.0,77.67,89.0,0.0,1020.23,14.0,9.972
2011-04-29,11,88.57090770494702,55.96210570327147,17.2,15.3,21.4,27.0,27.6,9.8,12.3,64.0,82.33,98.0,0.0,1016.53,10.67,9.468
2011-04-30,8,70.46266058109846,63.43020414415609,18.6,18.0,20.27,21.9,22.5,3.299999999999997,4.5,80.0,88.33,96.0,0.0,1013.5,16.67,5.652
2011-05-01,4,71.31944724597503,57.21027743694564,19.5,16.5,19.77,20.2,22.2,0.6999999999999993,5.699999999999999,71.0,83.33,91.0,0.5,1009.7,32.0,17.64
2011-05-02,2,66.72108254982393,51.270855818951574,15.4,14.3,15.83,16.5,16.8,1.0999999999999996,2.5,75.0,87.0,95.0,27.4,1014.9,29.0,20.16
2011-05-03,7,68.23572542191664,47.80570630895188,12.9,11.9,15.7,19.6,20.3,6.700000000000001,8.4,74.0,84.67,93.0,2.3,1024.13,18.33,9.72
2011-05-04,11,72.72084694544513,47.39654410306736,13.6,11.6,17.13,22.2,23.1,8.6,11.500000000000002,67.0,85.33,98.0,0.0,1020.77,24.33,8.892000000000001
2011-05-05,13,75.8952722058566,47.02467094170136,16.1,12.0,18.47,23.2,23.7,7.099999999999998,11.7,56.0,74.33,90.0,0.2,1014.67,21.33,13.068
2011-05-06,3,74.35495842767618,50.76088027464283,15.5,12.7,18.5,23.0,23.4,7.5,10.7,68.0,80.67,90.0,0.0,1015.67,27.33,6.9479999999999995
2011-05-07,5,77.66724047452794,45.400381851789135,12.8,10.6,17.6,23.6,24.6,10.8,14.000000000000002,61.0,76.0,90.0,0.0,1019.43,9.33,8.028
2011-05-08,8,65.89309343595683,53.65865732764434,16.0,13.5,17.5,19.5,20.7,3.5,7.199999999999999,86.0,90.67,96.0,0.1,1015.47,10.67,4.788
2011-05-09,12,72.68972879500231,54.460533631330236,15.0,14.3,18.13,21.6,22.2,6.600000000000001,7.899999999999999,59.0,78.33,89.0,0.0,1018.83,14.0,6.9479999999999995
2011-05-10,11,68.49853111723226,52.059559081290345,14.6,13.1,16.63,20.0,20.7,5.4,7.6,81.0,85.0,91.0,0.0,1015.87,10.67,6.12
2011-05-11,9,68.40499019512761,57.598847672755795,16.8,15.6,18.73,21.2,21.8,4.399999999999999,6.200000000000001,82.0,89.67,97.0,0.0,1016.9,14.0,6.588
2011-05-12,10,74.31378004156099,57.198606872314215,17.2,16.1,20.0,23.2,23.6,6.0,7.5,62.0,83.67,95.0,0.0,1018.23,15.0,12.24
2011-05-13,4,68.89127881455002,55.81947184554949,16.1,15.0,17.77,20.8,21.6,4.699999999999999,6.600000000000001,70.0,87.33,98.0,0.2,1020.57,7.67,7.668
2011-05-14,7,68.3562258772687,52.75545095550614,15.8,14.1,16.87,18.1,20.7,2.3000000000000007,6.6,82.0,85.33,89.0,0.0,1020.57,14.0,10.692
2011-05-15,9,63.58103134000007,52.52840448281286,15.4,14.2,16.23,17.6,20.0,2.200000000000001,5.800000000000001,90.0,93.0,96.0,5.2,1019.77,14.0,12.492
2011-05-16,12,71.57802223550276,49.73964108211964,14.4,12.9,16.67,20.8,21.8,6.4,8.9,53.0,80.33,95.0,1.5999999999999999,1022.5,12.33,11.16
2011-05-17,10,67.59410834302372,43.6200028516558,12.0,10.0,15.1,19.3,19.9,7.300000000000001,9.899999999999999,73.0,85.33,98.0,3.3,1022.43,19.67,8.892000000000001
2011-05-18,9,71.50304897425285,45.71348963717808,12.0,10.3,15.47,21.0,22.3,9.0,12.0,63.0,83.33,98.0,0.0,1020.9,13.67,6.012
2011-05-19,6,76.14463247176501,44.05525856564692,12.0,9.8,16.53,22.6,24.3,10.600000000000001,14.5,65.0,84.67,98.0,0.0,1019.5,14.0,6.9479999999999995
2011-05-20,8,81.15761250659213,53.27168600774807,14.6,13.5,18.63,24.7,25.8,10.1,12.3,62.0,81.0,91.0,0.0,1019.93,21.33,5.508
2011-05-21,7,81.52673526677671,54.070897661112745,15.4,14.0,19.8,25.9,25.9,10.499999999999998,11.899999999999999,56.0,81.33,97.0,0.0,1021.6,16.67,6.228
2011-05-22,11,84.26499123112175,52.247285309962706,16.4,13.8,20.73,26.2,26.9,9.8,13.099999999999998,54.0,74.33,86.0,0.0,1017.93,18.33,9.972
2011-05-23,9,70.09226599813269,60.404047162860266,18.2,17.3,19.57,21.4,22.1,3.1999999999999993,4.800000000000001,77.0,86.67,94.0,5.5,1017.13,18.33,10.8
2011-05-24,11,74.47288171331198,56.77281697925986,17.0,15.3,18.93,22.2,23.8,5.199999999999999,8.5,78.0,86.0,92.0,0.0,1019.27,12.33,6.9479999999999995
2011-05-25,7,90.84291910094417,63.25298787541022,18.8,18.8,22.0,27.8,28.3,9.0,9.5,53.0,79.0,92.0,1.0,1013.1,25.67,15.48
2011-05-26,8,72.23576214750017,53.01435269741158,15.2,14.4,18.03,20.1,22.5,4.900000000000002,8.1,75.0,82.0,94.0,1.7000000000000002,1019.93,27.33,12.492
2011-05-27,10,69.61040324256932,49.88491429891289,13.2,12.3,15.47,18.8,19.3,5.600000000000001,7.0,59.0,80.67,96.0,1.1,1023.07,10.67,6.84
2011-05-28,7,71.00426296797309,43.72645264390094,11.8,10.0,15.1,19.8,20.5,8.0,10.5,55.0,78.33,96.0,0.0,1025.0,18.0,8.64
2011-05-29,4,73.03577794637698,47.99845725447509,12.8,11.3,15.93,20.0,20.5,7.199999999999999,9.2,54.0,72.33,91.0,0.0,1024.5,10.67,6.012
2011-05-30,7,71.70856211794691,45.85985765576451,10.8,10.3,14.87,20.4,20.7,9.599999999999998,10.399999999999999,53.0,76.67,93.0,0.0,1022.17,16.67,5.760000000000001
2011-05-31,9,70.3941244841759,45.22491881793676,12.2,10.2,14.8,18.5,19.1,6.300000000000001,8.900000000000002,67.0,79.0,91.0,0.0,1019.23,16.67,6.48
2011-06-01,2,67.86919002310006,47.372953300379876,11.6,10.9,14.93,18.2,18.5,6.6,7.6,67.0,84.0,98.0,0.0,1018.47,27.33,5.508
2011-06-02,6,67.87399957405249,40.626838504937396,10.4,8.2,14.1,20.0,20.4,9.6,12.2,62.0,85.67,100.0,0.2,1017.1,24.33,6.48
2011-06-03,12,66.72071575008027,47.15322425978248,13.9,10.6,14.97,16.7,17.5,2.799999999999999,6.9,75.0,86.33,94.0,0.0,1016.3,16.67,4.788
2011-06-04,8,79.87615050966403,37.94876403994349,8.8,8.0,12.67,14.6,15.2,5.799999999999999,7.199999999999999,53.0,69.0,82.0,0.0,1023.93,16.67,11.16
2011-06-05,9,72.69640085766251,33.72971803543834,6.6,5.2,12.17,18.2,18.5,11.6,13.3,60.0,74.33,94.0,0.0,1023.83,16.67,6.48
2011-06-06,8,71.82062486986928,38.299645582782,8.7,7.4,13.83,21.4,21.5,12.7,14.1,49.0,78.33,93.0,0.0,1016.97,15.33,7.308
2011-06-07,6,67.54506758254662,49.88491429891289,12.8,12.3,13.33,14.0,15.1,1.1999999999999993,2.799999999999999,73.0,88.67,97.0,12.8,1006.77,16.67,6.84
2011-06-08,9,69.04248255006584,42.6021872423909,11.1,10.6,13.4,15.6,16.4,4.5,5.799999999999999,65.0,84.33,98.0,13.299999999999999,1013.67,27.33,16.92
2011-06-09,7,68.63170459883199,42.785086523216656,9.5,9.2,12.77,17.2,17.9,7.699999999999999,8.7,59.0,83.0,97.0,0.0,1015.8,27.33,6.732
2011-06-10,9,70.5429392315998,41.19939470691585,9.8,9.2,13.7,18.2,18.5,8.399999999999999,9.3,59.0,79.0,95.0,0.0,1018.77,28.67,10.188
2011-06-11,11,70.549482704496,43.44305284397818,9.3,8.2,13.77,19.9,20.1,10.599999999999998,11.900000000000002,55.0,79.0,95.0,0.0,1021.07,21.0,2.988
2011-06-12,10,75.44715938626281,43.010745614499186,9.5,8.0,15.17,23.5,23.6,14.0,15.600000000000001,52.0,76.33,94.0,0.0,1019.37,20.0,2.988
2011-06-13,13,71.6459461306242,50.47124276283114,14.6,12.3,16.57,20.4,21.7,5.799999999999999,9.399999999999999,64.0,79.67,88.0,0.0,1020.7,19.67,5.652
2011-06-14,9,70.83054357194796,35.01775438876902,8.6,6.8,13.57,19.1,19.3,10.500000000000002,12.5,57.0,78.0,95.0,0.0,1025.57,15.33,11.268
2011-06-15,7,75.09045455771192,48.44263778780451,13.2,11.9,16.27,22.4,23.3,9.2,11.4,56.0,75.0,86.0,0.0,1019.87,11.0,8.028
2011-06-16,8,79.442359457392,47.57561901508156,14.3,11.3,18.27,24.6,25.3,10.3,14.0,46.0,71.0,84.0,0.0,1017.9,24.33,6.84
2011-06-17,11,68.97565526004959,50.19082489500054,15.1,12.8,16.27,17.8,18.0,2.700000000000001,5.199999999999999,73.0,82.33,94.0,14.5,1015.27,19.67,9.0
2011-06-18,14,59.52196677530819,54.675901883858344,15.2,14.6,16.2,17.6,17.9,2.400000000000002,3.299999999999999,92.0,96.0,98.0,0.30000000000000004,1016.57,19.67,8.28
2011-06-19,4,84.82497175673234,58.3252205104201,17.2,16.2,20.2,26.2,26.7,9.0,10.5,65.0,83.33,93.0,0.0,1010.4,20.0,8.64
2011-06-20,14,72.27362168253883,65.18032854157596,19.4,18.8,20.6,22.6,23.3,3.200000000000003,4.5,81.0,89.67,97.0,4.9,1010.7,7.67,5.867999999999999
2011-06-21,6,62.07624172388414,58.02996382108374,17.0,16.3,18.0,18.9,19.3,1.8999999999999986,3.0,91.0,94.0,97.0,43.6,1014.03,15.33,10.692
2011-06-22,8,68.6866284520931,54.77313370444977,16.0,15.1,17.33,19.7,20.3,3.6999999999999993,5.200000000000001,73.0,83.67,90.0,0.2,1020.33,12.33,12.24
2011-06-23,8,72.15550879832125,57.30431853096964,16.4,16.3,18.7,22.9,23.0,6.5,6.699999999999999,77.0,86.67,96.0,2.2,1015.47,18.33,14.148000000000001
2011-06-24,7,68.11169803736516,46.89093313561834,11.8,11.1,14.07,16.6,16.6,4.800000000000001,5.500000000000002,78.0,85.33,95.0,10.4,1018.37,24.33,7.308
2011-06-25,13,66.63468465640004,48.197740766107465,12.0,11.3,13.27,15.2,15.5,3.1999999999999993,4.199999999999999,83.0,89.0,93.0,5.9,1020.8,12.33,5.652
2011-06-26,7,78.81120271198006,38.00280184485905,11.4,8.6,12.93,14.4,14.5,3.0,5.9,60.0,74.67,89.0,0.1,1019.43,24.0,15.48
2011-06-27,9,97.09205816925335,27.64756433733359,6.0,5.5,8.27,9.9,10.7,3.9000000000000004,5.199999999999999,53.0,58.33,61.0,0.0,1016.3,30.33,25.812
2011-06-28,6,82.48211949742876,26.266674144902144,5.2,4.2,9.2,14.0,14.9,8.8,10.7,51.0,63.67,78.0,0.0,1020.3,32.0,18.108
2011-06-29,11,79.03640725461412,36.62407477054485,8.4,6.0,9.7,11.2,12.8,2.799999999999999,6.800000000000001,73.0,81.67,92.0,1.0,1019.1,11.0,5.04
2011-06-30,10,68.63926882542081,35.48830979327157,6.5,5.4,11.47,17.7,18.4,11.2,12.999999999999998,61.0,82.67,95.0,0.2,1016.0,13.67,4.788
2011-07-01,18,72.77426716585606,40.87961276333929,10.5,9.6,11.3,12.8,13.4,2.3000000000000007,3.8000000000000007,86.0,87.0,88.0,0.30000000000000004,1019.93,16.67,14.04
2011-07-02,12,73.16800131707186,34.54832054265986,9.2,6.8,9.4,9.6,10.8,0.40000000000000036,4.000000000000001,91.0,94.67,97.0,5.7,1022.33,21.33,12.492
2011-07-03,16,83.98671733058148,31.819753920455323,5.8,5.2,8.2,12.0,12.2,6.2,6.999999999999999,48.0,77.67,94.0,2.4,1025.23,24.0,9.828
2011-07-04,12,93.7607346439769,26.590914406353143,4.0,2.4,7.27,10.6,11.2,6.6,8.799999999999999,51.0,65.67,73.0,0.0,1024.5,28.67,7.452
2011-07-05,11,83.96294952036993,24.11485323821481,3.4,2.1,7.4,12.6,13.4,9.2,11.3,49.0,70.67,82.0,0.0,1021.23,26.0,10.44
2011-07-06,12,79.6242941619887,25.893194762118135,3.2,2.1,7.93,13.7,14.6,10.5,12.5,49.0,72.67,90.0,0.0,1021.67,27.33,7.452
2011-07-07,14,77.401226410315,26.14637375288428,3.9,2.1,8.03,13.4,14.1,9.5,12.0,55.0,78.67,96.0,0.0,1021.97,25.67,7.092
2011-07-08,16,74.11154591219177,29.025416804104374,4.7,3.3,9.53,16.3,16.8,11.600000000000001,13.5,52.0,75.0,87.0,0.0,1021.7,13.67,6.9479999999999995
2011-07-09,8,73.1853002044374,33.02327739031151,6.3,4.1,12.4,21.8,22.2,15.5,18.1,47.0,76.33,94.0,0.0,1019.13,7.67,4.32
2011-07-10,11,69.08301854084405,43.7297907982048,9.5,7.9,13.9,19.0,19.7,9.5,11.799999999999999,67.0,82.0,96.0,0.0,1017.07,18.33,2.2680000000000002
2011-07-11,14,76.72281196857983,49.1945454183615,14.0,12.8,17.4,23.6,23.9,9.600000000000001,11.099999999999998,48.0,69.67,83.0,2.8,1017.63,15.33,12.24
2011-07-12,13,80.9675941339842,49.04994244194403,13.5,12.6,18.23,25.4,25.8,11.899999999999999,13.200000000000001,58.0,77.0,90.0,0.0,1015.53,19.67,11.052
2011-07-13,7,67.31405911967528,49.2635063385349,14.4,12.8,16.67,20.2,20.7,5.799999999999999,7.899999999999999,81.0,87.67,91.0,0.1,1016.07,13.67,11.988000000000001
2011-07-14,12,58.82279438303034,51.03956194082855,12.9,12.8,14.37,16.2,17.5,3.299999999999999,4.699999999999999,95.0,96.67,98.0,71.3,1014.93,12.33,6.84
2011-07-15,10,94.2893210495043,60.02285164817815,17.0,17.0,21.17,28.4,28.8,11.399999999999999,11.8,57.0,82.0,96.0,18.6,1011.23,9.33,9.360000000000001
2011-07-16,10,84.63661385852411,58.14037421349576,17.8,15.8,19.0,20.0,26.7,2.1999999999999993,10.899999999999999,75.0,82.0,86.0,2.0,1009.77,18.33,6.372
2011-07-17,10,62.98641335440537,52.09502425698986,13.6,13.5,15.57,18.0,18.4,4.4,4.899999999999999,88.0,91.67,94.0,2.5,1019.4,18.33,8.28
2011-07-18,5,61.225600424473804,50.58857438755154,14.0,14.0,14.13,14.3,14.9,0.3000000000000007,0.9000000000000004,93.0,95.67,98.0,12.6,1019.77,14.0,19.692
2011-07-19,7,72.49060165000009,52.49532561513217,14.6,14.3,17.27,21.8,22.5,7.200000000000001,8.2,68.0,81.0,91.0,0.9,1018.97,16.67,13.68
2011-07-20,6,61.348278515135945,46.68844261842771,12.4,11.3,14.67,16.4,16.4,3.9999999999999982,5.099999999999998,94.0,94.0,94.0,13.299999999999999,1017.5,15.33,8.892000000000001
2011-07-21,12,66.04136519604941,45.62758488964517,10.8,10.4,11.27,11.6,12.3,0.7999999999999989,1.9000000000000004,95.0,96.33,98.0,41.2,1017.37,22.67,6.588
2011-07-22,7,65.22697167027997,46.60628936840089,11.2,10.6,12.63,15.3,15.7,4.100000000000001,5.1,77.0,90.33,98.0,2.2,1025.8,24.33,5.652
2011-07-23,7,67.04865989996811,45.643917897561906,10.6,9.6,13.63,18.7,19.6,8.1,10.000000000000002,69.0,86.0,97.0,0.0,1029.27,9.33,3.8520000000000003
2011-07-24,10,75.4371935385496,41.10959222035381,9.4,8.5,15.6,23.2,23.9,13.799999999999999,15.399999999999999,56.0,81.33,95.0,0.1,1026.33,10.67,6.84
2011-07-25,10,87.1194665601752,50.123297046271226,14.1,12.6,19.03,27.2,27.7,13.1,15.1,49.0,74.33,89.0,0.0,1021.63,18.0,7.920000000000001
2011-07-26,11,71.73613383986995,55.43006843872868,17.9,15.2,19.27,20.6,21.2,2.700000000000003,6.0,70.0,77.67,87.0,6.2,1016.7,21.33,10.548
2011-07-27,7,67.73570204611907,44.89323683926924,12.2,10.8,15.47,19.0,19.6,6.800000000000001,8.8,70.0,84.67,93.0,0.0,1020.6,7.67,10.548
2011-07-28,9,63.04414268825033,54.193729833841296,14.3,13.8,16.5,19.1,19.9,4.800000000000001,6.099999999999998,91.0,93.67,97.0,10.4,1013.77,12.33,5.04
2011-07-29,9,59.64368314552904,55.39270738829494,16.0,15.2,16.53,16.8,17.1,0.8000000000000007,1.9000000000000021,93.0,95.67,98.0,20.0,1007.97,12.33,10.692
2011-07-30,13,66.49736784178432,46.38321278480747,13.3,11.0,13.97,15.2,15.8,1.8999999999999986,4.800000000000001,79.0,88.67,98.0,13.1,1014.9,19.67,7.920000000000001
2011-07-31,8,79.5633240043742,39.266819894364495,10.2,9.2,11.0,11.7,12.4,1.5,3.200000000000001,76.0,82.67,86.0,0.2,1019.1,16.67,16.308
2011-08-01,6,65.2663684761881,45.16133906685398,11.5,12.0,13.4,15.0,15.9,3.5,3.9000000000000004,82.0,90.0,98.0,1.0,1016.93,14.0,21.708000000000002
2011-08-02,9,77.09035234930796,36.052032919430395,10.6,9.2,11.8,14.0,14.9,3.4000000000000004,5.700000000000001,63.0,76.0,98.0,17.5,1006.53,26.0,33.228
2011-08-03,9,82.21826739210626,36.28588452705066,9.7,8.6,10.83,12.4,13.1,2.700000000000001,4.5,63.0,75.67,87.0,0.4,1012.1,32.0,22.68
2011-08-04,11,84.74457957359998,33.47576537929456,8.4,7.4,11.0,13.6,14.0,5.199999999999999,6.6,46.0,64.0,78.0,0.5,1019.13,28.67,21.492
2011-08-05,12,75.52599203428636,27.53609814674727,5.2,2.7,10.8,18.2,18.6,13.0,15.900000000000002,44.0,66.33,87.0,0.0,1022.5,23.0,7.092
2011-08-06,15,74.32306100947734,42.27859709385249,9.7,8.3,14.23,22.0,22.3,12.3,14.0,44.0,71.67,92.0,0.0,1019.63,15.33,4.428
2011-08-07,4,74.59378722873603,47.3149434496625,12.0,11.6,15.63,22.0,23.6,10.0,12.000000000000002,72.0,82.0,98.0,8.7,1018.17,14.0,9.107999999999999
2011-08-08,14,62.51903001325333,55.76886464951661,17.2,15.1,18.0,18.6,19.5,1.4000000000000021,4.4,86.0,93.67,98.0,36.0,1015.77,10.67,8.532
2011-08-09,11,58.25560210793034,53.599274698628825,16.0,15.0,16.5,17.1,17.5,1.1000000000000014,2.5,96.0,97.33,98.0,16.4,1018.23,12.33,16.812
2011-08-10,10,71.48877310840008,50.63119043112873,15.1,14.0,16.83,19.7,20.5,4.6,6.5,62.0,77.0,90.0,2.9,1022.23,10.67,19.44
2011-08-11,8,84.02094471420858,49.12609687614619,15.4,12.6,19.07,26.0,26.9,10.6,14.299999999999999,55.0,72.67,83.0,0.0,1018.03,7.67,10.8
2011-08-12,8,96.04377202194253,53.621541785042005,18.0,14.6,22.33,29.6,30.5,11.600000000000001,15.9,49.0,67.33,77.0,0.0,1012.43,25.67,11.988000000000001
2011-08-13,15,75.46445569202189,54.5487177759448,19.7,15.5,21.1,22.2,23.8,2.5,8.3,74.0,79.33,84.0,0.0,1011.63,12.33,18.612000000000002
2011-08-14,8,70.75116291393333,47.49274427547532,13.8,12.4,14.9,15.5,21.5,1.6999999999999993,9.1,76.0,81.67,85.0,0.0,1021.33,14.0,15.120000000000001
2011-08-15,11,79.10320937827201,51.811391167521634,13.0,13.2,17.33,24.2,25.2,11.2,12.0,68.0,85.0,94.0,11.6,1015.9,18.33,7.2
2011-08-16,11,109.52246270411959,59.47307930047943,19.2,16.7,23.83,32.7,33.1,13.500000000000004,16.400000000000002,37.0,68.33,90.0,0.0,1008.13,22.67,8.748000000000001
2011-08-17,12,87.87094381264113,52.36089892087756,16.0,14.3,21.27,26.2,28.6,10.2,14.3,56.0,64.67,79.0,0.0,1013.77,20.0,14.292000000000002
2011-08-18,13,65.9074096480265,51.70511772009239,14.4,13.6,15.3,16.1,17.9,1.700000000000001,4.299999999999999,82.0,87.33,95.0,6.2,1014.33,9.33,10.188
2011-08-19,11,67.95961985537286,50.734347457474826,16.0,12.8,18.1,20.7,21.3,4.699999999999999,8.5,81.0,88.33,98.0,3.0,1005.03,13.67,7.5600000000000005
2011-08-20,6,83.07400317043206,32.67369585232579,7.8,7.3,11.0,12.8,13.8,5.000000000000001,6.500000000000001,52.0,70.0,83.0,9.5,1019.1,24.33,24.012
2011-08-21,6,89.5805992778419,29.592619031749855,7.1,4.7,9.8,12.1,12.8,5.0,8.100000000000001,49.0,58.33,71.0,0.0,1029.0,25.67,12.132000000000001
2011-08-22,6,85.22663318255276,32.631754257578244,6.4,4.9,8.53,11.4,12.1,5.0,7.199999999999999,64.0,76.33,83.0,0.0,1029.63,7.67,7.092
2011-08-23,6,69.37294394978291,41.37541138689739,9.0,8.7,10.37,13.1,13.5,4.1,4.800000000000001,79.0,90.33,99.0,15.600000000000001,1026.77,9.33,7.2
2011-08-24,8,70.9736917108001,46.39074911552512,12.8,12.4,16.2,21.0,21.5,8.2,9.1,64.0,81.0,95.0,0.3,1023.9,12.33,20.52
2011-08-25,9,68.47364277304544,55.341328313191084,15.8,15.4,17.73,21.1,21.2,5.300000000000001,5.799999999999999,81.0,86.67,96.0,6.2,1017.67,16.67,12.96
2011-08-26,9,73.19539378695423,44.56260120456767,12.5,10.2,15.5,18.1,18.8,5.600000000000001,8.600000000000001,65.0,72.67,80.0,0.0,1023.67,18.33,7.812
2011-08-27,10,72.32346387885256,42.42626301717294,10.2,9.4,14.73,21.0,22.3,10.8,12.9,69.0,80.33,87.0,0.0,1018.2,10.67,8.388
2011-08-28,10,71.73589882843405,55.884435017648,16.4,16.0,18.43,21.8,22.9,5.400000000000002,6.899999999999999,82.0,87.33,95.0,10.0,1010.0,17.0,18.108
2011-08-29,11,59.832714036697354,49.467476910479824,12.9,12.8,15.03,17.8,18.0,4.9,5.199999999999999,95.0,95.67,96.0,31.799999999999997,1012.4,11.0,11.268
2011-08-30,12,60.61132393555165,50.43383797547373,14.0,13.1,14.3,14.5,15.4,0.5,2.3000000000000007,93.0,95.67,98.0,4.3,1014.47,17.0,10.44
2011-08-31,7,74.71541878729639,39.45036882796926,11.0,9.3,13.77,17.2,17.4,6.199999999999999,8.099999999999998,43.0,72.0,93.0,0.2,1024.73,25.67,16.56
2011-09-01,9,78.38789271518404,38.25918848339038,10.6,7.7,12.6,15.9,16.3,5.300000000000001,8.600000000000001,52.0,67.0,82.0,0.0,1029.9,18.33,8.748000000000001
2011-09-02,4,73.79916275031522,30.9037089331694,8.4,5.3,12.6,18.6,19.3,10.200000000000001,14.0,44.0,70.33,86.0,0.0,1028.4,10.67,12.492
2011-09-03,10,79.92208898873204,42.405893009013276,12.8,9.2,16.9,24.7,25.7,11.899999999999999,16.5,37.0,60.0,72.0,0.0,1018.87,12.33,7.452
2011-09-04,10,105.00283656059216,48.0543228562131,15.9,10.4,21.77,32.0,32.7,16.1,22.300000000000004,41.0,65.0,81.0,0.0,1012.67,6.33,3.132
2011-09-05,14,83.42379662707883,47.88365078367722,13.8,11.3,17.37,23.7,26.3,9.899999999999999,15.0,71.0,85.67,93.0,21.200000000000003,1012.8,13.67,6.228
2011-09-06,8,71.19712625467182,36.6491378023122,9.2,6.5,13.53,20.1,20.4,10.900000000000002,13.899999999999999,44.0,77.67,97.0,1.7000000000000002,1023.17,12.33,6.588
2011-09-07,6,74.67063021041956,40.023110206242016,11.9,9.9,15.2,18.4,20.7,6.499999999999998,10.799999999999999,63.0,66.33,69.0,0.0,1020.57,14.0,20.628000000000004
2011-09-08,10,69.19016033519586,52.164373415563034,15.0,14.3,16.13,17.8,18.4,2.8000000000000007,4.099999999999998,77.0,81.67,87.0,0.0,1014.9,15.33,15.228000000000002
2011-09-09,13,65.44358689968696,52.80632215461436,15.2,14.3,16.27,17.8,20.0,2.6000000000000014,5.699999999999999,80.0,89.67,96.0,3.4,1014.03,11.0,12.348
2011-09-10,8,78.54049246000007,42.51453497296228,13.0,8.9,17.13,24.0,25.0,11.0,16.1,53.0,81.0,95.0,0.1,1016.57,18.33,6.012
2011-09-11,8,74.74582231964801,45.17781774765281,14.9,11.3,17.67,20.2,20.6,5.299999999999999,9.3,49.0,66.0,86.0,0.0,1022.63,21.0,13.572000000000001
2011-09-12,6,77.82464365594015,36.427068710641365,11.6,6.9,15.93,23.3,24.4,11.700000000000001,17.5,40.0,64.33,83.0,0.0,1022.8,26.0,8.64
2011-09-13,8,75.45375635737214,46.31414244606903,15.6,11.2,17.67,20.5,21.7,4.9,10.5,48.0,63.33,76.0,0.0,1022.13,16.67,9.251999999999999
2011-09-14,13,74.96941934075201,40.04076473508563,13.0,9.5,16.07,20.4,20.7,7.399999999999999,11.2,48.0,65.0,76.0,0.0,1027.47,9.33,16.2
2011-09-15,8,78.32000860992096,45.57145657386544,13.8,11.5,18.33,24.4,24.7,10.599999999999998,13.2,46.0,62.67,75.0,0.0,1024.93,10.67,13.932
2011-09-16,9,82.96721912657569,54.75263712170259,16.3,15.2,20.53,25.6,26.7,9.3,11.5,58.0,69.33,80.0,0.0,1020.77,12.33,13.428
2011-09-17,6,89.00035196073453,58.383861164602884,18.8,16.1,21.8,27.2,28.4,8.399999999999999,12.299999999999997,53.0,71.33,83.0,0.0,1018.1,17.0,7.668
2011-09-18,8,75.9732830736001,61.91121550034339,19.8,17.6,20.93,23.2,24.0,3.3999999999999986,6.399999999999999,74.0,79.0,82.0,4.0,1020.23,14.0,7.5600000000000005
2011-09-19,7,65.46824524469214,58.7892557412849,18.4,16.1,18.9,19.8,20.3,1.4000000000000021,4.199999999999999,87.0,90.33,96.0,1.7000000000000002,1019.93,15.33,6.48
2011-09-20,12,61.94097866246362,51.42405208814479,14.1,13.6,15.17,16.2,16.4,2.0999999999999996,2.799999999999999,87.0,93.33,97.0,16.5,1018.7,15.33,11.16
2011-09-21,10,72.31568946332804,43.28630794386118,12.6,9.5,15.83,21.1,22.4,8.500000000000002,12.899999999999999,54.0,81.0,97.0,0.0,1020.2,16.67,7.092
2011-09-22,7,82.57023344983594,40.384771075793054,14.1,8.9,18.7,26.1,26.9,12.000000000000002,18.0,53.0,62.0,78.0,0.0,1017.37,15.33,10.44
2011-09-23,10,69.03195782790394,56.40885062689989,16.5,15.4,18.2,20.2,20.8,3.6999999999999993,5.4,77.0,84.0,89.0,0.0,1016.33,14.0,8.748000000000001
2011-09-24,14,71.46130028320027,50.679444293343096,15.5,13.9,17.63,19.6,21.0,4.100000000000001,7.1,65.0,78.0,88.0,4.4,1022.93,12.0,17.748
2011-09-25,5,78.7991399954142,46.707911651886086,14.6,11.4,18.83,24.5,25.0,9.9,13.6,44.0,64.67,81.0,0.0,1025.6,12.33,9.468
2011-09-26,7,80.12468371575295,47.72068867472757,15.6,12.0,19.0,24.4,25.7,8.799999999999999,13.7,49.0,64.33,82.0,0.0,1023.1,17.0,10.692
2011-09-27,7,78.28768651823728,51.93510193776269,18.4,13.8,20.43,23.4,24.8,5.0,11.0,64.0,72.33,79.0,0.0,1022.43,13.67,11.052
2011-09-28,7,82.40738394883567,54.070983669041475,17.7,14.7,20.93,25.8,26.5,8.100000000000001,11.8,52.0,69.33,81.0,0.0,1020.33,12.33,11.16
2011-09-29,8,110.4556657446999,53.971207238399714,17.9,14.4,24.8,33.8,34.5,15.899999999999999,20.1,38.0,60.0,83.0,0.0,1013.33,17.0,9.0
2011-09-30,10,78.65063950000024,62.311508439007845,20.2,18.2,22.07,24.8,25.0,4.600000000000001,6.800000000000001,67.0,77.0,84.0,0.0,1013.93,15.33,12.132000000000001
2011-10-01,7,71.68704790382051,60.79400799181351,18.2,17.8,19.63,22.0,22.7,3.8000000000000007,4.899999999999999,74.0,85.67,92.0,21.0,1011.3,26.0,15.371999999999998
2011-10-02,6,79.78777719728272,61.44761594440415,18.6,17.0,20.73,24.3,25.4,5.699999999999999,8.399999999999999,65.0,78.67,90.0,0.0,1014.03,20.0,4.932
2011-10-03,9,74.16846250872489,51.354552049308516,16.6,13.6,18.53,20.4,20.4,3.799999999999997,6.799999999999999,53.0,68.33,86.0,0.0,1018.57,20.0,11.412
2011-10-04,4,74.54074533707858,41.4839933252802,13.6,9.9,17.4,21.8,22.8,8.200000000000001,12.9,54.0,73.67,87.0,0.0,1021.47,14.0,14.508000000000001
2011-10-05,6,82.6395275535024,56.07626072299878,16.0,15.8,19.47,25.3,26.3,9.3,10.5,57.0,77.67,94.0,26.4,1015.53,15.33,14.148000000000001
2011-10-06,11,83.60971495830407,54.070983669041475,19.4,14.7,21.73,25.6,26.8,6.200000000000003,12.100000000000001,58.0,72.0,84.0,0.0,1017.3,14.0,11.16
2011-10-07,10,92.34660632790187,55.7740246947129,17.0,16.0,22.2,28.2,28.8,11.2,12.8,64.0,76.67,86.0,0.0,1015.1,12.33,18.828000000000003
2011-10-08,8,80.51636194558188,65.38914044583262,21.5,19.2,22.47,23.2,25.6,1.6999999999999993,6.400000000000002,82.0,82.67,84.0,3.6,1011.37,10.67,8.64
2011-10-09,12,102.24277177201428,67.36202058301127,20.8,19.8,23.9,29.9,30.5,9.099999999999998,10.7,57.0,79.33,92.0,0.0,1007.77,25.67,6.228
2011-10-10,10,81.5469376539221,65.85287566630333,21.4,19.8,22.97,25.5,26.2,4.100000000000001,6.399999999999999,48.0,68.67,86.0,0.2,1008.57,25.67,14.508000000000001
2011-10-11,7,78.77692577541404,56.58826472775387,20.0,16.0,21.93,24.1,25.0,4.100000000000001,9.0,61.0,69.33,78.0,0.0,1014.4,15.33,14.04
2011-10-12,13,74.90121056306633,52.67633694391942,17.2,15.0,19.3,21.3,23.5,4.100000000000001,8.5,74.0,78.67,82.0,0.0,1014.9,14.0,22.68
2011-10-13,7,83.19436392136767,64.6690134172228,18.9,19.0,21.83,25.8,26.4,6.900000000000002,7.399999999999999,67.0,79.67,86.0,2.5,1007.63,18.33,9.828
2011-10-14,11,83.55881593959963,65.14508964181366,21.0,19.2,22.97,25.7,26.6,4.699999999999999,7.400000000000002,62.0,76.67,91.0,0.4,1007.03,26.0,9.828
2011-10-15,7,76.83333117757135,57.598593315136895,18.9,16.2,20.27,22.1,24.0,3.200000000000003,7.800000000000001,56.0,70.33,80.0,0.0,1010.13,13.67,11.520000000000001
2011-10-16,3,86.43925341953008,56.95605955552776,18.2,16.0,22.13,26.8,27.8,8.600000000000001,11.8,55.0,69.67,80.0,0.0,1010.97,16.67,12.24
2011-10-17,7,84.67519479113145,51.41528696527953,19.6,13.8,22.13,26.0,27.1,6.399999999999999,13.3,53.0,72.67,83.0,0.0,1015.63,15.33,13.068
2011-10-18,7,77.94443601388315,53.710540710283986,17.8,15.0,20.1,23.3,24.4,5.5,9.399999999999999,51.0,60.33,71.0,0.0,1020.63,12.33,16.2
2011-10-19,7,80.84347957902563,53.2064245015053,16.9,14.6,20.6,25.1,26.0,8.200000000000003,11.4,56.0,65.67,72.0,0.0,1020.83,12.33,13.788
2011-10-20,2,74.6560098180332,53.814386246065084,18.2,15.4,19.47,22.0,23.0,3.8000000000000007,7.6,62.0,74.67,84.0,0.0,1021.43,15.33,21.852
2011-10-21,9,89.97554469901473,53.85451808948963,17.2,14.8,22.23,28.3,29.6,11.100000000000001,14.8,41.0,60.67,74.0,0.0,1018.7,9.33,13.068
2011-10-22,7,97.71758075297382,56.604870464506405,19.7,15.6,24.17,30.8,32.1,11.100000000000001,16.5,37.0,57.33,77.0,0.0,1017.3,27.33,9.72
2011-10-23,8,105.77051032502415,59.18001822726462,23.0,16.8,27.47,33.8,34.8,10.799999999999997,17.999999999999996,34.0,52.0,69.0,0.0,1016.53,24.33,10.908
2011-10-24,7,86.80756291400063,65.36446904654348,22.9,18.7,24.97,27.0,27.8,4.100000000000001,9.100000000000001,61.0,71.33,82.0,0.5,1014.2,13.67,4.680000000000001
2011-10-25,7,77.88096225396386,63.77211915536624,18.7,18.3,20.97,24.0,24.9,5.300000000000001,6.599999999999998,80.0,88.33,94.0,18.4,1007.77,16.67,6.732
2011-10-26,3,70.1447424337277,56.464126914483785,16.3,15.9,18.4,20.6,21.3,4.300000000000001,5.4,63.0,82.67,97.0,48.199999999999996,1009.2,22.67,13.428
2011-10-27,12,77.08474487261631,45.32792433062954,17.8,12.2,19.67,23.0,23.6,5.199999999999999,11.400000000000002,33.0,59.67,75.0,0.0,1011.87,29.0,23.759999999999998
2011-10-28,5,79.42910031501484,45.76711960486846,18.0,11.4,20.3,24.9,26.1,6.899999999999999,14.700000000000001,23.0,42.33,62.0,0.0,1011.5,32.0,12.348
2011-10-29,7,74.93863434346069,53.11379057683497,18.9,13.2,20.2,21.9,22.7,3.0,9.5,68.0,70.67,72.0,0.0,1009.17,17.0,4.572
2011-10-30,5,75.95742323080016,56.60918032243093,16.7,16.0,19.77,22.8,23.5,6.100000000000001,7.5,54.0,71.0,82.0,2.5,1013.4,19.67,13.932
2011-10-31,11,76.55378524813827,49.951748290753464,16.6,13.2,19.33,22.4,23.5,5.799999999999997,10.3,47.0,65.33,83.0,0.0,1021.3,19.67,13.068
2011-11-01,6,77.97967000200296,46.36097887198775,15.5,12.0,19.1,22.6,24.4,7.100000000000001,12.399999999999999,45.0,58.67,74.0,0.0,1024.63,10.67,15.732000000000001
2011-11-02,9,80.00139644134879,49.55844753065893,16.6,13.6,20.1,23.4,25.7,6.799999999999997,12.1,50.0,61.67,76.0,0.0,1024.0,11.0,19.8
2011-11-03,3,81.49146886962961,51.203784261246106,17.0,14.0,21.13,26.0,26.5,9.0,12.5,43.0,60.33,75.0,0.0,1021.87,12.33,16.308
2011-11-04,5,91.60573428774367,55.55030894761715,17.3,15.1,22.57,29.4,30.4,12.099999999999998,15.299999999999999,36.0,57.67,72.0,0.0,1017.97,19.67,9.251999999999999
2011-11-05,3,95.4146951317764,57.52787004836029,19.8,16.0,24.93,30.6,31.1,10.8,15.100000000000001,49.0,60.67,78.0,0.0,1014.63,21.33,9.828
2011-11-06,10,96.26751512160615,65.09972232123481,24.0,19.6,25.6,27.2,31.0,3.1999999999999993,11.399999999999999,59.0,63.33,69.0,0.0,1014.9,21.33,16.56
2011-11-07,8,83.89083092366181,56.364410392331344,20.0,16.2,22.37,26.4,27.0,6.399999999999999,10.8,52.0,69.67,83.0,0.0,1017.4,14.0,18.252000000000002
2011-11-08,4,90.08390977489006,52.78544806981408,18.0,14.6,22.63,28.7,29.1,10.7,14.500000000000002,55.0,66.33,72.0,0.0,1014.3,14.0,15.840000000000002
2011-11-09,7,118.84971345539202,63.13657639018485,20.0,18.4,27.17,35.0,35.2,15.0,16.800000000000004,45.0,65.0,88.0,0.0,1009.63,17.0,10.332
2011-11-10,10,85.70252438319976,69.84311816926285,22.8,21.3,24.23,27.0,27.0,4.199999999999999,5.699999999999999,67.0,81.0,89.0,5.2,1009.9,27.33,11.988000000000001
2011-11-11,4,81.71658348361206,60.72333483617708,21.4,17.6,23.13,25.8,26.3,4.400000000000002,8.7,50.0,67.67,88.0,1.3,1015.83,11.0,12.852
2011-11-12,5,81.19342625345368,53.0810026241707,17.6,14.8,21.67,25.8,26.3,8.2,11.5,48.0,61.67,71.0,0.0,1020.1,10.67,16.92
2011-11-13,8,78.04812626429813,59.19523542540859,18.3,17.2,20.87,22.6,24.6,4.300000000000001,7.400000000000002,61.0,67.33,71.0,0.0,1016.57,12.33,16.092
2011-11-14,8,78.01449676741532,59.59132204553489,18.5,17.8,20.73,23.8,24.6,5.300000000000001,6.800000000000001,59.0,68.33,76.0,0.0,1014.63,9.33,25.092
2011-11-15,6,75.65258254923268,58.33701347106955,19.2,16.9,20.23,22.1,22.8,2.900000000000002,5.900000000000002,53.0,66.67,75.0,0.0,1013.97,12.33,16.812
2011-11-16,10,86.05602448719999,49.74968021521573,17.3,12.8,21.4,27.7,28.0,10.399999999999999,15.2,44.0,65.0,76.0,0.0,1016.0,9.0,10.332
2011-11-17,7,85.87630286521625,55.861398410099305,19.9,15.2,23.4,27.7,28.4,7.800000000000001,13.2,47.0,59.0,69.0,0.0,1015.5,12.33,9.0
2011-11-18,4,84.99249071284419,58.44654632126171,19.8,17.0,23.33,27.2,27.8,7.399999999999999,10.8,45.0,62.67,78.0,0.0,1016.23,12.33,17.748
2011-11-19,6,97.03980593100826,55.680145898826694,19.4,15.8,24.47,30.8,31.8,11.400000000000002,16.0,42.0,58.33,75.0,0.0,1015.8,9.33,16.308
2011-11-20,6,89.43298508266813,62.030641452287234,21.6,17.8,24.63,28.1,29.7,6.5,11.899999999999999,48.0,58.0,72.0,0.0,1013.4,15.33,8.892000000000001
2011-11-21,4,82.73854382655436,69.69869553047079,22.1,20.6,23.3,24.4,26.4,2.299999999999997,5.799999999999997,66.0,75.33,86.0,0.3,1009.37,13.67,4.428
2011-11-22,6,79.42586858507475,65.7504947525853,20.6,20.0,21.7,23.6,25.3,3.0,5.300000000000001,76.0,88.67,95.0,6.800000000000001,1006.07,18.33,19.8
2011-11-23,9,83.63877699850812,59.67436879407964,20.6,17.1,22.77,25.2,26.9,4.599999999999998,9.799999999999997,64.0,70.0,82.0,0.1,1014.67,13.67,11.988000000000001
2011-11-24,8,85.93649101466238,55.38552703770157,19.6,15.1,22.67,26.4,27.8,6.799999999999997,12.700000000000001,56.0,67.33,78.0,0.0,1014.27,13.67,9.828
2011-11-25,8,99.5558944255866,55.36696005435277,19.8,15.3,24.57,31.0,31.6,11.2,16.3,53.0,64.67,71.0,0.0,1012.57,12.0,11.772
2011-11-26,12,103.06445812963383,61.34354983066246,20.9,17.4,25.77,31.8,32.8,10.900000000000002,15.399999999999999,29.0,61.33,82.0,0.0,1011.37,15.33,7.920000000000001
2011-11-27,10,112.02474489249354,67.00874273378193,22.7,20.1,27.2,32.6,33.4,9.900000000000002,13.299999999999997,54.0,69.33,82.0,0.0,1012.9,14.0,11.520000000000001
2011-11-28,10,119.14588283043166,69.08342539485005,23.1,21.0,29.23,35.8,35.8,12.699999999999996,14.799999999999997,41.0,61.67,84.0,0.0,1012.83,12.33,12.24
2011-11-29,10,120.26930003676253,67.9216307190371,23.6,20.5,27.57,33.7,34.9,10.100000000000001,14.399999999999999,50.0,68.33,80.0,0.0,1010.63,11.0,11.879999999999999
2011-11-30,5,113.2090826563322,68.3392389674399,23.8,20.6,25.73,28.2,32.7,4.399999999999999,12.100000000000001,60.0,76.0,86.0,10.0,1005.1,26.0,10.692
2011-12-01,6,79.11739999643706,53.66578732281348,18.2,14.8,20.93,23.8,25.2,5.600000000000001,10.399999999999999,48.0,61.67,82.0,8.0,1011.7,18.33,13.932
2011-12-02,8,82.16230783560007,55.46601103502927,17.8,15.0,20.2,24.4,26.5,6.599999999999998,11.5,57.0,67.0,75.0,0.0,1015.7,19.67,8.748000000000001
2011-12-03,7,89.350395942156,56.41542541575984,18.7,15.6,23.57,28.6,29.1,9.900000000000002,13.500000000000002,53.0,64.0,75.0,0.0,1015.8,17.0,10.44
2011-12-04,5,97.08191180080017,63.28095701403774,20.6,18.6,25.13,29.8,31.0,9.2,12.399999999999999,52.0,65.0,80.0,0.0,1013.6,12.33,12.132000000000001
2011-12-05,6,104.60178472798852,64.6371747738435,21.4,19.3,26.27,31.7,32.8,10.3,13.499999999999996,49.0,63.67,77.0,0.0,1013.17,8.0,14.4
2011-12-06,7,106.75674606480028,70.328899425269,22.4,21.4,25.67,31.1,32.0,8.700000000000003,10.600000000000001,55.0,73.0,84.0,0.1,1012.63,10.67,10.188
2011-12-07,4,115.34861633988396,67.87177704932206,22.7,20.1,26.3,29.7,33.3,7.0,13.199999999999996,63.0,74.0,86.0,0.6,1010.97,18.0,6.9479999999999995
2011-12-08,6,90.78297311175369,65.19407657131522,21.6,19.5,24.53,27.8,29.2,6.199999999999999,9.7,51.0,67.33,78.0,0.0,1012.87,15.33,13.932
2011-12-09,7,85.32193699000027,60.66969938856679,21.7,17.8,23.3,25.8,27.5,4.100000000000001,9.7,57.0,69.0,76.0,0.0,1012.8,14.0,16.2
2011-12-10,6,94.49195183097558,61.30390461719078,21.1,17.6,24.03,29.0,30.1,7.899999999999999,12.5,51.0,67.67,77.0,0.0,1011.23,22.67,9.972
2011-12-11,7,97.36180173362692,62.02862608761088,21.4,18.2,25.4,29.0,30.8,7.600000000000001,12.600000000000001,53.0,67.33,86.0,0.0,1009.73,14.0,13.788
2011-12-12,10,104.5033994956481,62.512326162369895,21.7,17.9,26.2,32.0,32.6,10.3,14.700000000000003,45.0,65.0,78.0,0.0,1008.17,24.33,7.920000000000001
2011-12-13,8,81.35149432713753,65.99411434173939,19.3,19.4,22.0,25.6,26.0,6.300000000000001,6.600000000000001,56.0,73.33,86.0,4.7,1010.53,16.67,8.028
2011-12-14,9,91.99004831612417,61.172211462119925,21.0,17.8,24.17,28.4,29.3,7.399999999999999,11.5,54.0,69.67,80.0,0.0,1009.13,21.33,13.068
2011-12-15,6,85.6285023835102,57.37246413938851,20.6,16.3,23.07,27.5,28.1,6.899999999999999,11.8,46.0,61.67,70.0,2.1,1007.1,30.33,13.788
2011-12-16,3,86.9592000960962,60.086567522123865,18.8,17.0,21.7,23.6,27.4,4.800000000000001,10.399999999999999,71.0,79.0,90.0,5.9,1005.5,21.0,9.107999999999999
2011-12-17,9,96.25742523375911,63.191288921470324,21.3,18.0,24.1,27.0,30.0,5.699999999999999,12.0,58.0,72.67,91.0,16.900000000000002,1006.63,16.67,6.372
2011-12-18,8,89.10870386204813,64.142334359612,21.5,18.8,24.23,28.2,29.4,6.699999999999999,10.599999999999998,47.0,60.0,72.0,1.5,1006.8,28.67,10.08
2011-12-19,6,98.69748443766403,64.73986599348922,22.3,18.9,26.8,32.6,32.8,10.3,13.899999999999999,37.0,54.0,72.0,0.0,1006.33,24.33,8.388
2011-12-20,9,118.23248289985635,66.38575673989688,24.1,19.3,28.57,35.7,36.1,11.600000000000001,16.8,32.0,59.0,75.0,0.0,1008.8,16.67,5.652
2011-12-21,6,112.42175086213443,71.71426272880237,24.6,22.0,27.9,33.5,33.9,8.899999999999999,11.899999999999999,48.0,66.33,77.0,0.0,1009.33,18.33,10.548
2011-12-22,10,122.74784753331333,65.76155351185153,23.4,19.6,28.8,35.9,36.4,12.5,16.799999999999997,42.0,61.67,81.0,0.0,1006.77,12.0,11.772
2011-12-23,8,105.84870764842232,76.5469466769238,26.0,24.0,28.1,29.3,32.0,3.3000000000000007,8.0,60.0,71.67,85.0,0.7,1009.13,19.67,10.08
2011-12-24,9,79.45746351537275,61.18242029636065,19.5,17.5,21.43,25.3,25.3,5.800000000000001,7.800000000000001,82.0,85.67,88.0,0.6000000000000001,1017.2,12.33,9.468
2011-12-25,5,74.9743897371938,60.6516287903177,17.5,17.2,20.0,22.7,23.2,5.199999999999999,6.0,64.0,74.67,87.0,1.0,1021.87,10.67,8.748000000000001
2011-12-26,9,89.79920682976042,60.14999356501361,20.0,17.5,24.5,29.0,29.2,9.0,11.7,53.0,64.33,76.0,0.0,1019.83,12.33,14.76
2011-12-27,6,87.14236518170716,63.48649154043568,21.3,18.7,23.87,27.7,28.1,6.399999999999999,9.400000000000002,61.0,68.33,72.0,0.0,1016.13,12.33,12.348
2011-12-28,8,86.57146276825623,63.81906749715165,22.0,19.3,24.8,27.4,28.4,5.399999999999999,9.099999999999998,46.0,62.0,83.0,0.0,1018.03,14.0,21.348
2011-12-29,4,88.51903937516067,58.7243524393071,20.8,16.6,23.87,27.9,29.0,7.099999999999998,12.399999999999999,47.0,62.33,77.0,0.0,1015.73,14.0,10.8
2011-12-30,6,93.78138606928135,62.01523365822634,20.6,18.3,24.93,29.0,30.6,8.399999999999999,12.3,49.0,61.33,73.0,0.0,1011.4,12.33,15.48
2011-12-31,3,74.1749367217983,61.23223100396459,21.1,18.3,22.13,22.7,23.2,1.5999999999999979,4.899999999999999,76.0,79.33,82.0,9.1,1009.4,9.33,21.708000000000002
2012-01-01,7,81.99754911520046,60.77747944104247,18.3,17.8,21.1,25.8,26.0,7.5,8.2,67.0,83.0,96.0,12.399999999999999,1011.27,11.0,15.48
2012-01-02,5,88.6069088335566,66.48418361264845,21.1,20.1,23.77,27.7,28.2,6.599999999999998,8.099999999999998,51.0,72.67,90.0,0.3,1009.33,16.67,15.371999999999998
2012-01-03,6,98.93356242393949,60.64400355193927,20.7,17.4,23.63,28.9,30.7,8.2,13.3,47.0,71.33,85.0,0.0,1011.63,21.33,10.8
2012-01-04,5,88.91215275244056,62.14790391180394,22.4,18.2,25.03,28.8,29.0,6.400000000000002,10.8,45.0,63.67,75.0,0.0,1013.5,21.0,13.068
2012-01-05,2,87.92587571630116,60.28319129367778,20.5,17.4,24.37,28.6,28.7,8.100000000000001,11.3,50.0,63.67,78.0,0.0,1015.7,12.33,12.6
2012-01-06,6,102.19880345364855,65.04687957073249,21.8,19.5,26.37,31.6,32.3,9.8,12.799999999999997,51.0,63.67,71.0,0.0,1012.03,15.33,15.012
2012-01-07,8,97.33975090220807,69.95257315442159,24.4,21.3,26.4,29.5,30.4,5.100000000000001,9.099999999999998,55.0,71.0,81.0,0.0,1014.53,14.0,11.16
2012-01-08,6,113.57171860424127,69.01398122565601,23.6,21.2,27.73,32.6,34.2,9.0,13.000000000000004,50.0,65.67,82.0,0.0,1015.83,14.0,17.28
2012-01-09,6,118.36596996362339,69.87866916955849,24.2,21.6,29.03,34.1,35.5,9.900000000000002,13.899999999999999,49.0,62.67,79.0,0.0,1015.4,12.33,18.828000000000003
2012-01-10,8,103.23972806616453,68.14915142608587,25.0,21.0,27.33,30.4,32.3,5.399999999999999,11.299999999999997,58.0,65.33,71.0,0.0,1012.57,12.33,21.348
2012-01-11,4,122.75514672537633,72.42966339489314,25.1,22.4,30.37,36.5,37.0,11.399999999999999,14.600000000000001,41.0,58.33,81.0,0.0,1009.77,6.33,12.708
2012-01-12,4,107.62078466295613,74.5502884226583,26.4,23.2,28.7,30.8,33.4,4.400000000000002,10.2,60.0,63.67,69.0,0.6000000000000001,1010.4,21.33,10.908
2012-01-13,8,74.92727857382135,68.25639802806188,21.7,20.8,23.03,24.2,24.2,2.5,3.3999999999999986,84.0,91.67,96.0,42.599999999999994,1011.3,14.0,15.012
2012-01-14,7,66.68503958615155,66.23678467261215,20.8,20.0,20.9,21.0,22.0,0.1999999999999993,2.0,95.0,95.33,96.0,47.8,1009.93,18.0,15.371999999999998
2012-01-15,7,92.22825323241626,65.46866286894475,20.2,19.2,23.43,28.3,28.6,8.100000000000001,9.400000000000002,58.0,79.0,95.0,19.2,1012.9,18.33,8.28
2012-01-16,11,96.55012227523449,62.502709108713674,21.8,18.0,25.33,29.4,30.8,7.599999999999998,12.8,51.0,65.67,77.0,0.0,1014.93,7.67,8.892000000000001
2012-01-17,6,96.26418873072821,65.04406207849445,22.2,19.6,25.37,29.0,30.1,6.800000000000001,10.5,61.0,71.67,78.0,0.0,1014.73,12.33,17.028000000000002
2012-01-18,8,95.36247370995595,68.31120036041847,23.2,20.9,26.1,28.9,30.1,5.699999999999999,9.200000000000003,58.0,69.67,81.0,0.0,1013.9,14.0,16.812
2012-01-19,9,107.24411648320027,65.88003950088623,22.9,19.6,26.77,32.2,33.0,9.300000000000004,13.399999999999999,49.0,66.0,80.0,0.0,1012.57,11.0,11.052
2012-01-20,8,111.21470511895062,68.12245255456553,24.3,20.3,27.53,31.7,33.4,7.399999999999999,13.099999999999998,55.0,68.33,77.0,0.0,1011.37,12.33,7.920000000000001
2012-01-21,7,113.4462876425853,73.12423137830874,25.8,22.5,28.27,32.2,33.5,6.400000000000002,11.0,56.0,70.33,79.0,0.0,1012.37,10.67,8.892000000000001
2012-01-22,5,118.24558790804821,73.00975314394165,26.2,22.2,29.07,34.6,35.1,8.400000000000002,12.900000000000002,45.0,65.0,79.0,0.0,1010.03,22.67,5.508
2012-01-23,11,119.49612303704939,77.56617632581498,28.8,24.3,31.13,35.3,36.8,6.4999999999999964,12.499999999999996,46.0,56.33,64.0,0.0,1008.37,26.0,7.092
2012-01-24,12,114.17125547987209,79.91076471435348,29.4,25.4,31.23,34.7,35.2,5.300000000000004,9.800000000000004,52.0,60.0,67.0,0.0,1006.13,24.0,9.72
2012-01-25,5,94.06510302601606,72.26511541038832,25.1,22.0,26.57,29.1,29.4,4.0,7.399999999999999,57.0,74.0,87.0,33.0,1010.9,15.0,6.9479999999999995
2012-01-26,9,88.15562751259539,61.59047507822394,22.0,18.1,24.8,28.1,28.8,6.100000000000001,10.7,43.0,63.33,82.0,1.0,1016.97,14.0,15.012
2012-01-27,10,85.00483110980203,60.066879545357224,21.3,17.6,24.03,27.6,27.9,6.300000000000001,10.299999999999997,51.0,61.33,68.0,0.0,1018.3,12.33,16.92
2012-01-28,4,88.38717614219223,61.663864914035734,21.0,18.2,24.33,28.2,28.9,7.199999999999999,10.7,51.0,63.0,75.0,0.0,1016.2,14.0,16.2
2012-01-29,2,99.89841491094509,61.48037362588373,21.8,17.8,25.93,31.8,31.8,10.0,14.0,48.0,63.67,78.0,0.0,1013.07,12.33,11.412
2012-01-30,8,110.60060111651845,63.24443766796192,22.8,18.3,27.07,33.8,34.9,10.999999999999996,16.599999999999998,30.0,57.67,77.0,0.0,1010.3,28.67,8.748000000000001
2012-01-31,1,119.05602760009629,65.21629975465683,25.1,19.2,28.8,34.6,36.6,9.5,17.400000000000002,36.0,57.0,72.0,0.0,1009.2,18.33,9.468
2012-02-01,3,118.07774926377508,69.84931285470952,25.9,20.9,28.73,33.5,34.4,7.600000000000001,13.5,56.0,69.33,79.0,0.0,1009.87,9.0,6.372
2012-02-02,13,122.551350146279,72.14868370462804,26.2,22.2,29.5,34.9,35.2,8.7,13.000000000000004,55.0,68.67,78.0,0.0,1011.2,15.33,10.908
2012-02-03,6,136.27317397039127,77.65826771661969,25.8,24.4,29.47,35.4,36.2,9.599999999999998,11.800000000000004,52.0,74.33,89.0,1.6,1010.47,19.67,8.388
2012-02-04,8,130.18213759498823,75.44392388037461,26.8,23.6,30.07,35.8,36.1,8.999999999999996,12.5,49.0,70.0,83.0,0.1,1010.7,27.33,11.628
2012-02-05,8,133.6454785102737,75.57089427549263,23.6,23.5,28.73,34.2,35.7,10.600000000000001,12.200000000000003,59.0,75.33,93.0,4.9,1011.4,11.0,8.172
2012-02-06,12,110.41470364448877,78.00824273477413,23.7,24.6,27.1,31.3,31.7,7.600000000000001,7.099999999999998,66.0,80.67,92.0,11.2,1011.73,19.67,9.72
2012-02-07,6,113.43668751932815,76.60607704866959,24.6,24.0,27.37,30.0,32.4,5.399999999999999,8.399999999999999,73.0,78.67,84.0,0.0,1009.93,23.0,9.468
2012-02-08,3,131.8344452956,73.7858171686224,26.3,22.8,29.77,35.4,36.5,9.099999999999998,13.7,45.0,69.0,84.0,0.0,1007.93,15.33,9.251999999999999
2012-02-09,6,100.83848964000003,74.00758204396054,23.5,22.7,26.43,29.3,30.0,5.800000000000001,7.300000000000001,68.0,82.0,92.0,9.6,1008.8,18.33,6.228
2012-02-10,4,92.72551728859187,71.15116409947717,24.6,22.0,25.87,28.4,29.3,3.799999999999997,7.300000000000001,56.0,71.67,81.0,0.0,1012.7,19.67,15.732000000000001
2012-02-11,8,90.06342041027213,63.47573992103735,22.5,18.6,24.8,28.9,29.4,6.399999999999999,10.799999999999997,44.0,63.0,73.0,0.3,1011.43,25.67,11.052
2012-02-12,8,97.26878563177226,63.3108656909234,23.2,18.1,25.87,31.1,31.9,7.900000000000002,13.799999999999997,39.0,58.0,68.0,0.0,1011.2,24.33,6.732
2012-02-13,6,105.21221337067195,64.23247905912115,23.6,19.0,27.2,32.8,33.3,9.199999999999996,14.299999999999997,52.0,61.0,67.0,0.0,1013.1,21.33,12.24
2012-02-14,8,118.97795719290085,68.64141844081647,24.2,20.5,28.93,35.5,36.0,11.3,15.5,38.0,60.33,79.0,0.0,1013.03,22.67,7.668
2012-02-15,12,119.39025945456734,74.10970099795938,27.2,23.2,30.27,35.0,36.6,7.800000000000001,13.400000000000002,45.0,57.33,71.0,0.0,1014.63,27.33,15.947999999999999
2012-02-16,3,120.41033390395829,80.70302652076029,28.8,25.8,31.43,36.0,36.9,7.199999999999999,11.099999999999998,44.0,56.67,67.0,0.0,1014.7,27.33,12.708
2012-02-17,12,122.75514672537633,77.58842273253386,28.6,24.4,30.9,35.0,37.0,6.399999999999999,12.600000000000001,49.0,58.33,68.0,0.0,1012.97,25.67,9.107999999999999
2012-02-18,12,124.25151625000001,76.19516487729464,28.9,24.1,31.5,36.6,37.5,7.700000000000003,13.399999999999999,41.0,57.0,69.0,0.0,1011.97,27.0,18.468
2012-02-19,9,129.70237376560007,76.5189848144404,30.2,24.2,32.9,38.0,39.0,7.800000000000001,14.8,40.0,54.0,65.0,0.0,1011.0,24.33,17.172
2012-02-20,10,113.92072002531475,73.7479727034801,24.2,23.0,29.53,33.5,35.1,9.3,12.100000000000001,46.0,60.33,85.0,17.3,1012.47,30.33,14.292000000000002
2012-02-21,7,112.27336325351455,74.44202008809822,26.9,23.4,29.13,32.3,34.9,5.399999999999999,11.5,53.0,59.67,69.0,0.0,1008.83,25.67,18.36
2012-02-22,8,95.54421326525193,73.94422570354146,22.9,22.7,24.5,26.3,28.5,3.400000000000002,5.800000000000001,86.0,89.67,94.0,84.3,1007.57,18.33,6.588
2012-02-23,4,110.59520568180625,70.3819281123128,23.6,21.4,26.23,30.9,32.0,7.299999999999997,10.600000000000001,56.0,78.33,92.0,1.2,1009.97,27.33,9.828
2012-02-24,4,96.4144500339522,73.76474744460394,26.2,22.9,27.63,29.7,30.2,3.5,7.300000000000001,61.0,71.0,78.0,0.0,1011.23,12.33,11.520000000000001
2012-02-25,10,81.32727860417725,70.52785926796327,22.9,21.4,23.9,24.7,25.8,1.8000000000000007,4.400000000000002,81.0,84.67,88.0,0.4,1010.4,14.0,8.892000000000001
2012-02-26,8,114.22078780480057,70.30812791248971,21.5,21.4,25.5,31.3,32.0,9.8,10.600000000000001,58.0,83.0,96.0,8.6,1007.57,26.0,10.332
2012-02-27,4,99.25179515369652,64.61943483335476,24.6,19.0,26.73,30.7,31.1,6.099999999999998,12.100000000000001,54.0,68.33,76.0,0.0,1011.97,15.33,10.08
2012-02-28,3,115.29550809598408,69.46559728443424,23.5,21.2,27.33,32.4,33.9,8.899999999999999,12.7,55.0,69.67,80.0,0.0,1010.17,21.33,13.068
2012-02-29,1,120.57663838000008,71.23596075260295,26.0,21.7,29.37,34.2,35.0,8.200000000000003,13.3,50.0,68.0,81.0,0.0,1008.7,33.0,8.892000000000001
2012-03-01,3,93.38829969663894,71.55138690204892,21.7,21.8,24.7,26.7,28.6,5.0,6.800000000000001,75.0,82.33,96.0,37.0,1008.1,33.0,8.388
2012-03-02,11,91.20726913996491,69.14583975382789,22.0,21.0,24.67,27.4,28.8,5.399999999999999,7.800000000000001,66.0,73.33,81.0,0.0,1012.27,22.67,11.772
2012-03-03,7,95.50738935999989,63.91483533216858,23.0,19.0,25.67,29.8,30.0,6.800000000000001,11.0,54.0,71.0,80.0,0.0,1016.83,14.0,14.292000000000002
2012-03-04,6,117.08308132105532,66.43055634747284,22.8,19.6,27.63,34.0,34.8,11.2,15.199999999999996,47.0,65.67,80.0,0.0,1016.33,14.0,8.172
2012-03-05,10,121.81221113656574,70.09842040277428,24.8,21.2,28.83,34.8,35.3,9.999999999999996,14.099999999999998,49.0,67.33,83.0,0.0,1013.67,21.33,8.64
2012-03-06,6,122.22650378487566,70.9696581373872,26.6,21.8,29.9,35.8,36.2,9.199999999999996,14.400000000000002,47.0,62.33,77.0,0.0,1014.6,22.67,12.708
2012-03-07,6,131.43105211808634,68.40829213908435,24.0,20.4,28.37,35.0,36.5,11.0,16.1,45.0,68.67,86.0,0.2,1015.87,24.33,7.668
2012-03-08,8,115.34861633988396,72.0541490236937,26.7,21.9,27.83,29.6,33.3,2.900000000000002,11.399999999999999,71.0,74.0,79.0,0.0,1015.73,18.33,6.84
2012-03-09,6,105.39880484320041,71.63698416044674,25.6,22.0,27.53,30.7,32.0,5.099999999999998,10.0,54.0,71.0,82.0,0.0,1016.0,14.0,11.16
2012-03-10,5,116.83555097267194,67.4807427914433,24.2,20.4,27.73,33.4,34.4,9.2,14.0,50.0,68.0,85.0,0.0,1013.43,26.0,13.32
2012-03-11,6,128.04303408880008,73.57070378484357,26.8,22.6,30.17,35.8,37.0,8.999999999999996,14.399999999999999,41.0,63.0,75.0,0.0,1011.97,22.67,7.452
2012-03-12,10,120.14297254114527,71.52830328860449,26.4,21.8,30.23,36.3,37.1,9.899999999999999,15.3,37.0,55.33,72.0,0.0,1011.13,27.33,8.532
2012-03-13,4,115.52714278255425,76.62228441938501,28.6,24.1,31.37,35.4,35.9,6.799999999999997,11.799999999999997,49.0,57.33,64.0,0.0,1008.87,18.0,11.988000000000001
2012-03-14,3,79.03439560882981,72.25602699603783,22.8,22.1,23.97,24.7,25.2,1.8999999999999986,3.099999999999998,82.0,88.33,97.0,78.9,1011.77,15.33,8.388
2012-03-15,9,83.80825556659336,65.63259703963524,20.8,19.6,23.0,26.1,26.6,5.300000000000001,7.0,57.0,78.67,98.0,1.8,1015.27,25.67,12.6
2012-03-16,12,90.09203369089556,57.82381800885222,19.8,15.6,23.23,28.2,28.9,8.399999999999999,13.299999999999999,56.0,68.67,76.0,0.0,1018.37,7.67,6.012
2012-03-17,1,92.70259446465504,63.235309963052444,21.6,18.5,24.47,27.9,29.6,6.299999999999997,11.100000000000001,54.0,68.33,80.0,0.0,1018.8,12.33,11.052
2012-03-18,6,100.73369794758426,61.82678415149294,22.0,18.0,25.53,31.0,32.2,9.0,14.200000000000003,43.0,62.0,75.0,0.0,1016.0,12.33,12.132000000000001
2012-03-19,4,100.9240446165569,62.502709108713674,22.6,18.0,26.37,32.1,32.6,9.5,14.600000000000001,36.0,59.33,78.0,0.0,1014.53,15.33,8.892000000000001
2012-03-20,9,103.10381998478326,65.14452391483456,23.0,19.0,26.6,32.2,32.9,9.200000000000003,13.899999999999999,41.0,60.67,75.0,0.0,1012.77,19.67,7.668
2012-03-21,4,82.23280697899105,65.98513971029006,22.5,19.3,24.13,26.0,26.4,3.5,7.099999999999998,65.0,70.33,81.0,0.3,1010.17,25.67,7.092
2012-03-22,3,89.28584049880004,66.66492398665285,21.0,19.7,24.07,27.6,28.5,6.600000000000001,8.8,53.0,71.0,84.0,0.4,1010.03,30.33,8.172
2012-03-23,7,83.64324043183179,61.53051812429578,20.0,17.8,22.9,26.3,26.7,6.300000000000001,8.899999999999999,59.0,74.67,85.0,0.3,1010.0,18.33,11.16
2012-03-24,4,84.46889917929008,60.679860488890945,20.0,17.2,22.47,26.4,27.3,6.399999999999999,10.100000000000001,42.0,67.67,88.0,2.2,1013.47,21.33,8.64
2012-03-25,4,86.54677187785602,57.809172705723604,19.0,15.5,21.6,26.4,27.4,7.399999999999999,11.899999999999999,63.0,77.0,88.0,0.0,1014.4,21.33,5.508
2012-03-26,8,89.96805413960973,59.972795933692865,21.1,16.8,22.57,25.1,28.4,4.0,11.599999999999998,69.0,74.67,79.0,0.0,1013.57,15.33,7.812
2012-03-27,9,75.78744958139185,58.66438699054711,18.0,17.0,20.03,21.9,22.7,3.8999999999999986,5.699999999999999,38.0,65.0,83.0,1.5999999999999999,1014.23,29.0,16.308
2012-03-28,9,76.71555102549769,42.30368075943911,13.6,11.2,17.27,21.1,21.8,7.500000000000002,10.600000000000001,36.0,52.67,71.0,0.0,1017.4,27.0,26.532
2012-03-29,1,80.20994002043415,46.30566772825809,15.9,9.8,19.23,25.3,26.1,9.4,16.3,34.0,53.67,71.0,0.0,1018.53,25.67,3.6
2012-03-30,9,85.00483110980203,50.11873095672678,16.7,13.1,20.77,27.4,27.9,10.7,14.799999999999999,50.0,61.33,82.0,0.0,1020.87,19.67,11.520000000000001
2012-03-31,6,91.6661364129255,59.94115634693246,19.8,16.4,23.03,29.3,29.4,9.5,13.0,52.0,67.67,85.0,0.0,1021.97,9.33,5.292
2012-04-01,6,97.3479787869019,61.808063014530575,21.2,17.2,25.0,31.0,31.1,9.8,13.900000000000002,45.0,64.67,78.0,0.0,1019.1,9.33,5.148
2012-04-02,9,106.08897365607545,61.16615534032613,22.0,17.2,25.37,31.9,32.6,9.899999999999999,15.400000000000002,42.0,67.33,82.0,0.0,1015.43,22.67,6.9479999999999995
2012-04-03,14,98.15157095321229,59.44058040861896,20.5,16.4,24.7,30.6,30.9,10.100000000000001,14.5,58.0,68.0,84.0,0.0,1015.13,13.67,6.588
2012-04-04,5,118.39969051493793,64.36725868274746,21.0,18.8,25.57,33.4,34.4,12.399999999999999,15.599999999999998,37.0,69.67,89.0,0.0,1012.73,21.33,9.0
2012-04-05,11,80.03339719323361,62.42431096572406,18.4,18.2,22.33,25.2,25.5,6.800000000000001,7.300000000000001,66.0,75.67,92.0,10.8,1008.6,22.67,11.520000000000001
2012-04-06,6,79.8473977999218,61.46321436831369,19.0,17.7,21.23,24.9,25.5,5.899999999999999,7.800000000000001,50.0,68.33,88.0,0.0,1012.7,27.33,10.332
2012-04-07,5,84.68582172777624,52.13145596283341,17.2,13.4,20.57,26.4,27.6,9.2,14.200000000000001,34.0,64.0,82.0,0.0,1013.47,22.67,7.5600000000000005
2012-04-08,7,96.10970152719992,54.68597834718757,19.0,14.1,23.0,30.6,31.0,11.600000000000001,16.9,40.0,63.0,80.0,0.0,1012.5,19.67,5.4
2012-04-09,10,87.60322213709865,62.93152159503743,21.1,18.6,23.3,26.9,28.0,5.799999999999997,9.399999999999999,60.0,71.67,80.0,0.0,1016.03,11.0,14.292000000000002
2012-04-10,4,87.81554893000008,69.08005482893752,21.4,20.9,23.6,26.8,27.5,5.400000000000002,6.600000000000001,71.0,81.0,87.0,0.0,1016.5,12.33,10.548
2012-04-11,5,96.65653901639996,73.75863272516642,23.0,22.8,25.2,29.0,29.5,6.0,6.699999999999999,62.0,79.0,89.0,0.1,1015.97,21.0,9.468
2012-04-12,6,85.30897930293882,70.88043279578173,21.6,21.1,24.0,26.7,26.7,5.099999999999998,5.599999999999998,72.0,86.67,97.0,0.1,1016.33,8.0,4.212
2012-04-13,3,88.46474424088483,64.60353257920991,21.2,18.9,23.43,26.6,27.9,5.400000000000002,9.0,67.0,76.67,85.0,0.0,1014.23,12.33,9.0
2012-04-14,8,72.30965617407641,62.13156840419504,20.3,17.9,21.23,22.8,23.5,2.5,5.600000000000001,86.0,92.33,97.0,36.7,1008.87,9.33,9.468
2012-04-15,6,84.01898606794578,62.4535672140371,17.9,17.4,20.9,25.2,26.6,7.300000000000001,9.200000000000003,58.0,80.33,96.0,4.6,1013.73,18.33,4.680000000000001
2012-04-16,7,82.33001089148807,57.84106837410454,18.8,15.8,21.1,25.6,26.2,6.800000000000001,10.399999999999999,63.0,78.0,88.0,0.0,1018.23,15.0,7.2
2012-04-17,5,94.98108085129616,60.660387519367475,19.6,16.8,23.27,29.2,29.6,9.599999999999998,12.8,52.0,74.0,88.0,0.0,1017.9,7.67,5.760000000000001
2012-04-18,9,99.8643145731999,59.94449909641473,20.5,16.9,24.03,30.0,30.5,9.5,13.600000000000001,51.0,75.0,90.0,0.1,1017.23,26.0,8.748000000000001
2012-04-19,7,77.24706537810879,63.13657639018485,21.2,18.4,22.37,24.0,24.5,2.8000000000000007,6.100000000000001,72.0,78.67,87.0,0.0,1015.73,24.33,10.332
2012-04-20,3,99.00178842766354,64.75899578928829,20.6,18.6,23.7,29.4,30.2,8.799999999999997,11.599999999999998,55.0,76.33,88.0,0.0,1013.57,24.33,5.760000000000001
2012-04-21,7,90.33273542410065,59.1973720626542,19.3,16.4,21.67,23.5,27.9,4.199999999999999,11.5,74.0,83.67,96.0,0.0,1013.5,27.33,7.308
2012-04-22,6,75.76723975233992,50.231958659980926,16.0,13.2,18.6,21.0,22.2,5.0,9.0,51.0,62.67,69.0,0.4,1020.37,24.0,11.988000000000001
2012-04-23,4,75.30125886833703,44.335041382300105,14.6,10.4,17.23,22.4,23.0,7.799999999999999,12.6,51.0,70.67,86.0,0.0,1019.13,19.67,9.468
2012-04-24,4,76.2425113654972,48.57080462823754,13.6,11.2,16.13,19.0,20.9,5.4,9.7,48.0,57.67,67.0,0.0,1019.2,15.33,4.680000000000001
2012-04-25,3,75.4897787476481,40.488885084845315,14.1,8.4,16.2,20.2,21.8,6.1,13.4,56.0,63.33,77.0,0.0,1016.93,12.33,7.5600000000000005
2012-04-26,4,69.56969873397094,55.58393452841515,15.4,15.2,17.33,19.6,20.8,4.200000000000001,5.600000000000001,68.0,82.67,90.0,0.0,1011.4,18.33,9.972
2012-04-27,4,73.7980659514682,51.68579361381468,13.5,13.1,16.9,20.4,20.9,6.899999999999999,7.799999999999999,47.0,70.0,95.0,4.4,1015.1,16.67,6.9479999999999995
2012-04-28,1,64.27734052691198,44.370253451468734,11.4,9.2,13.7,16.3,18.8,4.9,9.600000000000001,82.0,90.0,95.0,4.5,1016.4,7.67,4.32
2012-04-29,5,67.86919002310006,51.659210077700536,14.8,13.9,15.9,17.8,18.5,3.0,4.6,69.0,84.0,95.0,13.6,1014.33,18.0,13.068
2012-04-30,9,73.57156657451199,48.61295746793145,13.0,12.4,14.73,17.1,19.3,4.100000000000001,6.9,51.0,71.0,83.0,1.8,1020.43,27.0,10.908
2012-05-01,8,71.31986728480001,42.35982501461918,10.3,9.1,13.37,17.2,18.0,6.899999999999999,8.9,74.0,78.0,84.0,0.2,1023.4,28.67,7.092
2012-05-02,8,75.85533830080014,45.400381851789135,13.0,10.6,16.73,23.6,24.0,10.600000000000001,13.4,49.0,80.0,98.0,0.1,1024.53,15.0,8.028
2012-05-03,4,84.5531294343999,47.318233850173414,14.2,11.4,19.13,26.1,27.0,11.900000000000002,15.6,53.0,74.0,89.0,0.0,1025.17,7.67,7.920000000000001
2012-05-04,7,93.72882402711241,59.94101823261357,19.5,16.8,22.5,28.5,29.1,9.0,12.3,55.0,76.67,88.0,0.1,1022.93,12.33,7.920000000000001
2012-05-05,4,88.51590431532368,57.372479406205606,19.0,16.0,22.2,27.8,28.2,8.8,12.2,54.0,72.33,83.0,0.0,1020.87,27.33,10.44
2012-05-06,10,83.5223331011757,63.66893238718506,19.2,18.3,21.6,25.8,26.5,6.600000000000001,8.2,56.0,79.33,92.0,0.0,1021.5,10.67,7.092
2012-05-07,9,88.41277204226509,58.480022497541974,18.6,16.4,21.53,26.7,27.6,8.099999999999998,11.200000000000003,63.0,81.67,91.0,0.0,1022.73,12.33,9.828
2012-05-08,7,96.06073496921222,59.2511521616842,18.1,16.2,22.2,28.5,29.3,10.399999999999999,13.100000000000001,52.0,80.0,95.0,0.1,1022.33,17.0,5.867999999999999
2012-05-09,6,92.7931111817282,56.57571759917864,17.2,15.6,22.33,28.7,29.2,11.5,13.6,45.0,73.0,94.0,0.0,1016.73,20.0,9.828
2012-05-10,6,89.41383255731857,58.30374978403581,18.6,16.4,22.7,28.8,28.8,10.2,12.400000000000002,45.0,67.67,82.0,0.0,1010.43,15.33,10.548
2012-05-11,5,76.19754080560007,61.60670513572867,19.1,17.0,21.5,22.8,24.0,3.6999999999999993,7.0,72.0,77.0,86.0,0.0,1009.8,17.0,4.572
2012-05-12,9,71.12751510044565,52.42141701644534,15.1,13.9,17.57,19.9,20.7,4.799999999999999,6.799999999999999,54.0,78.33,92.0,20.4,1011.97,18.33,10.188
2012-05-13,7,75.28260874119997,40.3935228937946,10.1,8.7,14.33,18.8,19.5,8.700000000000001,10.8,45.0,65.0,83.0,0.0,1018.03,29.0,9.251999999999999
2012-05-14,6,72.97018456477322,37.60333672833357,9.5,7.3,13.9,20.5,21.5,11.0,14.2,54.0,74.33,90.0,0.0,1022.47,14.0,8.172
2012-05-15,6,73.9119761017516,42.79876353433691,11.9,10.0,16.1,22.6,23.1,10.700000000000001,13.100000000000001,59.0,79.67,96.0,0.0,1023.4,16.67,11.052
2012-05-16,9,77.59094772203235,50.61575118831066,15.6,13.6,18.27,22.6,24.6,7.000000000000002,11.000000000000002,60.0,77.33,87.0,0.0,1023.67,15.33,14.4
2012-05-17,5,76.85328875625517,56.97466942360599,17.2,16.1,19.5,23.6,24.2,6.400000000000002,8.099999999999998,57.0,74.67,87.0,0.0,1023.9,11.0,13.32
2012-05-18,9,84.19211805226993,52.08789577166012,15.0,13.3,19.73,26.6,27.0,11.600000000000001,13.7,51.0,71.67,85.0,0.0,1022.1,9.33,7.092
2012-05-19,12,76.88155282755577,52.93079899024053,15.3,13.3,19.0,23.7,24.2,8.399999999999999,10.899999999999999,44.0,74.33,91.0,0.0,1020.6,21.33,5.292
2012-05-20,5,87.55830575315233,54.070897661112745,14.2,14.0,19.7,27.0,27.6,12.8,13.600000000000001,50.0,78.0,96.0,0.0,1019.1,12.33,6.228
2012-05-21,9,86.68371060577849,52.86588529103157,15.0,13.4,20.47,27.0,27.4,12.0,13.999999999999998,52.0,77.67,98.0,0.0,1020.87,9.33,5.867999999999999
2012-05-22,13,86.04539642828802,52.425139111127365,16.0,13.4,20.7,26.9,27.6,10.899999999999999,14.200000000000001,48.0,71.0,88.0,0.0,1019.37,16.67,6.84
2012-05-23,11,84.31558630634397,58.00196610069097,16.8,15.3,20.6,25.4,26.9,8.599999999999998,11.599999999999998,60.0,74.67,88.0,0.0,1017.63,12.0,4.212
2012-05-24,10,75.20768565899205,61.808063014530575,17.6,17.2,20.33,23.1,23.9,5.5,6.699999999999999,74.0,83.0,94.0,0.0,1017.87,12.33,5.148
2012-05-25,7,75.88220885097348,62.249799343566615,18.6,17.8,20.47,23.6,24.2,5.0,6.399999999999999,69.0,84.33,95.0,0.0,1016.97,12.33,8.028
2012-05-26,10,75.002423928998,63.3001606049156,18.1,17.2,20.0,22.7,24.1,4.599999999999998,6.900000000000002,76.0,88.67,96.0,0.1,1017.4,10.67,2.4120000000000004
2012-05-27,5,84.77800385732822,59.76752818480755,17.5,16.8,20.83,25.4,26.7,7.899999999999999,9.899999999999999,65.0,83.0,97.0,0.1,1015.2,11.0,8.532
2012-05-28,9,89.87062765455623,60.62848786648465,18.8,16.9,21.67,27.1,27.9,8.3,11.0,63.0,82.0,93.0,0.0,1013.9,22.67,6.48
2012-05-29,9,98.67286029028462,66.13790841415329,21.8,19.6,24.77,29.8,30.3,8.0,10.7,62.0,74.67,86.0,0.0,1012.53,24.33,9.612
2012-05-30,13,80.03657727652356,58.14037421349576,18.0,15.8,21.97,25.6,25.6,7.600000000000001,9.8,41.0,67.33,84.0,14.6,1012.2,28.67,6.372
2012-05-31,7,75.04491594962907,43.10260800112708,11.3,9.8,15.87,20.3,20.6,9.0,10.8,40.0,64.67,91.0,0.0,1019.9,27.33,9.0
2012-06-01,5,72.61644723191705,42.128204282308694,10.2,9.0,14.8,20.0,20.5,9.8,11.5,46.0,73.67,97.0,0.0,1022.43,22.67,7.092
2012-06-02,6,78.13407902599607,39.54988966714417,9.6,8.1,15.43,24.4,24.8,14.799999999999999,16.700000000000003,60.0,76.67,92.0,0.0,1015.83,17.0,8.028
2012-06-03,10,70.9860656171546,52.274845356242594,15.2,14.2,17.17,18.7,19.7,3.5,5.5,40.0,77.67,97.0,9.3,1009.47,32.0,13.572000000000001
2012-06-04,6,74.27844824035196,48.72053888801892,11.4,10.8,13.73,15.6,17.4,4.199999999999999,6.599999999999998,58.0,73.0,95.0,1.5,1012.7,28.67,3.3480000000000003
2012-06-05,10,74.01080745790082,35.555421384831924,7.6,6.7,11.47,15.8,16.4,8.200000000000001,9.7,46.0,76.33,95.0,0.2,1017.57,24.33,9.468
2012-06-06,8,74.29653517359995,29.17418097681048,6.4,4.4,10.37,15.6,16.0,9.2,11.6,47.0,77.0,96.0,0.0,1021.3,24.33,11.412
2012-06-07,7,85.92306604959995,19.79907265759447,3.2,2.2,9.13,13.2,14.0,10.0,11.8,50.0,59.0,69.0,0.0,1027.2,30.33,23.040000000000003
2012-06-08,5,82.70989907641612,24.850254547299812,2.2,1.3,6.83,12.7,13.6,10.5,12.299999999999999,44.0,72.0,93.0,0.0,1026.67,22.67,6.372
2012-06-09,9,75.1039473514361,23.47593676907328,3.4,0.9,8.7,16.3,17.1,12.9,16.200000000000003,41.0,72.0,93.0,0.0,1025.87,18.33,6.9479999999999995
2012-06-10,12,69.08075960105259,32.91767098031484,7.0,4.7,10.77,15.6,17.8,8.6,13.100000000000001,69.0,82.33,96.0,0.0,1020.27,18.33,6.012
2012-06-11,12,68.32865363324179,50.895533951200946,13.0,12.4,15.37,19.8,20.4,6.800000000000001,7.999999999999998,70.0,84.67,93.0,0.4,1017.57,10.67,5.292
2012-06-12,6,80.50756892647726,47.46931762550834,13.0,11.2,17.33,25.1,25.6,12.100000000000001,14.400000000000002,60.0,82.33,94.0,0.0,1017.23,11.0,6.588
2012-06-13,9,100.22840192932021,52.00777006064573,14.2,13.0,20.73,29.6,30.4,15.400000000000002,17.4,53.0,76.67,97.0,0.0,1016.27,6.33,5.760000000000001
2012-06-14,7,99.66985366558912,58.73780505577101,17.8,16.0,23.07,29.8,30.6,12.0,14.600000000000001,56.0,73.67,90.0,0.0,1015.83,15.33,6.012
2012-06-15,10,81.90554874748803,62.34208375479272,19.1,17.3,22.63,25.1,26.2,6.0,8.899999999999999,65.0,73.0,82.0,0.0,1014.77,31.67,4.428
2012-06-16,8,65.41604873191602,49.142124594383866,15.0,12.3,17.33,19.4,19.8,4.399999999999999,7.5,88.0,89.33,90.0,0.2,1015.33,27.0,8.64
2012-06-17,13,65.43211289884819,47.60586558130025,12.4,11.8,14.17,17.6,18.2,5.200000000000001,6.399999999999999,82.0,88.0,93.0,0.4,1018.47,15.33,9.612
2012-06-18,4,63.82329067780799,52.7110631225294,15.5,13.8,16.77,18.8,19.1,3.3000000000000007,5.300000000000001,84.0,91.0,95.0,10.799999999999999,1010.27,27.33,8.532
2012-06-19,11,66.65525673408337,47.05419310736197,13.0,11.6,15.13,16.6,16.6,3.6000000000000014,5.000000000000002,81.0,87.33,95.0,2.9,1013.33,16.67,9.828
2012-06-20,5,71.95787177536928,43.93822018432378,10.8,9.7,12.37,14.0,14.3,3.1999999999999993,4.600000000000001,76.0,85.33,91.0,0.0,1016.0,12.33,6.732
2012-06-21,7,71.27361501374372,42.72609891903575,10.2,9.2,14.23,21.0,22.0,10.8,12.8,63.0,82.33,92.0,0.0,1016.23,19.67,6.84
2012-06-22,9,63.65301554803171,51.10025957449956,13.6,13.0,14.87,16.2,16.8,2.5999999999999996,3.8000000000000007,89.0,91.0,93.0,1.2000000000000002,1014.87,21.0,7.812
2012-06-23,8,70.30970203944233,39.8642944849818,9.8,8.7,14.4,19.6,19.8,9.8,11.100000000000001,56.0,79.33,97.0,0.2,1022.87,28.67,10.548
2012-06-24,10,75.81556565861139,39.59349985397745,11.2,8.7,15.7,23.5,24.0,12.3,15.3,54.0,80.33,96.0,0.1,1022.57,26.0,11.268
2012-06-25,12,69.49385150265195,49.44323230267219,13.7,12.7,15.17,17.2,18.1,3.5,5.400000000000002,73.0,81.33,91.0,0.0,1025.17,13.67,10.548
2012-06-26,11,76.3528237885656,47.53632207685874,12.0,11.6,16.67,23.6,24.1,11.600000000000001,12.500000000000002,54.0,77.67,98.0,0.0,1023.6,9.33,8.532
2012-06-27,12,87.22411135673437,53.870833831284614,15.2,13.5,19.67,27.2,27.5,12.0,14.0,50.0,78.33,96.0,0.0,1020.8,16.67,4.428
2012-06-28,9,89.65274750411207,51.37293502066319,14.6,13.4,20.87,28.0,28.3,13.4,14.9,49.0,75.0,98.0,0.0,1017.77,21.0,9.72
2012-06-29,5,96.51343830934825,58.696685167648695,17.4,16.4,22.6,29.9,30.5,12.5,14.100000000000001,43.0,68.33,85.0,0.0,1013.67,19.67,9.0
2012-06-30,8,86.92926117539305,63.16188665184198,18.5,17.8,23.4,27.5,27.9,9.0,10.099999999999998,57.0,70.33,93.0,4.7,1013.97,19.67,5.148
2012-07-01,11,96.55843880245904,63.00887070828931,18.8,18.6,23.5,30.0,30.3,11.2,11.7,40.0,70.33,86.0,0.0,1014.73,25.67,13.788
2012-07-02,3,94.06575032011659,58.89422914844162,18.6,16.6,24.57,30.7,31.1,12.099999999999998,14.5,43.0,57.67,74.0,0.0,1014.43,24.33,10.08
2012-07-03,11,82.01914953155806,56.3602858937134,15.2,15.2,20.47,26.0,26.1,10.8,10.900000000000002,58.0,78.33,96.0,0.0,1015.53,18.33,7.452
2012-07-04,8,96.72148716803221,53.58923543368548,15.4,14.3,20.73,29.4,29.6,13.999999999999998,15.3,42.0,78.0,98.0,0.0,1011.9,15.0,9.468
2012-07-05,5,78.3140628708962,50.34677335567915,12.9,12.5,18.07,24.4,24.9,11.499999999999998,12.399999999999999,56.0,79.0,94.0,2.4,1014.0,21.33,6.84
2012-07-06,6,58.22656117139351,41.23211480248623,12.7,10.3,13.43,14.4,17.4,1.700000000000001,7.099999999999998,97.0,97.33,98.0,93.60000000000001,1014.9,17.0,19.692
2012-07-07,6,77.46898550593627,38.9006884361529,8.6,8.2,10.07,11.3,11.9,2.700000000000001,3.700000000000001,77.0,87.0,95.0,6.2,1022.93,21.33,9.972
2012-07-08,8,78.30853135596402,28.693089280703635,4.1,2.8,9.47,14.8,15.3,10.700000000000001,12.5,51.0,72.0,92.0,0.0,1027.4,13.67,5.867999999999999
2012-07-09,5,72.43796628624224,33.79237994012833,5.4,4.6,11.1,20.1,20.6,14.700000000000001,16.0,50.0,74.33,94.0,0.0,1023.4,20.0,4.680000000000001
2012-07-10,5,65.11697677292298,51.25276324807591,13.6,12.8,14.43,15.2,18.8,1.5999999999999996,6.0,84.0,88.67,93.0,9.5,1014.6,18.33,6.372
2012-07-11,11,72.74700605006626,39.17567369691611,9.2,7.5,12.03,13.6,15.6,4.4,8.1,65.0,80.67,95.0,3.3000000000000003,1014.07,21.0,6.228
2012-07-12,9,78.62603162920001,33.29897621465931,7.2,5.8,9.47,13.7,14.5,6.499999999999999,8.7,50.0,75.0,91.0,0.0,1012.83,26.0,9.72
2012-07-13,11,76.09942274588796,29.738336836894,7.3,5.5,11.67,17.0,18.4,9.7,12.899999999999999,43.0,65.0,81.0,0.0,1014.03,28.67,17.388
2012-07-14,10,76.41012852692806,37.57000417024378,9.0,6.9,12.9,17.5,18.1,8.5,11.200000000000001,48.0,65.0,80.0,0.0,1020.17,31.67,6.588
2012-07-15,5,85.37240479430646,28.361780729196386,5.4,4.5,9.37,13.0,13.6,7.6,9.1,51.0,65.67,81.0,0.0,1029.1,19.67,14.04
2012-07-16,10,73.91055069729447,37.6380863014878,9.6,6.9,11.5,14.8,16.0,5.200000000000001,9.1,70.0,77.67,91.0,0.2,1030.77,23.0,6.48
2012-07-17,9,67.10900750725472,45.17675627744436,11.2,10.0,12.83,15.9,18.3,4.700000000000001,8.3,75.0,85.33,95.0,0.0,1027.9,12.0,5.760000000000001
2012-07-18,18,72.63429123070733,42.5249459326134,9.9,9.6,12.7,15.2,17.0,5.299999999999999,7.4,62.0,77.33,88.0,0.0,1025.07,25.67,9.251999999999999
2012-07-19,9,72.13796887364796,34.33931188417529,7.9,6.5,12.77,18.4,19.1,10.499999999999998,12.600000000000001,52.0,75.0,95.0,0.0,1022.83,28.67,11.16
2012-07-20,7,71.57160240076712,36.80211592971975,7.4,6.4,13.2,20.5,21.0,13.1,14.6,53.0,77.67,97.0,0.1,1018.1,21.0,6.012
2012-07-21,5,76.88155282755577,38.6669272577705,10.4,8.2,15.93,23.8,24.2,13.4,16.0,45.0,74.33,95.0,0.0,1012.73,20.0,10.548
2012-07-22,12,74.75112333837671,47.565967227082936,13.0,10.6,16.07,18.6,19.7,5.600000000000001,9.1,55.0,66.67,73.0,0.0,1017.83,14.0,4.212
2012-07-23,14,78.69432814000002,47.43764140413606,12.6,10.9,16.6,24.6,25.0,12.000000000000002,14.1,54.0,75.0,86.0,0.0,1018.8,14.0,5.4
2012-07-24,5,62.39404643260913,50.793589183714595,15.8,12.6,16.77,17.3,18.0,1.5,5.4,84.0,92.33,97.0,5.5,1014.13,23.0,6.372
2012-07-25,7,75.86204216817401,34.01038227576008,7.9,6.5,11.8,14.9,16.4,7.0,9.899999999999999,55.0,72.67,86.0,0.6,1021.33,15.33,11.988000000000001
2012-07-26,8,72.18337858027662,36.48247872513643,7.5,5.7,10.77,16.8,17.4,9.3,11.7,59.0,77.33,97.0,0.0,1018.17,21.0,4.428
2012-07-27,15,71.63984730275223,40.092302863943594,10.1,7.9,12.6,16.7,17.6,6.6,9.700000000000001,61.0,78.0,87.0,0.0,1021.63,17.0,6.228
2012-07-28,5,68.77227903999997,36.97711498930697,8.7,5.6,12.5,19.7,20.0,11.0,14.4,64.0,83.0,97.0,0.0,1020.07,15.0,3.708
2012-07-29,11,66.15071943482764,48.712399587238465,14.4,12.1,15.23,16.2,16.9,1.799999999999999,4.799999999999999,79.0,87.67,97.0,23.5,1014.03,22.67,8.532
2012-07-30,8,73.13689053260806,32.32618807558682,7.6,6.1,11.83,15.8,17.6,8.200000000000001,11.500000000000002,65.0,75.0,86.0,0.0,1028.4,12.33,13.932
2012-07-31,12,71.0049036582387,48.70948399185941,13.4,13.4,15.6,18.4,20.7,4.999999999999998,7.299999999999999,72.0,78.67,82.0,0.0,1028.1,12.33,21.852
2012-08-01,4,89.36970514926365,56.48868968555959,15.4,15.2,19.83,26.9,27.7,11.499999999999998,12.5,63.0,83.67,98.0,31.9,1022.4,9.33,7.092
2012-08-02,9,94.27351550144843,55.94966015162327,17.0,14.8,21.6,27.6,29.0,10.600000000000001,14.2,57.0,79.33,92.0,0.1,1017.6,18.33,6.12
2012-08-03,10,96.00743411741253,56.03040755348528,18.9,14.9,23.4,30.3,30.6,11.400000000000002,15.700000000000001,40.0,66.33,80.0,0.0,1014.63,19.67,6.48
2012-08-04,8,79.48257293790422,61.81611009683506,18.1,16.7,20.67,22.5,25.3,4.399999999999999,8.600000000000001,68.0,77.0,86.0,0.0,1015.27,16.67,2.988
2012-08-05,15,64.78685065878423,46.890893377312416,12.8,12.0,14.97,17.3,17.8,4.5,5.800000000000001,80.0,89.0,95.0,1.1,1022.4,18.0,13.572000000000001
2012-08-06,8,69.06291579923213,40.14294864437095,9.0,7.3,13.7,19.9,20.4,10.899999999999999,13.099999999999998,62.0,83.0,99.0,0.1,1022.97,7.67,4.32
2012-08-07,7,75.6394257954882,45.44262857440471,12.4,10.4,16.27,22.9,23.8,10.499999999999998,13.4,58.0,78.0,89.0,0.0,1018.97,14.0,6.9479999999999995
2012-08-08,5,87.80004264836799,50.00009380876115,14.2,12.2,19.3,27.4,28.1,13.2,15.900000000000002,50.0,71.0,82.0,0.0,1017.63,11.0,6.12
2012-08-09,10,78.98218354388788,62.09106867949798,18.8,17.6,21.17,24.1,25.1,5.300000000000001,7.5,51.0,71.0,84.0,0.0,1016.67,21.33,6.9479999999999995
2012-08-10,10,82.30152020750161,50.224440603978444,16.3,12.6,20.47,26.0,26.5,9.7,13.9,54.0,68.33,80.0,0.0,1018.77,17.0,7.668
2012-08-11,9,101.10162425887944,55.814424802962705,16.8,15.1,22.0,30.8,31.1,14.0,16.0,40.0,71.67,93.0,0.0,1016.8,19.67,8.388
2012-08-12,8,94.43190173328956,62.005736162882286,20.2,17.2,23.73,29.7,30.4,9.5,13.2,44.0,64.67,79.0,0.0,1014.17,6.33,4.680000000000001
2012-08-13,11,67.95351294636407,54.006552938411545,16.0,14.7,17.67,18.6,19.3,2.6000000000000014,4.600000000000001,78.0,84.0,95.0,7.800000000000001,1024.07,22.67,11.412
2012-08-14,8,90.57229891689181,53.123031535520475,14.9,13.9,19.67,27.8,28.4,12.9,14.499999999999998,51.0,76.67,92.0,0.0,1022.77,12.33,8.028
2012-08-15,5,101.54988905506362,58.36996124567643,18.6,15.9,22.67,30.0,31.7,11.399999999999999,15.799999999999999,44.0,67.33,87.0,0.0,1018.73,19.67,6.372
2012-08-16,9,92.60106405107203,60.905513922989655,19.2,16.8,23.67,28.1,29.8,8.900000000000002,13.0,49.0,66.0,81.0,0.0,1018.57,15.0,5.148
2012-08-17,14,98.47186560419219,62.680674120592954,22.3,18.0,25.3,30.8,31.2,8.5,13.2,47.0,66.0,79.0,0.0,1019.33,10.67,8.172
2012-08-18,6,92.95659916700825,62.3205601643601,20.5,17.6,24.5,29.8,30.2,9.3,12.599999999999998,50.0,63.0,75.0,0.0,1020.73,9.33,6.228
2012-08-19,12,84.9962503979103,64.50034840978847,22.7,18.7,24.4,27.4,27.6,4.699999999999999,8.900000000000002,59.0,65.67,77.0,0.0,1022.2,21.0,7.452
2012-08-20,8,96.59108682960003,61.85984034470502,19.1,17.5,23.6,30.5,31.0,11.399999999999999,13.5,40.0,64.0,82.0,0.0,1020.27,19.67,6.9479999999999995
2012-08-21,11,84.44480980852185,65.78475402610917,20.4,19.6,23.53,26.7,27.2,6.300000000000001,7.599999999999998,58.0,69.33,82.0,0.3,1017.43,21.33,11.628
2012-08-22,3,109.97924907774642,62.27294079274767,21.1,17.6,25.9,33.9,33.9,12.799999999999997,16.299999999999997,35.0,63.33,83.0,0.0,1020.33,12.33,6.372
2012-08-23,2,100.70360562728801,64.46399935203053,23.3,18.6,26.77,33.2,34.0,9.900000000000002,15.399999999999999,29.0,49.33,67.0,0.0,1018.83,15.33,6.732
2012-08-24,7,95.87786877556525,59.86826245043302,21.2,16.8,24.8,31.7,32.1,10.5,15.3,30.0,53.67,73.0,0.0,1017.7,28.67,8.172
2012-08-25,5,74.32082042524671,47.53026933195282,13.8,11.8,16.97,22.7,22.9,8.899999999999999,11.099999999999998,62.0,75.67,90.0,4.0,1023.27,15.33,9.828
2012-08-26,3,68.77648577670413,40.53844895096251,9.7,8.8,11.33,13.0,15.2,3.3000000000000007,6.399999999999999,70.0,87.0,96.0,18.4,1028.67,13.67,9.468
2012-08-27,10,66.39977355037945,43.44675919310033,10.4,10.3,13.0,16.0,16.9,5.6,6.599999999999998,76.0,87.33,95.0,18.3,1028.4,22.67,11.268
2012-08-28,9,61.52731385425598,49.37351026588507,13.2,12.1,14.2,15.1,16.6,1.9000000000000004,4.500000000000002,90.0,93.67,96.0,10.5,1027.9,15.0,6.9479999999999995
2012-08-29,4,66.09420667849598,49.80897348380553,13.7,12.6,15.1,17.0,18.6,3.3000000000000007,6.000000000000002,76.0,87.0,96.0,1.1,1025.1,14.0,8.748000000000001
2012-08-30,8,80.77226030332817,48.516311861830644,14.3,11.8,18.7,24.8,25.8,10.5,14.0,53.0,73.0,90.0,0.0,1022.57,16.67,7.308
2012-08-31,6,80.45930120940409,50.0529031465861,16.6,12.3,19.63,25.1,25.7,8.5,13.399999999999999,55.0,72.0,86.0,0.0,1018.2,25.67,6.48
2012-09-01,11,83.29115247230773,55.72902333655451,17.4,15.4,20.4,25.4,26.5,8.0,11.1,64.0,77.33,88.0,0.0,1018.93,12.33,11.268
2012-09-02,5,94.86258905987292,55.52196175618805,16.8,14.8,21.23,28.7,29.2,11.899999999999999,14.399999999999999,57.0,78.33,96.0,0.0,1018.03,24.33,7.2
2012-09-03,7,73.63813308547003,54.247643928330014,16.8,14.8,19.07,20.3,21.7,3.5,6.899999999999999,53.0,72.33,85.0,0.0,1025.8,10.67,11.412
2012-09-04,4,79.20267138489851,49.49901093840175,15.0,12.8,19.07,24.7,25.3,9.7,12.5,44.0,58.33,69.0,0.0,1024.33,10.67,11.16
2012-09-05,6,82.33252878836399,54.301096514561266,17.3,14.6,20.73,26.1,26.7,8.8,12.1,52.0,64.0,79.0,0.0,1018.6,24.33,9.468
2012-09-06,8,79.47611139248424,59.37703285143156,18.8,16.7,20.83,24.6,25.3,5.800000000000001,8.600000000000001,58.0,75.33,86.0,0.0,1018.93,15.33,9.107999999999999
2012-09-07,9,110.60694465558416,58.01495290938166,18.8,16.6,23.93,32.9,33.2,14.099999999999998,16.6,41.0,69.0,85.0,0.0,1014.13,12.33,14.292000000000002
2012-09-08,13,81.65620217443205,66.35733718535423,22.6,19.2,23.87,24.8,26.2,2.1999999999999993,7.0,60.0,70.0,80.0,0.1,1012.23,22.67,5.04
2012-09-09,8,66.65183777626784,61.004517977396695,17.5,16.7,18.4,19.4,20.3,1.8999999999999986,3.6000000000000014,82.0,88.0,93.0,1.2,1020.8,14.0,4.428
2012-09-10,6,59.09504971670978,52.49532561513217,15.0,14.3,15.73,16.8,16.8,1.8000000000000007,2.5,95.0,96.33,98.0,51.8,1019.37,14.0,13.68
2012-09-11,10,70.73066671976328,54.727551258662814,15.8,15.6,18.53,21.0,22.1,5.199999999999999,6.500000000000002,76.0,84.67,93.0,3.6,1017.93,14.0,19.08
2012-09-12,6,69.34531097160728,57.38336451903178,17.8,15.8,18.8,20.4,21.9,2.599999999999998,6.099999999999998,83.0,87.67,90.0,0.0,1016.73,12.33,8.64
2012-09-13,16,77.14933932070028,55.770015553022354,17.3,15.0,19.17,22.6,24.5,5.300000000000001,9.5,62.0,80.0,92.0,0.7,1020.97,15.33,7.812
2012-09-14,5,93.78982740246401,54.87490467764411,16.7,14.7,21.9,29.0,29.8,12.3,15.100000000000001,51.0,69.0,85.0,0.0,1018.63,15.33,8.388
2012-09-15,5,86.10611433000003,61.67836408278363,20.4,17.5,22.7,24.9,27.5,4.5,10.0,66.0,73.0,85.0,0.0,1014.4,27.33,7.5600000000000005
2012-09-16,6,66.00505099584204,61.78822125588959,19.0,18.4,20.07,20.8,21.4,1.8000000000000007,3.0,89.0,93.33,96.0,44.7,1015.53,15.33,19.08
2012-09-17,8,93.76069411016887,60.523629371527655,19.6,17.2,20.4,21.1,28.1,1.5,10.900000000000002,85.0,91.33,95.0,18.6,1010.97,24.33,9.251999999999999
2012-09-18,6,61.74084195401154,63.444203779925374,18.7,18.7,19.0,19.3,20.2,0.6000000000000014,1.5,96.0,96.67,97.0,96.5,1007.63,10.67,12.6
2012-09-19,7,76.99277861790021,53.828833407496525,19.3,14.7,20.53,22.8,24.5,3.5,9.8,51.0,82.0,99.0,54.800000000000004,1001.27,18.33,12.132000000000001
2012-09-20,4,76.15668611932253,44.82105176789882,14.2,11.8,16.33,19.9,20.6,5.699999999999999,8.8,43.0,58.67,67.0,0.0,1011.83,27.33,20.772
2012-09-21,1,75.14227748319996,46.85072331749044,14.5,11.2,16.93,20.8,22.0,6.300000000000001,10.8,43.0,66.0,81.0,0.0,1013.5,19.67,7.920000000000001
2012-09-22,8,76.186402186576,40.53844895096251,14.9,8.8,17.27,21.7,22.1,6.799999999999999,13.3,37.0,59.0,75.0,0.0,1020.2,19.67,9.468
2012-09-23,4,78.24159710257561,39.55849955419035,15.8,8.3,18.47,23.6,24.6,7.800000000000001,16.3,40.0,54.67,63.0,0.0,1022.27,15.33,9.0
2012-09-24,8,86.27672952636419,49.93597168314455,16.6,13.3,21.37,28.0,28.3,11.399999999999999,15.0,49.0,62.0,74.0,0.0,1015.03,27.33,14.148000000000001
2012-09-25,6,75.54059934436594,40.12739681225429,10.6,10.1,16.33,21.4,21.4,10.799999999999999,11.299999999999999,43.0,62.33,76.0,0.7,1018.8,19.67,22.68
2012-09-26,12,79.00005496393815,36.609763091646755,8.4,7.7,10.8,13.8,16.1,5.4,8.400000000000002,61.0,66.33,74.0,0.0,1029.5,16.67,12.852
2012-09-27,5,73.55967235324803,43.28721660745092,12.4,10.0,15.5,21.1,21.8,8.700000000000001,11.8,42.0,73.0,95.0,0.2,1031.07,19.67,9.72
2012-09-28,6,75.70026693657607,44.71380412501612,15.1,11.6,17.97,21.6,22.4,6.500000000000002,10.799999999999999,50.0,64.0,72.0,0.0,1027.83,12.33,18.720000000000002
2012-09-29,9,74.11147013713611,53.80198053151837,16.8,14.1,18.13,19.7,21.1,2.8999999999999986,7.000000000000002,66.0,69.0,74.0,0.0,1024.0,7.67,7.452
2012-09-30,6,92.20014889497612,54.47780674929316,17.3,14.5,22.33,29.1,29.6,11.8,15.100000000000001,47.0,67.0,86.0,0.8,1016.6,7.67,8.172
2012-10-01,13,72.57318550894857,61.3219112576838,18.3,17.8,20.43,22.3,22.5,4.0,4.699999999999999,70.0,80.67,96.0,18.7,1011.2,24.33,12.24
2012-10-02,6,70.93763481727596,56.22099772576011,18.9,14.7,19.67,20.6,22.1,1.7000000000000028,7.400000000000002,79.0,84.0,90.0,0.0,1011.97,20.0,5.04
2012-10-03,5,79.83118529931942,62.46771999168439,18.3,17.7,20.77,24.5,25.4,6.199999999999999,7.699999999999999,71.0,86.67,96.0,22.799999999999997,1014.47,27.33,6.48
2012-10-04,6,77.18769811833707,65.29602575738323,20.8,18.8,21.8,23.3,24.6,2.5,5.800000000000001,75.0,83.33,88.0,0.0,1017.43,22.67,5.508
2012-10-05,6,95.71547668067204,63.695503914901316,19.4,18.2,23.07,29.3,29.4,9.900000000000002,11.2,59.0,78.0,88.0,0.0,1016.03,14.0,6.228
2012-10-06,8,120.65348333033695,65.29960495719943,21.4,18.9,27.03,34.1,34.5,12.700000000000003,15.600000000000001,51.0,71.33,88.0,0.0,1011.17,13.67,6.228
2012-10-07,12,111.58024359948753,69.5857520799958,22.2,20.6,25.73,30.2,32.4,8.0,11.799999999999997,66.0,76.33,86.0,10.3,1015.03,18.33,4.788
2012-10-08,13,93.46561057509997,68.14491673152187,20.9,20.1,23.2,25.3,28.5,4.400000000000002,8.399999999999999,75.0,84.0,94.0,12.6,1017.17,13.67,5.867999999999999
2012-10-09,2,69.69376883417,66.12519854592858,20.8,19.2,20.97,21.3,22.6,0.5,3.400000000000002,88.0,91.67,95.0,3.7,1011.9,9.33,5.760000000000001
2012-10-10,15,66.52391797141924,55.851921666921946,17.7,15.7,18.97,19.9,21.5,2.1999999999999993,5.800000000000001,88.0,92.67,96.0,7.1,1011.4,9.33,14.04
2012-10-11,4,71.94804586326396,53.12892198386876,15.7,14.6,17.73,19.8,21.2,4.100000000000001,6.6,57.0,77.0,94.0,3.5,1021.07,14.0,14.148000000000001
2012-10-12,8,76.3944258156003,56.15911611954011,14.8,15.4,18.73,22.2,23.5,7.399999999999999,8.1,56.0,67.0,78.0,0.0,1024.53,12.33,9.612
2012-10-13,7,79.10571041059214,50.070689415031744,16.4,13.2,20.4,24.7,25.2,8.3,12.0,45.0,61.0,76.0,0.0,1024.9,14.0,12.6
2012-10-14,7,83.2000862313494,51.576156719037265,17.3,14.0,21.4,26.6,27.2,9.3,13.2,49.0,61.33,75.0,0.0,1021.03,12.33,14.508000000000001
2012-10-15,3,87.26919523593097,54.60300981925322,19.0,14.7,22.23,27.8,29.2,8.8,14.5,45.0,55.67,62.0,0.0,1014.33,12.33,9.251999999999999
2012-10-16,5,92.72979338529021,62.68032647596624,19.8,17.9,24.03,28.7,29.9,8.899999999999999,12.0,54.0,65.33,76.0,0.0,1008.27,14.0,7.308
2012-10-17,7,79.95408348419889,62.88700306982956,21.7,18.4,23.77,25.0,25.7,3.3000000000000007,7.300000000000001,46.0,60.67,75.0,0.0,1008.43,29.0,11.628
2012-10-18,10,78.93160056506775,53.61059497706861,19.5,14.7,21.23,24.0,25.1,4.5,10.400000000000002,55.0,60.0,64.0,0.0,1014.57,24.33,13.068
2012-10-19,6,88.61780471770479,49.35221967358639,16.5,12.6,21.67,28.6,29.0,12.100000000000001,16.4,44.0,62.67,81.0,0.0,1014.93,12.33,10.08
2012-10-20,11,103.10551732280855,59.87359801354286,19.1,16.3,24.73,31.4,32.1,12.299999999999997,15.8,46.0,66.67,81.0,0.0,1010.3,27.33,4.932
2012-10-21,9,99.48983663817216,68.80281847397279,22.4,20.3,25.3,29.7,30.6,7.300000000000001,10.3,61.0,73.33,83.0,0.0,1008.43,14.0,5.148
2012-10-22,6,71.851242875536,64.82703604873754,19.5,18.8,21.2,22.7,23.1,3.1999999999999993,4.300000000000001,83.0,89.0,97.0,15.3,1003.33,11.0,7.092
2012-10-23,8,86.38720557515188,60.22740881792676,18.8,17.5,22.5,25.9,27.7,7.099999999999998,10.2,46.0,71.0,96.0,11.5,1001.47,24.33,14.292000000000002
2012-10-24,9,77.93617144555046,53.71979401376926,18.2,14.8,20.27,23.8,24.4,5.600000000000001,9.599999999999998,42.0,60.67,74.0,0.3,1012.1,29.0,13.68
2012-10-25,4,81.93592245600861,55.767303691634616,19.2,14.6,22.87,27.5,27.6,8.3,13.000000000000002,39.0,46.33,59.0,0.0,1014.9,10.67,5.508
2012-10-26,4,96.4144500339522,62.247370948145885,19.8,17.7,23.73,29.5,30.2,9.7,12.5,56.0,71.0,80.0,0.0,1014.47,12.33,7.2
2012-10-27,4,103.99834757500946,68.35154392820233,22.4,20.1,26.07,31.0,31.9,8.600000000000001,11.799999999999997,56.0,69.67,80.0,0.0,1011.13,26.0,5.148
2012-10-28,12,87.81554893000008,68.85083085391108,22.8,20.1,24.67,26.4,27.5,3.599999999999998,7.399999999999999,73.0,81.0,86.0,0.0,1013.23,27.33,3.708
2012-10-29,12,98.72950675663536,69.70564961879666,23.0,20.8,25.13,29.2,29.6,6.199999999999999,8.8,70.0,82.33,89.0,0.0,1011.87,16.67,6.012
2012-10-30,8,96.49061216507198,69.57491778438931,21.9,21.1,25.1,28.7,29.3,6.800000000000001,8.2,63.0,81.0,96.0,15.3,1007.57,17.0,10.44
2012-10-31,6,80.67260009123203,62.707481685967984,20.3,18.6,22.8,24.2,25.8,3.8999999999999986,7.199999999999999,64.0,71.0,79.0,0.0,1010.43,24.33,15.840000000000002
2012-11-01,3,83.31571947160998,59.66033917087068,20.0,17.0,23.2,26.8,26.9,6.800000000000001,9.899999999999999,53.0,67.67,80.0,0.0,1013.6,15.33,10.908
2012-11-02,7,86.87019381310012,55.42999303473341,19.1,14.8,23.27,28.2,28.5,9.099999999999998,13.7,47.0,62.0,76.0,0.0,1014.9,10.67,7.452
2012-11-03,7,94.43190173328956,59.08324006979926,19.0,16.4,23.7,30.1,30.4,11.100000000000001,14.0,51.0,64.67,75.0,0.0,1013.27,17.0,7.668
2012-11-04,7,97.47836198876031,62.42833485851761,21.1,18.3,23.97,29.2,30.5,8.099999999999998,12.2,55.0,70.33,79.0,0.0,1012.87,9.33,12.852
2012-11-05,6,98.47186560419219,63.870752432482774,21.2,18.6,24.47,28.7,31.2,7.5,12.599999999999998,47.0,66.0,82.0,0.0,1013.1,16.67,9.107999999999999
2012-11-06,9,101.49538183907202,57.637917944431464,22.1,15.8,26.13,32.8,33.2,10.699999999999996,17.400000000000002,31.0,56.0,79.0,0.0,1013.73,18.33,7.812
2012-11-07,13,100.11924905022994,61.156702147432426,23.6,17.0,26.97,33.3,33.4,9.699999999999996,16.4,39.0,52.33,63.0,0.0,1012.9,9.33,5.652
2012-11-08,5,107.32124383156253,67.76485525538945,23.3,20.2,27.0,32.8,33.2,9.499999999999996,13.000000000000004,46.0,64.67,80.0,0.0,1010.5,28.67,8.532
2012-11-09,7,118.36596996362339,71.67206036333414,25.2,21.8,29.57,34.8,35.5,9.599999999999998,13.7,46.0,62.67,80.0,0.0,1007.03,11.0,7.668
2012-11-10,12,111.29804915853975,72.83769187199476,26.5,22.3,29.77,33.4,34.4,6.899999999999999,12.099999999999998,51.0,61.67,76.0,0.0,1007.0,22.67,7.668
2012-11-11,13,94.01902696948055,72.6721565105714,24.4,22.4,25.97,28.5,29.0,4.100000000000001,6.600000000000001,66.0,78.67,87.0,0.0,1010.4,19.67,10.548
2012-11-12,2,74.25241151942168,56.556445463245744,18.6,16.2,20.43,22.7,23.8,4.099999999999998,7.600000000000001,83.0,87.33,94.0,8.9,1015.43,15.33,17.028000000000002
2012-11-13,5,76.95490689092789,51.5637298072171,16.4,14.2,19.87,23.0,24.1,6.600000000000001,9.900000000000002,54.0,71.0,87.0,2.2,1019.1,15.33,17.028000000000002
2012-11-14,7,79.3084283556895,54.5013317209289,18.2,15.2,21.47,24.3,25.3,6.100000000000001,10.100000000000001,46.0,62.67,76.0,0.1,1018.43,13.67,14.652000000000001
2012-11-15,6,83.93416882913213,57.249219114815226,18.9,16.6,21.83,24.2,27.1,5.300000000000001,10.5,61.0,68.0,74.0,0.0,1015.73,12.33,19.08
2012-11-16,2,89.30104204833319,58.55184622330571,19.3,16.8,24.0,28.6,29.3,9.3,12.5,43.0,61.67,78.0,0.0,1016.0,12.33,14.04
2012-11-17,9,88.71430238320002,60.437211368866585,20.8,17.7,23.97,27.0,29.0,6.199999999999999,11.3,51.0,63.0,77.0,0.0,1018.6,14.0,16.092
2012-11-18,6,100.17462539496695,60.187719084274555,20.3,17.2,25.8,32.4,32.7,12.099999999999998,15.500000000000004,40.0,57.33,75.0,0.0,1017.03,11.0,10.692
2012-11-19,9,92.14854821257605,66.18930273912733,21.9,19.8,23.97,27.4,29.4,5.5,9.599999999999998,58.0,69.0,77.0,0.0,1012.2,26.0,12.132000000000001
2012-11-20,7,97.86283730340061,67.33468068607627,24.4,20.3,26.7,30.2,30.8,5.800000000000001,10.5,54.0,68.33,78.0,1.5,1012.23,27.33,12.6
2012-11-21,6,91.00028049425057,60.53947570844541,22.6,17.3,25.5,29.4,29.8,6.799999999999997,12.5,50.0,61.67,68.0,0.0,1014.2,12.33,10.188
2012-11-22,7,114.96578945271303,61.574080237235506,21.0,18.1,27.27,34.5,35.4,13.5,17.299999999999997,45.0,59.67,77.0,0.0,1012.27,12.33,15.120000000000001
2012-11-23,3,93.85562639473612,70.9290686185689,23.0,21.7,25.5,27.6,29.1,4.600000000000001,7.400000000000002,68.0,77.0,91.0,4.0,1008.9,27.33,11.052
2012-11-24,7,84.56558581807404,65.38060042378186,20.2,19.4,23.9,26.2,26.9,6.0,7.5,57.0,76.33,93.0,9.3,1011.33,19.67,11.16
2012-11-25,8,85.36521276391241,52.2816861445086,19.6,13.7,23.13,27.3,28.4,7.699999999999999,14.7,40.0,56.67,72.0,0.0,1017.2,13.67,9.107999999999999
2012-11-26,8,93.84437004720014,56.875402453779515,19.9,15.4,24.33,30.6,31.0,10.700000000000003,15.6,45.0,58.0,75.0,0.0,1016.93,22.67,7.308
2012-11-27,6,105.48591989964808,61.53160461548873,21.9,17.2,26.53,33.5,34.0,11.600000000000001,16.8,35.0,56.67,68.0,0.0,1010.93,18.33,5.867999999999999
2012-11-28,9,97.55650328607751,66.17592033981893,24.5,19.3,27.73,32.4,33.6,7.899999999999999,14.3,35.0,46.33,56.0,0.0,1007.3,21.0,6.372
2012-11-29,6,91.84130420603216,66.47114884008835,24.4,20.1,25.93,28.7,29.7,4.300000000000001,9.599999999999998,58.0,65.0,73.0,0.0,1013.13,14.0,15.48
2012-11-30,3,107.28169800578274,73.16191212989179,22.9,22.3,27.6,32.4,33.1,9.5,10.8,48.0,65.33,83.0,0.0,1014.17,9.33,5.867999999999999
2012-12-01,4,85.9086299163887,70.99724801561283,23.6,21.4,25.73,27.4,27.6,3.799999999999997,6.200000000000003,64.0,70.33,82.0,8.9,1012.6,19.67,6.372
2012-12-02,6,100.03198004379024,65.59388218377251,22.2,19.4,26.37,31.4,32.0,9.2,12.600000000000001,34.0,62.33,85.0,0.0,1012.67,12.33,9.972
2012-12-03,8,106.70400216292722,61.41690457478518,23.6,17.7,28.47,34.9,35.4,11.299999999999997,17.7,36.0,49.67,58.0,0.0,1011.27,21.33,10.548
2012-12-04,7,114.99553083699418,70.64651706683759,25.7,21.3,27.83,30.3,33.9,4.600000000000001,12.599999999999998,63.0,69.33,75.0,0.0,1012.4,20.0,6.9479999999999995
2012-12-05,8,117.4481281543002,74.2000894794441,25.7,22.9,28.53,33.8,34.5,8.099999999999998,11.600000000000001,47.0,68.0,82.0,0.0,1011.23,23.0,7.920000000000001
2012-12-06,7,125.31111790440445,77.7379219773709,29.0,24.3,31.97,36.8,38.0,7.799999999999997,13.7,42.0,55.33,68.0,0.0,1006.2,20.0,5.760000000000001
2012-12-07,4,110.22752187131195,77.53261223987931,29.2,24.4,29.87,31.0,33.7,1.8000000000000007,9.300000000000004,59.0,65.0,71.0,14.4,1004.57,26.0,9.72
2012-12-08,11,94.88110839442515,68.53296776570554,25.7,20.4,27.0,29.5,31.2,3.8000000000000007,10.8,45.0,58.67,82.0,0.9,1011.67,19.67,7.092
2012-12-09,6,103.01139772267206,60.12615990620409,23.0,16.8,27.03,32.8,33.7,9.799999999999997,16.900000000000002,38.0,55.0,64.0,0.0,1013.33,21.0,7.308
2012-12-10,5,116.93127301033209,61.74274632844792,23.9,17.4,30.03,37.2,38.3,13.300000000000004,20.9,28.0,46.0,65.0,0.0,1007.37,14.0,6.588
2012-12-11,8,100.14172776355213,68.06374407816003,24.0,20.4,27.7,31.3,32.6,7.300000000000001,12.200000000000003,36.0,58.0,82.0,18.1,1001.17,20.0,9.468
2012-12-12,7,89.09649370784683,66.56824385153863,21.6,19.6,23.6,25.5,28.4,3.8999999999999986,8.799999999999997,67.0,71.67,76.0,0.3,1007.3,19.67,7.5600000000000005
2012-12-13,5,89.24382250979201,67.82033516652501,22.7,20.0,24.7,27.1,28.2,4.400000000000002,8.2,64.0,75.0,87.0,5.6,1007.73,15.33,6.228
2012-12-14,6,90.19618972631518,67.16421277866837,24.7,19.9,26.4,28.6,29.7,3.900000000000002,9.8,52.0,60.33,76.0,0.0,1012.27,17.0,8.028
2012-12-15,5,109.7062228086719,64.11625226465718,21.7,19.0,27.63,33.2,34.2,11.500000000000004,15.200000000000003,49.0,61.0,75.0,0.0,1009.63,14.0,12.96
2012-12-16,6,126.87430241440023,69.66520042234382,25.4,20.7,29.17,35.1,37.0,9.700000000000003,16.3,37.0,62.0,77.0,0.0,1007.3,21.33,5.292
2012-12-17,8,114.1230177130996,68.356207820907,25.4,20.4,28.03,32.8,33.9,7.399999999999999,13.5,53.0,68.33,80.0,8.5,1005.3,21.33,7.920000000000001
2012-12-18,7,104.10979573385237,67.55842636944496,25.5,20.1,28.37,31.6,33.6,6.100000000000001,13.5,48.0,57.33,74.0,0.0,1008.2,14.0,8.388
2012-12-19,2,106.88836930517142,72.8552321256522,23.1,22.3,28.33,31.9,33.4,8.799999999999997,11.099999999999998,55.0,62.67,72.0,0.0,1007.2,20.0,7.5600000000000005
2012-12-20,8,150.35600432801215,75.05488870779112,25.6,23.5,29.57,31.8,39.1,6.199999999999999,15.600000000000001,56.0,68.0,82.0,0.7,1003.2,22.67,13.32
2012-12-21,7,77.57383292745307,65.84775974535907,21.6,19.2,22.37,23.5,24.9,1.8999999999999986,5.699999999999999,90.0,93.33,97.0,59.7,1011.6,18.33,6.732
2012-12-22,8,89.44713068190389,59.54873759896577,19.8,16.8,24.17,27.4,28.7,7.599999999999998,11.899999999999999,52.0,69.0,93.0,2.9,1018.47,14.0,9.360000000000001
2012-12-23,6,112.59193802185605,61.032613749713576,21.7,17.4,27.33,33.6,35.4,11.900000000000002,18.0,42.0,57.0,79.0,0.0,1014.93,6.33,9.107999999999999
2012-12-24,5,133.3591076790919,72.11275990309356,25.2,22.1,30.93,37.1,38.9,11.900000000000002,16.799999999999997,43.0,57.33,74.0,0.0,1009.63,24.33,9.360000000000001
2012-12-25,16,131.1203587404894,84.41910449367937,31.3,27.3,34.4,39.1,39.8,7.800000000000001,12.499999999999996,38.0,51.33,60.0,0.0,1003.3,26.0,10.08
2012-12-26,9,123.3148901394094,66.64002191640843,20.2,19.8,26.17,34.3,34.3,14.099999999999998,14.499999999999996,47.0,75.33,91.0,7.6,1008.63,13.67,9.468
2012-12-27,8,66.71263096480006,57.25418714914816,18.6,15.6,19.33,19.8,21.0,1.1999999999999993,5.4,87.0,90.0,95.0,11.8,1015.37,14.0,7.5600000000000005
2012-12-28,6,71.24789471241205,56.474511155744416,16.5,15.4,18.7,21.1,23.4,4.600000000000001,7.999999999999998,95.0,95.33,96.0,55.9,1014.43,12.33,8.532
2012-12-29,7,93.78272633222188,62.849612226480545,19.4,17.9,23.5,28.2,28.9,8.8,11.0,63.0,79.33,93.0,0.7,1013.77,12.33,6.732
2012-12-30,2,121.64876485983955,64.64255191221564,22.2,18.8,27.8,33.9,35.6,11.7,16.8,47.0,65.33,83.0,0.0,1012.13,11.0,7.812
2012-12-31,7,123.49978918978084,72.78159271322033,26.1,22.0,30.6,35.9,36.7,9.799999999999997,14.700000000000003,47.0,60.67,73.0,0.0,1010.23,17.0,4.572
2013-01-01,1,80.21552558086967,64.34084748544686,20.8,19.2,22.73,25.4,25.5,4.599999999999998,6.300000000000001,84.0,86.33,88.0,24.3,1009.63,26.0,14.76
2013-01-02,5,84.17707073258455,56.98882495961092,20.1,15.6,22.33,26.3,27.5,6.199999999999999,11.9,48.0,62.67,72.0,0.2,1018.53,16.67,8.388
2013-01-03,9,91.21654411855889,54.523171443158645,18.6,14.6,23.37,28.7,30.0,10.099999999999998,15.4,48.0,60.33,70.0,0.0,1020.07,12.33,8.748000000000001
2013-01-04,14,106.43641779528957,61.032613749713576,21.7,17.4,26.57,31.8,33.6,10.100000000000001,16.200000000000003,47.0,60.67,74.0,0.0,1018.03,14.0,9.107999999999999
2013-01-05,2,106.99115721539201,67.06780733891397,23.5,19.6,25.97,28.4,31.8,4.899999999999999,12.2,57.0,75.0,87.0,6.3,1013.47,6.33,5.652
2013-01-06,6,103.86185442642142,67.50831642645639,23.0,20.1,26.67,30.3,31.1,7.300000000000001,11.0,61.0,76.33,95.0,1.1,1009.13,23.0,8.64
2013-01-07,5,104.46571646636824,73.23662747884043,26.4,22.3,28.63,31.1,32.2,4.700000000000003,9.900000000000002,57.0,68.0,80.0,0.0,1006.03,24.33,5.508
2013-01-08,12,106.45292236149507,70.14210671407103,23.0,21.2,25.27,29.3,30.6,6.300000000000001,9.400000000000002,66.0,85.33,95.0,67.9,1007.23,16.67,8.388
2013-01-09,4,105.0603308080742,69.21543102348457,23.4,21.0,26.7,31.0,31.5,7.600000000000001,10.5,59.0,74.67,89.0,0.0,1014.3,15.33,11.268
2013-01-10,7,97.08191180080017,64.90313261973196,23.2,19.3,26.03,28.8,31.0,5.600000000000001,11.7,52.0,65.0,81.0,0.0,1017.63,15.33,12.6
2013-01-11,4,87.88536613681609,58.655678911570256,20.8,16.5,23.7,26.8,29.1,6.0,12.600000000000001,48.0,59.0,70.0,0.0,1017.9,14.0,10.08
2013-01-12,10,90.83959469723547,59.86826245043302,20.6,16.8,23.93,28.8,30.1,8.2,13.3,42.0,58.33,72.0,0.0,1014.4,12.33,8.172
2013-01-13,7,97.27243839769619,60.20165468574755,21.4,17.3,25.0,29.2,31.4,7.800000000000001,14.099999999999998,52.0,62.0,71.0,0.0,1015.4,9.33,11.772
2013-01-14,6,99.46708731621018,65.81997239854093,22.6,19.8,26.5,30.2,31.5,7.599999999999998,11.7,51.0,65.33,81.0,0.0,1015.3,14.0,14.76
2013-01-15,12,94.33386753742981,68.0787473499722,23.2,20.6,26.2,29.0,30.2,5.800000000000001,9.599999999999998,56.0,66.33,76.0,0.0,1012.57,12.33,12.492
2013-01-16,7,105.860346344736,67.76262595770352,23.4,20.6,26.6,29.6,32.6,6.200000000000003,12.0,57.0,67.0,75.0,0.0,1010.13,12.33,15.012
2013-01-17,8,112.99689725027214,68.0659556839766,24.1,20.5,27.67,32.2,34.2,8.100000000000001,13.700000000000003,48.0,65.0,80.0,0.0,1009.8,18.33,10.908
2013-01-18,8,97.67524840274676,71.36510421254046,24.8,21.9,25.5,26.9,30.1,2.099999999999998,8.200000000000003,66.0,74.67,79.0,0.4,1011.13,14.0,11.412
2013-01-19,6,92.17858834029995,64.4374597529769,23.1,19.0,24.9,28.0,29.5,4.899999999999999,10.5,53.0,68.0,82.0,2.3,1013.73,18.33,11.052
2013-01-20,7,87.92587571630116,66.08342376751872,22.0,20.0,24.53,26.8,28.7,4.800000000000001,8.7,52.0,63.67,80.0,0.0,1017.27,15.33,16.668
2013-01-21,3,89.50414149555893,62.16626916433136,21.0,18.2,24.93,28.2,30.0,7.199999999999999,11.8,44.0,55.33,68.0,0.0,1020.3,12.33,12.96
2013-01-22,8,99.03546372313474,63.98117164277008,21.8,19.1,25.67,29.4,31.9,7.599999999999998,12.799999999999997,46.0,61.33,79.0,0.0,1019.53,11.0,15.588000000000001
2013-01-23,9,103.45037496724319,65.84390282003096,22.7,19.3,26.7,31.7,33.7,9.0,14.400000000000002,40.0,55.67,72.0,0.0,1015.63,25.67,7.668
2013-01-24,4,113.63252210857635,71.39635401672888,25.3,21.9,29.33,35.1,35.6,9.8,13.700000000000003,40.0,57.0,76.0,0.0,1008.07,28.67,11.16
2013-01-25,4,110.09109946387208,71.44775752799424,22.3,21.5,25.47,30.8,32.2,8.5,10.700000000000003,48.0,76.0,95.0,3.6,1005.5,28.67,5.4
2013-01-26,8,81.73597190888134,57.37246413938851,20.0,16.3,22.6,25.4,27.2,5.399999999999999,10.899999999999999,39.0,50.33,60.0,0.0,1012.43,22.67,13.788
2013-01-27,7,87.02427779781374,54.55343284490482,19.1,14.4,23.37,28.1,29.5,9.0,15.1,41.0,51.67,60.0,0.0,1016.4,12.33,7.308
2013-01-28,4,102.7021576279751,62.24079361458543,20.6,17.9,25.87,31.4,33.0,10.799999999999997,15.100000000000001,47.0,59.33,69.0,0.0,1017.0,15.33,9.0
2013-01-29,6,112.59551821613218,64.64055383564323,23.2,19.0,27.77,33.2,34.8,10.000000000000004,15.799999999999997,44.0,60.67,78.0,0.0,1016.8,14.0,9.972
2013-01-30,9,118.13673419168786,65.93031027662627,24.2,19.7,28.73,34.5,36.2,10.3,16.500000000000004,39.0,58.33,79.0,0.0,1012.93,19.67,12.24
2013-01-31,5,125.44650987726396,68.14486889610774,24.4,20.3,29.03,35.8,37.7,11.399999999999999,17.400000000000002,31.0,57.0,78.0,0.0,1010.93,22.67,7.812
2013-02-01,8,123.43966980195512,71.16949857655379,27.4,21.8,31.0,36.8,38.2,9.399999999999999,16.400000000000002,42.0,52.67,60.0,0.0,1008.63,26.0,11.052
2013-02-02,4,99.95774680521572,72.76656171200179,23.4,22.2,27.17,29.4,30.8,6.0,8.600000000000001,64.0,72.33,88.0,5.0,1009.63,27.0,6.732
2013-02-03,11,87.37055529000017,66.77026667424474,23.5,19.6,24.07,25.1,27.5,1.6000000000000014,7.899999999999999,72.0,79.0,86.0,2.0,1011.3,21.33,6.732
2013-02-04,6,85.77527813584709,59.60547697455274,19.7,17.0,22.77,26.4,27.6,6.699999999999999,10.600000000000001,49.0,69.67,87.0,2.2,1013.87,14.0,11.16
2013-02-05,4,84.28879790647623,59.23476992031411,21.1,17.2,24.1,27.2,27.7,6.099999999999998,10.5,54.0,60.33,66.0,0.0,1014.8,14.0,15.840000000000002
2013-02-06,7,93.22112076416586,66.34630815528496,21.6,19.9,24.43,28.1,29.6,6.5,9.700000000000003,58.0,69.67,82.0,0.0,1015.33,14.0,12.708
2013-02-07,9,90.98266810529563,68.08799651462498,22.1,20.8,25.1,28.6,29.5,6.5,8.7,49.0,64.67,79.0,0.0,1015.7,12.33,16.56
2013-02-08,3,88.62293483686562,65.63259703963524,22.5,19.6,24.63,26.8,28.5,4.300000000000001,8.899999999999999,64.0,68.67,76.0,0.0,1015.07,12.33,12.6
2013-02-09,8,94.54577232064304,70.65212397600212,22.8,21.5,24.57,27.8,28.9,5.0,7.399999999999999,71.0,81.33,88.0,0.8999999999999999,1013.93,10.67,9.612
2013-02-10,7,109.36550306254233,72.50742003313152,23.8,22.2,26.27,30.4,32.0,6.599999999999998,9.8,60.0,76.67,89.0,0.2,1010.67,28.67,8.28
2013-02-11,6,104.7366926232004,68.19210324927127,22.7,20.8,26.4,31.2,32.0,8.5,11.2,58.0,70.0,81.0,0.5,1008.17,25.67,15.588000000000001
2013-02-12,6,105.35522214796828,73.90018721534537,24.2,22.8,26.67,30.5,31.4,6.300000000000001,8.599999999999998,60.0,76.0,88.0,1.8,1006.37,33.33,8.388
2013-02-13,7,110.44502814980808,75.53175651140931,26.0,23.6,27.73,30.6,32.9,4.600000000000001,9.299999999999997,60.0,71.0,79.0,3.5,1007.83,16.33,10.692
2013-02-14,8,111.56034631925503,74.21555166818735,25.9,22.9,28.53,32.8,33.0,6.899999999999999,10.100000000000001,57.0,71.67,86.0,0.3,1009.7,20.0,7.812
2013-02-15,4,110.86825281625606,74.2364496823875,23.6,22.9,26.1,30.0,31.4,6.399999999999999,8.5,66.0,84.0,95.0,22.1,1009.57,21.0,7.668
2013-02-16,4,109.72319385257244,73.08808354321195,25.0,22.4,27.07,31.2,31.9,6.199999999999999,9.5,61.0,78.0,87.0,0.5,1008.77,14.0,7.5600000000000005
2013-02-17,6,113.18263105042298,72.40303485577246,25.4,22.5,28.33,32.4,33.0,7.0,10.5,62.0,73.67,83.0,0.0,1007.03,26.0,15.588000000000001
2013-02-18,8,104.96957946833102,74.95089488369004,25.3,23.2,27.8,31.3,31.6,6.0,8.400000000000002,66.0,73.67,79.0,0.0,1011.0,18.0,7.5600000000000005
2013-02-20,3,108.7246478130882,75.88534333402791,24.5,23.9,26.83,29.8,31.4,5.300000000000001,7.5,70.0,81.0,87.0,0.2,1012.43,15.33,15.371999999999998
2013-02-21,4,106.26334868727122,74.47800689494805,24.6,23.2,25.57,26.8,30.2,2.1999999999999993,7.0,84.0,89.33,97.0,71.4,1009.33,24.0,11.628
2013-02-22,5,85.64361273698418,66.85108376103287,22.2,20.2,24.63,26.9,27.5,4.699999999999999,7.300000000000001,52.0,70.67,81.0,0.8,1016.27,15.33,14.4
2013-02-23,3,91.83038241788807,63.74738442554825,21.1,18.8,24.83,29.6,29.6,8.5,10.8,56.0,66.0,75.0,0.0,1016.63,12.33,12.24
2013-02-24,4,108.152381584192,65.44313133351974,23.6,19.4,27.1,32.7,33.6,9.100000000000001,14.200000000000003,49.0,63.0,73.0,0.0,1011.87,27.33,10.8
2013-02-25,5,92.54530381918252,75.70840571294502,24.2,23.6,26.9,28.6,29.2,4.400000000000002,5.599999999999998,62.0,72.33,79.0,0.0,1008.0,19.67,9.0
2013-02-26,2,81.14471452584397,63.716860968041146,20.6,18.6,23.4,26.0,26.1,5.399999999999999,7.5,53.0,66.67,84.0,1.4,1011.1,23.0,9.828
2013-02-27,4,82.68427454443605,55.2166841198971,19.5,14.5,21.97,25.8,27.1,6.300000000000001,12.600000000000001,44.0,59.33,71.0,0.0,1016.17,18.33,6.228
2013-02-28,4,85.69571489780296,54.64175585964354,19.5,15.0,22.5,27.4,28.0,7.899999999999999,13.0,50.0,63.33,74.0,0.0,1015.83,16.67,11.772
2013-03-01,2,103.23757200672642,61.771148268013654,20.4,17.9,25.27,31.0,32.0,10.600000000000001,14.100000000000001,58.0,67.67,74.0,0.0,1014.47,14.0,11.16
2013-03-02,8,105.67870278983631,69.73547781140559,24.2,21.3,27.67,33.1,33.3,8.900000000000002,11.999999999999996,42.0,61.67,84.0,0.0,1012.97,27.33,12.852
2013-03-03,3,84.9286688672464,74.71367707911148,25.0,23.0,26.67,27.8,27.3,2.8000000000000007,4.300000000000001,62.0,70.33,86.0,0.7,1011.8,24.33,6.12
2013-03-04,8,81.7720826008862,65.63641903233687,19.0,19.0,22.53,25.5,25.9,6.5,6.899999999999999,65.0,85.67,96.0,13.3,1013.63,15.33,5.867999999999999
2013-03-05,5,76.73886247891211,60.948250483656274,18.2,17.2,21.0,24.0,24.2,5.800000000000001,7.0,63.0,76.0,89.0,9.4,1013.2,10.67,7.668
2013-03-06,3,84.88682841478422,66.8358962890338,20.0,19.6,22.23,26.0,27.5,6.0,7.899999999999999,53.0,66.67,76.0,0.0,1013.07,21.33,6.48
2013-03-07,1,104.46571646636824,58.92895777871633,20.8,16.2,24.2,30.8,32.2,10.0,16.000000000000004,44.0,68.0,86.0,0.0,1014.57,18.33,6.732
2013-03-08,7,91.9975729285847,70.11062922436525,24.2,21.1,25.43,27.2,28.3,3.0,7.199999999999999,78.0,82.67,86.0,0.1,1015.27,24.33,7.308
2013-03-09,4,89.36970514926365,71.59108292580608,22.1,21.4,24.1,27.0,27.7,4.899999999999999,6.300000000000001,72.0,83.67,93.0,0.6,1012.3,14.0,4.068
2013-03-10,7,90.57229891689181,71.48400694591433,23.6,22.2,25.07,27.1,28.4,3.5,6.199999999999999,64.0,76.67,83.0,0.0,1006.47,21.33,17.64
2013-03-11,6,95.2035981715405,68.53296776570554,21.9,20.4,25.77,30.0,30.2,8.100000000000001,9.8,57.0,68.33,75.0,0.0,1008.77,15.33,7.092
2013-03-12,9,73.0148200604189,68.75863318532333,21.1,20.2,22.07,22.6,23.3,1.5,3.1000000000000014,76.0,86.33,94.0,6.7,1007.6,14.0,4.572
2013-03-13,5,78.22298277189485,64.15630026902602,19.2,19.0,21.27,23.6,24.9,4.400000000000002,5.899999999999999,60.0,81.33,94.0,10.3,1011.5,18.0,12.708
2013-03-14,6,81.13023970080016,58.00448327207004,20.0,16.3,21.47,24.0,26.0,4.0,9.7,59.0,70.0,76.0,0.0,1018.13,13.67,10.8
2013-03-15,10,69.78046743998466,61.200695367988736,17.9,17.6,19.6,20.7,21.3,2.8000000000000007,3.6999999999999993,68.0,83.67,95.0,2.9,1019.97,12.33,10.44
2013-03-16,9,70.25860551364818,61.146721423470474,18.2,17.6,19.0,20.2,21.9,2.0,4.299999999999997,75.0,85.0,96.0,4.3999999999999995,1021.2,16.67,10.692
2013-03-17,8,76.91378273786736,54.82026143358135,17.6,15.0,19.9,23.6,24.0,6.0,9.0,47.0,69.33,83.0,0.0,1023.9,16.67,11.052
2013-03-18,4,75.49636962944132,53.78352694203396,17.6,14.5,19.73,22.6,23.0,5.0,8.5,59.0,69.33,80.0,0.0,1023.17,10.67,10.44
2013-03-19,10,75.72182862130762,60.57681704613699,19.0,17.6,20.87,23.0,23.4,4.0,5.799999999999997,63.0,71.67,78.0,0.0,1020.17,10.67,13.68
2013-03-20,4,67.15119219170093,62.1772758991886,19.6,18.3,20.0,20.6,20.9,1.0,2.599999999999998,77.0,88.67,98.0,18.5,1013.8,9.33,14.4
2013-03-21,4,87.31200120024687,60.91532448673804,19.2,17.3,22.03,26.1,27.4,6.900000000000002,10.099999999999998,63.0,80.67,92.0,0.5,1009.53,24.33,8.64
2013-03-22,3,87.40288871738059,65.88313123878194,20.8,19.4,23.7,28.1,28.3,7.300000000000001,8.900000000000002,49.0,66.67,77.0,0.0,1015.1,21.33,8.532
2013-03-23,5,84.5531294343999,60.47247033594724,20.2,16.9,22.47,26.8,27.0,6.600000000000001,10.100000000000001,61.0,74.0,84.0,0.0,1018.6,11.0,6.9479999999999995
2013-03-24,10,79.70279152608276,56.63429670499788,18.4,15.6,21.03,24.9,25.4,6.5,9.799999999999999,64.0,72.33,82.0,0.0,1015.63,14.0,9.612
2013-03-25,7,92.17858834029995,59.478967788234804,20.4,16.4,23.47,28.4,29.5,8.0,13.100000000000001,52.0,68.0,83.0,0.0,1013.63,12.33,6.48
2013-03-26,7,83.30291950614401,63.325062781746,19.6,18.6,20.5,21.5,26.2,1.8999999999999986,7.599999999999998,85.0,89.0,91.0,10.1,1014.83,19.67,11.879999999999999
2013-03-27,8,79.78777719728272,59.583954491004505,18.1,16.5,20.6,24.9,25.4,6.799999999999997,8.899999999999999,60.0,78.67,88.0,0.0,1017.4,19.67,6.84
2013-03-28,8,83.29115247230773,62.89187719243741,20.4,18.2,22.43,26.3,26.5,5.900000000000002,8.3,55.0,77.33,89.0,0.5,1019.2,17.0,9.251999999999999
2013-03-29,7,86.00834899403131,56.570220099486654,19.7,15.5,22.6,27.6,27.8,7.900000000000002,12.3,48.0,67.67,79.0,0.0,1019.5,12.33,9.0
2013-03-30,11,95.70111738291894,60.25990867278433,20.2,17.1,24.3,30.4,30.6,10.2,13.5,47.0,65.67,79.0,0.0,1019.9,10.67,9.360000000000001
2013-03-31,5,104.16702317516818,63.9408953578417,22.3,18.4,25.5,30.8,32.4,8.5,14.0,50.0,66.0,82.0,0.0,1017.47,24.33,6.9479999999999995
2013-04-01,5,85.18631341532247,59.99598516156766,22.3,17.0,24.57,27.6,27.6,5.300000000000001,10.600000000000001,57.0,66.67,74.0,0.0,1017.53,14.0,9.468
2013-04-02,7,92.43082267860404,68.94093276576913,22.2,20.7,23.77,26.6,28.3,4.400000000000002,7.600000000000001,78.0,84.0,88.0,0.7999999999999999,1015.47,12.33,8.532
2013-04-03,6,105.5255276142031,71.18021028214753,23.4,21.6,26.57,31.5,31.7,8.100000000000001,10.099999999999998,52.0,73.67,90.0,0.0,1014.67,14.0,7.812
2013-04-04,4,97.32127992929439,67.58131616935384,23.2,20.0,25.2,28.8,29.4,5.600000000000001,9.399999999999999,67.0,81.67,91.0,53.699999999999996,1010.77,9.33,7.2
2013-04-05,11,79.77354275527006,64.20923492262067,19.6,19.3,21.87,24.4,25.4,4.799999999999997,6.099999999999998,54.0,77.33,95.0,24.8,1008.43,21.33,17.748
2013-04-06,7,85.83896804639986,59.5822826756774,20.4,17.0,23.3,27.8,28.0,7.400000000000002,11.0,53.0,64.0,75.0,0.0,1010.13,27.33,11.268
2013-04-07,7,79.66031888284786,63.18588920043522,19.1,18.3,22.23,25.0,25.4,5.899999999999999,7.099999999999998,61.0,70.0,76.0,0.0,1015.6,21.0,9.0
2013-04-08,6,76.47275222438722,56.74370109746046,19.2,15.8,20.53,23.2,24.0,4.0,8.2,69.0,74.33,79.0,0.0,1017.57,15.33,11.052
2013-04-09,8,75.235680722956,61.921305617533456,19.2,17.7,20.67,22.6,23.1,3.400000000000002,5.400000000000002,62.0,72.0,78.0,0.0,1019.2,12.33,8.388
2013-04-10,7,82.84107741217173,59.454268729290334,19.7,17.0,22.1,25.6,26.5,5.900000000000002,9.5,64.0,73.33,79.0,0.0,1017.6,14.0,11.879999999999999
2013-04-11,3,92.53039066733648,63.0639519191407,20.3,18.5,23.6,29.0,29.0,8.7,10.5,52.0,74.67,88.0,0.1,1013.37,12.33,11.988000000000001
2013-04-12,7,78.38703828101397,63.78397785625926,19.7,18.7,22.33,25.0,25.0,5.300000000000001,6.300000000000001,71.0,85.33,97.0,18.8,1008.63,17.0,10.692
2013-04-13,6,74.7794839340923,55.65815250849123,16.7,14.8,18.87,20.9,21.9,4.199999999999999,7.099999999999998,46.0,67.67,91.0,1.9000000000000001,1014.93,16.67,6.84
2013-04-14,5,75.51267449887511,42.578128692910866,12.8,9.8,16.2,20.3,20.7,7.5,10.899999999999999,43.0,62.33,72.0,0.0,1018.47,19.67,10.332
2013-04-15,13,79.14345247584588,46.3367036974425,14.8,11.5,18.5,25.0,25.2,10.2,13.7,49.0,63.33,75.0,0.0,1015.73,27.33,11.268
2013-04-16,7,75.36443010133397,52.34794595636528,16.1,13.9,19.43,21.4,21.6,5.299999999999997,7.700000000000001,55.0,63.67,69.0,0.0,1015.1,25.67,10.44
2013-04-17,6,75.18560905512197,54.2425908137306,14.7,13.5,17.6,21.4,23.1,6.699999999999999,9.600000000000001,57.0,72.33,86.0,0.0,1019.27,27.33,3.8520000000000003
2013-04-18,8,79.21267597463941,48.630612793105065,15.2,11.3,18.53,24.2,25.2,9.0,13.899999999999999,46.0,73.33,88.0,0.1,1019.27,22.67,4.932
2013-04-19,10,82.91665368013831,51.26743497883882,16.2,12.3,20.03,26.4,26.6,10.2,14.3,51.0,71.33,82.0,0.0,1019.7,19.67,4.32
2013-04-20,5,83.38534295165549,53.279444793306595,16.4,12.2,20.43,26.3,26.7,9.900000000000002,14.5,55.0,72.67,86.0,0.0,1020.87,10.67,1.9080000000000001
2013-04-21,4,83.33016424880161,58.943544380217475,18.1,16.0,21.03,26.4,26.5,8.299999999999997,10.5,54.0,77.67,93.0,0.1,1022.07,9.0,5.508
2013-04-22,10,86.09749535838583,55.49200120217233,15.4,14.6,20.33,26.8,27.3,11.4,12.700000000000001,46.0,76.67,98.0,0.1,1023.57,9.33,6.12
2013-04-23,4,85.84178363692823,54.23127933458415,17.8,13.7,21.4,27.4,27.6,9.599999999999998,13.900000000000002,43.0,70.0,84.0,0.0,1023.17,20.0,4.572
2013-04-24,15,84.39686908080024,59.335302619289536,17.7,15.6,21.33,26.7,27.0,9.0,11.4,50.0,73.0,88.0,0.0,1021.27,25.67,3.132
2013-04-25,8,87.64845872529935,55.37438299021653,18.3,14.5,21.9,28.3,28.4,10.0,13.899999999999999,40.0,66.33,86.0,0.0,1019.53,15.33,5.867999999999999
2013-04-26,5,89.41383255731857,58.87264546089837,18.4,15.6,22.5,28.6,28.8,10.200000000000003,13.200000000000001,48.0,67.67,82.0,0.0,1017.43,9.0,3.8520000000000003
2013-04-27,7,89.71813423715739,60.348113939826305,19.8,16.1,23.03,28.6,28.8,8.8,12.7,49.0,68.67,84.0,0.0,1017.2,11.0,3.24
2013-04-28,8,106.16615365462992,62.17982735173249,20.0,17.1,23.77,31.1,32.1,11.100000000000001,15.0,50.0,71.33,83.0,0.0,1015.4,20.0,3.8520000000000003
2013-04-29,8,80.78759500839541,67.56476910637102,21.1,19.8,23.33,25.5,25.7,4.399999999999999,5.899999999999999,72.0,80.33,89.0,8.5,1014.3,21.33,5.508
2013-04-30,5,85.7796429116322,64.17183912682155,19.8,18.1,22.97,26.7,27.3,6.899999999999999,9.2,59.0,75.0,83.0,0.0,1015.6,24.33,4.32
2013-05-01,6,73.98787280543448,61.131151195874885,18.2,16.9,19.93,22.8,23.2,4.600000000000001,6.300000000000001,73.0,80.33,87.0,0.0,1018.07,15.33,5.148
2013-05-02,2,110.41470364448877,62.47243789530252,18.9,16.6,22.9,30.6,31.7,11.700000000000003,15.099999999999998,59.0,80.67,95.0,0.0,1014.93,15.33,1.9080000000000001
2013-05-03,7,94.06169906378778,67.49355773882593,20.5,19.3,24.0,28.3,28.5,7.800000000000001,9.2,74.0,85.67,98.0,0.1,1011.47,7.67,2.8800000000000003
2013-05-04,6,74.11808558169605,65.56049809009284,19.4,19.0,21.1,22.2,23.4,2.8000000000000007,4.399999999999999,71.0,82.0,90.0,0.30000000000000004,1012.17,9.33,6.12
2013-05-05,6,75.20247272618798,57.00132906831973,17.0,15.1,19.23,21.7,22.1,4.699999999999999,7.000000000000002,49.0,66.0,77.0,0.0,1017.5,20.0,5.292
2013-05-06,9,73.80960942418096,49.9909717116278,13.5,12.0,16.83,19.8,20.5,6.300000000000001,8.5,47.0,69.67,86.0,0.0,1017.97,25.67,5.292
2013-05-07,2,75.61370359403048,47.766918184576376,14.3,12.0,15.67,18.1,18.5,3.8000000000000007,6.5,39.0,66.33,81.0,0.8,1017.63,15.33,10.548
2013-05-08,5,75.43777348755191,41.670470132793696,9.4,7.1,14.1,20.5,20.9,11.1,13.799999999999999,35.0,62.67,79.0,0.0,1020.33,30.33,2.52
2013-05-09,7,78.07906945954848,42.05754144950287,11.2,8.7,16.2,24.2,24.6,13.0,15.900000000000002,38.0,66.33,84.0,0.0,1019.97,21.0,6.012
2013-05-10,8,87.73428861925534,43.99957073464776,10.7,8.4,17.63,27.4,28.2,16.7,19.799999999999997,37.0,69.33,95.0,0.0,1018.93,13.67,2.8800000000000003
2013-05-11,8,87.04073446277881,48.11192615808483,14.3,11.1,19.8,27.3,28.0,13.0,16.9,44.0,69.33,86.0,0.1,1017.03,17.0,5.04
2013-05-12,10,71.10216151196806,53.27545700024253,15.6,14.2,18.63,21.3,21.6,5.700000000000001,7.400000000000002,74.0,81.0,91.0,0.0,1016.6,22.67,9.72
2013-05-13,10,76.14223619355391,55.26458210085886,16.5,14.3,18.73,22.2,24.4,5.699999999999999,10.099999999999998,81.0,87.67,94.0,0.3,1016.07,7.67,5.148
2013-05-14,10,83.91753523913165,63.185878093109785,19.6,18.2,21.67,25.4,26.5,5.799999999999997,8.3,67.0,82.67,91.0,0.0,1013.1,22.67,8.028
2013-05-15,8,74.52641355890484,56.21754812085841,20.8,15.0,21.4,21.9,23.8,1.0999999999999979,8.8,82.0,85.67,88.0,0.8,1011.6,22.67,6.588
2013-05-16,4,81.96240961580801,36.122620228120894,8.6,7.5,12.63,15.2,15.2,6.6,7.699999999999999,44.0,63.0,93.0,12.5,1020.2,22.67,12.852
2013-05-17,6,72.94125898787215,33.418755165170666,7.5,5.2,11.17,17.2,17.8,9.7,12.600000000000001,59.0,75.0,85.0,0.0,1027.33,13.67,6.9479999999999995
2013-05-18,9,69.92057034705161,42.75942479029344,10.9,9.5,12.87,16.5,16.8,5.6,7.300000000000001,72.0,82.33,88.0,0.0,1025.17,14.0,8.172
2013-05-19,6,62.28111475951046,54.985471979114635,14.6,14.0,15.47,17.0,18.4,2.4000000000000004,4.399999999999999,87.0,92.67,97.0,3.8,1021.43,13.67,4.428
2013-05-20,11,64.92371409246151,56.909830961933416,16.0,15.2,17.57,20.1,21.2,4.100000000000001,6.0,88.0,94.67,98.0,17.5,1017.33,17.0,6.012
2013-05-21,7,69.13531924531122,55.700297355295596,16.0,14.6,17.9,20.6,21.0,4.600000000000001,6.4,63.0,84.33,95.0,1.4,1016.67,29.0,5.652
2013-05-22,6,65.89804214487413,48.67617987321144,12.1,11.1,14.4,16.3,16.6,4.200000000000001,5.500000000000002,81.0,88.33,93.0,0.0,1017.57,16.67,4.212
2013-05-23,6,68.89542790961193,54.71819726929239,15.1,13.6,16.93,20.2,21.3,5.1,7.700000000000001,73.0,86.0,94.0,0.0,1019.03,4.67,3.492
2013-05-24,4,66.31474287964457,52.58184731873576,13.8,13.4,16.17,19.1,19.8,5.300000000000001,6.4,74.0,87.67,97.0,0.1,1019.2,21.33,6.48
2013-05-25,10,71.37458190947203,53.044811672849306,14.4,13.4,16.8,20.2,21.8,5.799999999999999,8.4,60.0,81.0,94.0,0.0,1021.27,30.0,5.508
2013-05-26,7,75.34478649760024,50.67456263624278,13.2,12.0,16.73,23.2,24.0,10.0,12.0,62.0,84.0,97.0,0.0,1019.37,26.0,4.212
2013-05-27,6,80.98347182320062,52.80406355655865,13.8,12.8,18.7,25.0,25.8,11.2,13.0,50.0,77.33,96.0,0.0,1014.57,17.0,3.708
2013-05-28,15,80.45415584055264,53.14019685011922,14.8,13.0,18.63,23.7,25.6,8.899999999999999,12.600000000000001,74.0,80.33,91.0,0.0,1008.67,9.0,3.8520000000000003
2013-05-29,5,66.58964434878398,57.851006401428506,17.2,16.2,18.33,19.3,19.7,2.1000000000000014,3.5,80.0,87.0,96.0,27.5,1003.53,10.67,10.44
2013-05-30,2,73.27216017302493,39.65237432861939,11.2,9.1,15.23,17.9,18.1,6.699999999999999,9.000000000000002,48.0,73.67,94.0,0.1,1012.17,27.0,14.04
2013-05-31,5,72.89239653694753,38.20083868648172,8.9,6.7,13.57,19.6,20.3,10.700000000000001,13.600000000000001,54.0,72.67,88.0,0.0,1016.87,24.33,5.04
2013-06-01,8,67.17997547314815,46.3727227533352,13.0,10.4,13.77,14.4,15.7,1.4000000000000004,5.299999999999999,77.0,88.0,94.0,26.299999999999997,1014.37,7.67,5.292
2013-06-02,8,60.44714638988813,47.36623980770743,13.2,12.1,13.87,15.0,16.4,1.8000000000000007,4.299999999999999,91.0,95.0,98.0,0.0,1015.63,19.67,12.708
2013-06-03,5,68.8552369146135,47.8689099170636,12.5,11.5,14.8,18.7,19.5,6.199999999999999,8.0,56.0,82.33,98.0,0.1,1020.27,27.33,7.2
2013-06-04,6,70.64008414710007,42.236946525666085,9.8,8.2,14.2,20.4,21.5,10.599999999999998,13.3,59.0,82.0,97.0,0.1,1019.97,23.0,4.212
2013-06-05,7,78.64270138821416,47.004213178883234,10.6,9.6,16.7,24.6,25.0,14.000000000000002,15.4,51.0,77.33,98.0,0.1,1016.47,9.0,2.52
2013-06-06,8,71.06398943078403,51.934904158906896,16.0,12.6,16.87,17.4,21.8,1.3999999999999986,9.200000000000001,76.0,82.0,86.0,0.0,1015.97,12.33,4.32
2013-06-07,6,71.00426296797309,39.4835826162076,9.0,6.9,13.9,20.1,20.5,11.100000000000001,13.6,60.0,78.33,94.0,0.0,1020.23,20.0,4.068
2013-06-08,6,70.37597311111955,44.01131435252994,10.4,8.8,14.67,19.7,20.3,9.299999999999999,11.5,52.0,79.67,99.0,0.1,1023.9,9.33,3.708
2013-06-09,12,70.3334263639916,45.484992875448384,10.8,10.2,14.97,20.8,22.0,10.0,11.8,65.0,85.33,96.0,0.2,1021.97,9.33,6.012
2013-06-10,13,73.79532921582258,57.06439855332979,15.9,15.2,18.8,23.0,23.2,7.1,8.0,64.0,81.33,94.0,0.0,1018.37,13.67,5.652
2013-06-11,6,63.72005913691112,51.10231081288647,13.7,12.3,15.67,16.9,17.2,3.1999999999999993,4.899999999999999,87.0,90.67,98.0,0.1,1020.43,15.0,4.572
2013-06-12,8,65.51410022128034,55.90191010966568,15.4,14.5,16.6,18.8,19.2,3.4000000000000004,4.699999999999999,80.0,88.33,95.0,0.0,1020.97,16.67,4.788
2013-06-13,11,70.27552513790592,51.96785199354327,14.0,12.9,16.57,20.7,21.4,6.699999999999999,8.499999999999998,61.0,82.67,95.0,0.0,1020.33,12.0,5.4
2013-06-14,13,68.61096356341847,47.628247899866565,12.8,11.3,15.57,19.4,21.2,6.599999999999998,9.899999999999999,83.0,86.33,90.0,0.1,1019.23,15.0,6.732
2013-06-15,8,71.54717910800723,48.05523007609447,13.0,12.2,15.63,19.1,19.9,6.100000000000001,7.699999999999999,60.0,76.33,87.0,0.1,1020.83,15.33,11.16
2013-06-16,7,69.71694232532802,52.521504663036865,14.1,12.4,16.1,19.4,20.1,5.299999999999999,7.700000000000001,75.0,81.0,84.0,0.0,1016.27,6.0,2.988
2013-06-17,12,66.59502724669477,55.9371658337179,15.2,14.3,16.03,17.3,17.8,2.1000000000000014,3.5,79.0,86.33,93.0,2.8,1016.07,15.33,3.9600000000000004
2013-06-18,7,69.78394224964717,51.68579361381468,14.1,13.1,16.63,21.0,21.0,6.9,7.9,71.0,82.67,91.0,0.0,1017.2,15.33,6.9479999999999995
2013-06-19,6,63.61400482635153,49.23778392573264,14.5,12.3,15.53,17.4,17.6,2.8999999999999986,5.300000000000001,89.0,90.67,93.0,3.0,1017.13,23.0,8.388
2013-06-20,5,67.0508038744106,47.68114521307331,12.6,11.6,13.47,15.0,15.6,2.4000000000000004,4.0,77.0,88.33,96.0,2.9,1021.43,15.33,8.172
2013-06-21,11,63.10955701423589,50.39018808963469,13.2,13.2,14.8,16.4,16.8,3.1999999999999993,3.6000000000000014,86.0,91.67,96.0,37.8,1010.63,21.33,11.412
2013-06-22,8,74.27844824035196,43.804703507647325,12.4,11.4,14.83,17.2,17.4,4.799999999999999,5.999999999999998,56.0,73.0,82.0,3.3,1011.57,32.0,20.772
2013-06-23,10,69.45558727043213,38.94651640515923,8.7,7.4,13.0,17.7,18.8,9.0,11.4,73.0,81.0,94.0,0.0,1021.8,17.0,6.228
2013-06-24,6,68.40484251795559,44.91185009670322,12.0,10.7,14.73,19.1,19.6,7.100000000000001,8.900000000000002,73.0,83.33,89.0,0.0,1020.33,14.0,9.828
2013-06-25,12,63.35596186468808,57.27909974570893,15.7,15.4,16.4,17.5,17.9,1.8000000000000007,2.4999999999999982,85.0,91.0,96.0,3.9000000000000004,1014.8,21.33,6.228
2013-06-26,5,70.22244620348826,51.71193731243722,13.6,13.0,14.97,15.8,16.2,2.200000000000001,3.1999999999999993,75.0,83.0,89.0,0.3,1017.33,27.33,6.372
2013-06-27,7,70.5795406536291,40.45806411739497,9.4,8.0,13.87,18.0,18.9,8.6,10.899999999999999,60.0,78.67,96.0,0.1,1019.93,29.0,6.012
2013-06-28,12,74.57863754347848,42.835466602404345,10.7,8.9,15.53,23.0,23.5,12.3,14.6,65.0,80.67,94.0,0.1,1016.1,13.67,5.508
2013-06-29,9,66.66773223030403,54.75836953638336,16.2,14.3,17.47,18.7,19.8,2.5,5.5,76.0,87.0,98.0,19.2,1010.27,21.33,6.228
2013-06-30,14,70.63233438068124,44.824326347017376,10.5,10.0,14.07,17.4,18.0,6.899999999999999,8.0,49.0,79.33,97.0,0.1,1018.9,16.67,6.372
2013-07-01,12,70.92675065830471,35.693154110583805,7.1,5.3,11.57,17.4,17.6,10.299999999999999,12.3,64.0,79.33,95.0,0.0,1023.73,25.67,4.32
2013-07-02,7,70.47807278049618,35.15793606208236,7.9,5.6,12.57,19.2,19.9,11.299999999999999,14.299999999999999,54.0,79.0,95.0,0.0,1023.77,10.67,5.760000000000001
2013-07-03,4,75.79569735060733,38.87743976225231,9.4,8.1,15.03,23.2,23.6,13.799999999999999,15.500000000000002,52.0,73.67,92.0,0.0,1020.9,19.67,9.468
2013-07-04,11,74.11808558169605,51.057857893911276,13.6,11.5,17.2,22.0,23.4,8.4,11.899999999999999,72.0,82.0,92.0,0.0,1020.1,4.67,2.52
2013-07-05,11,88.71522929560003,59.15327279777978,19.9,16.2,22.83,28.0,28.5,8.100000000000001,12.3,52.0,69.0,82.0,0.0,1017.63,13.67,6.12
2013-07-06,15,78.30726541419278,63.107124185438494,21.2,17.8,22.47,24.4,24.8,3.1999999999999993,7.0,65.0,71.67,75.0,1.1,1014.53,16.67,5.292
2013-07-07,14,65.5511258237465,48.063383769084425,12.9,11.8,15.7,20.0,21.4,7.1,9.599999999999998,93.0,94.33,96.0,47.5,1017.63,22.67,8.388
2013-07-08,7,65.63585777999984,42.61303307326918,10.7,9.0,12.37,14.6,15.0,3.9000000000000004,6.0,87.0,91.0,96.0,4.6,1027.63,21.33,6.228
2013-07-09,3,73.37284181715313,47.03851966348972,12.0,11.3,16.13,22.6,23.0,10.600000000000001,11.7,64.0,81.33,95.0,0.1,1025.3,10.67,8.028
2013-07-10,7,84.22089771854391,56.22105236143218,16.1,14.8,19.53,26.4,26.7,10.299999999999997,11.899999999999999,58.0,79.0,90.0,0.0,1021.37,18.33,5.508
2013-07-11,10,83.5909295726713,56.226899948231065,15.4,14.4,20.2,25.6,26.4,10.200000000000001,11.999999999999998,61.0,83.33,98.0,0.0,1019.2,23.0,3.8520000000000003
2013-07-12,3,79.82700998280208,56.44792669633095,16.2,14.9,20.07,25.2,25.4,9.0,10.499999999999998,67.0,84.67,97.0,0.0,1018.27,19.67,5.508
2013-07-13,9,67.33021767169613,58.56701642554286,16.0,15.9,18.67,20.0,21.1,4.0,5.200000000000001,83.0,89.0,97.0,8.7,1017.03,21.33,5.867999999999999
2013-07-14,6,67.79576000700509,55.33745574998252,18.1,14.1,18.47,19.0,20.6,0.8999999999999986,6.500000000000002,83.0,86.33,91.0,0.0,1016.03,21.33,4.212
2013-07-15,10,72.3916542961721,42.40455260188462,10.4,9.0,13.7,16.5,16.9,6.1,7.899999999999999,56.0,78.0,94.0,24.0,1020.3,21.33,6.588
2013-07-16,9,70.80561435839999,34.0544395539883,8.0,6.4,11.8,17.6,18.0,9.600000000000001,11.6,53.0,79.0,93.0,0.0,1020.13,24.33,11.268
2013-07-17,11,77.23606986400421,42.44435076416383,10.9,8.8,15.67,23.3,24.3,12.4,15.5,52.0,72.33,84.0,0.0,1016.03,28.67,5.760000000000001
2013-07-18,12,69.14544766969792,45.427553834477706,15.5,10.9,16.37,16.9,17.4,1.3999999999999986,6.499999999999998,76.0,82.67,92.0,22.7,1009.07,19.67,9.72
2013-07-19,5,82.48247931078035,35.78644679720388,7.6,7.2,10.13,11.9,12.5,4.300000000000001,5.3,69.0,78.33,86.0,3.4,1019.67,18.33,11.772
2013-07-20,10,71.62890722065161,39.8931485393736,9.8,8.0,11.4,14.4,15.2,4.6,7.199999999999999,76.0,83.33,92.0,0.0,1012.7,20.0,6.9479999999999995
2013-07-21,9,76.949231212896,41.94411941791882,9.3,8.8,10.9,12.8,13.4,3.5,4.6,68.0,82.0,92.0,3.6999999999999997,1012.8,24.33,6.588
2013-07-22,12,93.03956112551779,30.37515007764294,6.0,5.1,8.9,11.3,11.3,5.300000000000001,6.200000000000001,51.0,66.67,79.0,0.0,1020.57,32.0,12.6
2013-07-23,11,101.55358555555517,27.88994896698535,5.4,4.5,6.83,8.7,9.1,3.299999999999999,4.6,67.0,70.33,76.0,0.0,1023.83,27.33,15.371999999999998
2013-07-24,12,84.66265113714499,26.395875915621623,5.2,3.0,8.23,12.2,12.6,6.999999999999999,9.6,54.0,74.33,91.0,0.0,1028.93,29.0,10.188
2013-07-25,12,74.31142359141339,25.19707889974696,3.3,1.4,8.57,15.8,16.1,12.5,14.700000000000001,52.0,76.67,93.0,0.0,1030.57,16.67,6.228
2013-07-26,14,71.02155237077551,32.868137037695426,6.7,4.9,11.73,19.5,19.9,12.8,14.999999999999998,53.0,77.67,94.0,0.0,1030.77,10.67,6.732
2013-07-27,14,72.98244457417597,37.4775413172362,8.2,6.8,14.0,20.7,21.4,12.5,14.599999999999998,45.0,74.0,94.0,0.0,1026.2,24.33,6.372
2013-07-28,12,73.26418384867209,41.007532531248046,10.4,8.2,14.97,21.8,22.2,11.4,14.0,53.0,76.0,94.0,0.0,1022.23,22.67,5.867999999999999
2013-07-29,11,72.85658646342151,40.453358566391515,9.3,7.7,15.1,21.8,22.2,12.5,14.5,57.0,77.67,96.0,0.0,1023.4,9.33,5.04
2013-07-30,12,66.07475564046433,46.93670891113979,11.1,10.8,14.17,17.9,18.3,6.799999999999999,7.5,75.0,87.0,98.0,0.1,1022.9,12.33,5.867999999999999
2013-07-31,13,86.16114871902428,45.21207174457636,11.1,9.7,17.07,25.7,27.3,14.6,17.6,50.0,77.0,98.0,0.0,1018.33,17.0,4.680000000000001
2013-08-01,10,98.16119819764876,50.998817035063865,13.3,11.9,20.17,29.1,30.1,15.8,18.200000000000003,49.0,75.67,98.0,0.0,1014.13,13.67,3.492
2013-08-02,12,70.52340381135879,55.830473480977425,15.9,14.7,18.7,22.1,22.1,6.200000000000001,7.400000000000002,75.0,85.33,92.0,0.0,1012.03,16.67,5.867999999999999
2013-08-03,9,66.63145377057599,50.669393391307665,12.9,12.3,15.8,17.7,17.7,4.799999999999999,5.399999999999999,74.0,86.33,95.0,1.1,1016.23,18.0,5.292
2013-08-04,9,68.77864450622523,46.2293932868342,11.6,11.0,13.53,16.7,18.0,5.1,7.0,63.0,82.67,93.0,14.799999999999999,1017.93,21.0,8.28
2013-08-05,9,72.33095019648873,37.3904825648337,9.4,6.5,14.27,20.7,21.7,11.299999999999999,15.2,49.0,77.33,96.0,0.1,1019.63,19.67,5.508
2013-08-06,8,73.67255592787433,49.52931512829939,12.8,11.4,16.13,22.0,22.4,9.2,10.999999999999998,47.0,75.33,96.0,1.5,1019.7,27.33,3.9600000000000004
2013-08-07,9,72.91531073090799,45.31789263735545,11.9,10.4,15.77,21.9,22.3,9.999999999999998,11.9,73.0,78.0,88.0,8.0,1015.53,9.33,7.2
2013-08-08,17,99.8356323636962,51.48489372381989,17.5,13.2,19.43,20.5,30.1,3.0,16.900000000000002,75.0,79.0,85.0,0.0,1007.67,16.67,8.028
2013-08-09,20,68.18940436620414,42.92567697874795,10.9,10.0,11.97,13.2,13.3,2.299999999999999,3.3000000000000007,85.0,92.0,96.0,7.800000000000001,1018.57,21.33,10.692
2013-08-10,10,68.05816907974396,42.10291544841509,10.0,10.0,10.8,11.4,11.9,1.4000000000000004,1.9000000000000004,94.0,95.67,97.0,24.0,1019.77,18.0,13.212
2013-08-11,6,74.80015569563656,42.19571256744497,9.7,9.6,11.23,13.8,14.3,4.100000000000001,4.700000000000001,66.0,81.67,92.0,9.9,1019.27,27.33,10.08
2013-08-12,11,70.73861037051091,33.490448885981294,7.1,5.3,11.8,18.5,18.9,11.4,13.599999999999998,51.0,78.33,98.0,0.1,1016.23,24.33,7.2
2013-08-13,7,68.75527281210455,44.877335616493326,11.4,9.8,12.37,13.8,14.9,2.4000000000000004,5.1,78.0,87.67,95.0,2.6,1017.5,16.67,5.508
2013-08-14,11,84.38420527196797,38.00874484013614,8.5,7.8,9.27,9.8,10.4,1.3000000000000007,2.6000000000000005,80.0,86.0,89.0,2.1,1027.1,27.33,9.828
2013-08-15,9,72.44998818725733,40.22956735566527,8.7,7.9,11.03,15.5,15.9,6.800000000000001,8.0,65.0,80.33,90.0,0.5,1029.87,21.33,6.012
2013-08-16,10,72.0021130993639,36.654943487590515,10.7,6.4,13.67,19.5,20.3,8.8,13.9,55.0,75.33,89.0,0.0,1025.3,22.67,6.228
2013-08-17,12,70.09640562393719,40.626838504937396,11.5,8.2,13.9,17.7,18.0,6.199999999999999,9.8,65.0,80.33,89.0,0.0,1027.33,12.33,6.48
2013-08-18,10,72.78760586679991,41.927405203775514,12.4,9.6,15.9,21.1,21.5,8.700000000000001,11.9,57.0,75.0,89.0,0.0,1027.23,9.33,10.8
2013-08-19,11,79.89405916470017,53.78315804540262,15.5,13.4,18.9,24.6,25.5,9.100000000000001,12.1,49.0,70.0,82.0,0.0,1023.3,6.33,4.212
2013-08-20,9,85.70711374132091,50.166238795350026,16.1,11.6,20.43,27.5,27.6,11.399999999999999,16.0,44.0,69.33,85.0,0.0,1020.07,16.67,3.708
2013-08-21,6,80.93144787360013,55.90959213743138,18.5,15.5,20.8,24.5,26.0,6.0,10.5,52.0,67.0,75.0,0.0,1015.17,19.67,11.520000000000001
2013-08-22,13,77.24092823215682,49.92925722831003,20.1,12.0,20.5,21.3,24.4,1.1999999999999993,12.399999999999999,73.0,75.33,77.0,0.7,1010.5,14.0,5.4
2013-08-23,10,78.96350753520008,34.70972812361114,8.2,6.3,9.83,12.0,12.0,3.8000000000000007,5.7,75.0,85.0,94.0,32.7,1019.43,15.33,9.251999999999999
2013-08-24,10,62.99501030686693,38.34574249424301,6.9,7.0,9.33,11.7,13.5,4.799999999999999,6.5,94.0,96.33,98.0,36.2,1023.93,10.67,5.760000000000001
2013-08-25,7,62.89184032310402,41.26813546462213,11.2,9.8,12.03,13.1,13.2,1.9000000000000004,3.3999999999999986,96.0,97.0,98.0,70.8,1023.53,12.33,14.4
2013-08-26,5,77.6961019466824,33.79788457539556,8.0,6.7,9.1,9.8,10.1,1.8000000000000007,3.3999999999999995,89.0,93.33,97.0,18.4,1023.9,18.0,13.932
2013-08-27,11,79.54549774967958,34.24880075324677,6.9,6.4,8.07,10.1,11.0,3.1999999999999993,4.6,85.0,88.33,91.0,11.200000000000001,1024.57,30.33,10.8
2013-08-28,13,71.46574472637272,42.175617990660754,9.5,9.2,12.43,16.6,17.6,7.100000000000001,8.400000000000002,57.0,78.33,97.0,4.8999999999999995,1027.4,30.33,7.920000000000001
2013-08-29,10,75.26402128124795,38.118042034802954,10.7,6.9,14.73,21.8,23.4,11.100000000000001,16.5,47.0,75.0,98.0,0.0,1024.3,24.0,5.760000000000001
2013-08-30,10,87.76572078646693,45.17665627821053,13.6,9.6,18.83,27.4,28.0,13.799999999999999,18.4,45.0,72.33,92.0,0.0,1019.63,22.67,4.428
2013-08-31,6,84.71137451920015,51.77350634706055,15.7,12.2,20.37,26.4,27.0,10.7,14.8,58.0,75.0,88.0,0.0,1015.33,21.0,3.3480000000000003
2013-09-01,3,70.4115658301595,63.72685967344283,19.6,17.9,20.2,21.2,21.5,1.5999999999999979,3.6000000000000014,82.0,82.67,84.0,0.6,1012.77,10.67,4.32
2013-09-02,8,72.00478635186704,56.16143699205925,18.0,15.0,18.9,20.6,22.8,2.6000000000000014,7.800000000000001,78.0,85.33,91.0,0.1,1010.3,10.67,6.732
2013-09-03,5,70.03508922967983,46.84237553491987,15.4,11.8,17.4,20.1,20.4,4.700000000000001,8.599999999999998,70.0,80.67,91.0,1.2,1014.63,27.0,11.988000000000001
2013-09-04,6,75.45190799606533,41.577646804249476,11.2,9.2,13.47,17.4,18.0,6.199999999999999,8.8,56.0,68.33,78.0,0.0,1025.1,18.33,9.251999999999999
2013-09-05,6,77.56881486913856,44.71410809213544,10.8,10.6,16.63,23.9,24.5,13.099999999999998,13.9,58.0,73.67,90.0,0.0,1023.4,10.67,9.72
2013-09-06,11,89.61776214167631,51.941524344617896,15.7,13.1,19.6,27.2,28.2,11.5,15.1,53.0,76.33,88.0,0.0,1020.87,11.0,6.372
2013-09-07,9,89.05368916496136,55.562206756317615,17.6,14.8,21.73,27.5,28.7,9.899999999999999,13.899999999999999,51.0,67.67,79.0,0.0,1017.9,18.33,7.092
2013-09-08,10,84.25963523022749,59.94449909641473,18.0,16.9,21.93,26.4,26.8,8.399999999999999,9.900000000000002,58.0,76.67,95.0,3.4,1015.53,10.67,8.748000000000001
2013-09-09,13,100.01563577618805,57.92798200608693,19.7,15.6,23.8,30.5,31.3,10.8,15.700000000000001,47.0,68.0,79.0,0.0,1020.87,11.0,5.760000000000001
2013-09-10,13,119.0048801442576,59.769186456330935,19.9,15.8,25.13,34.1,34.7,14.200000000000003,18.900000000000002,44.0,68.33,82.0,0.0,1019.2,9.33,3.132
2013-09-11,3,109.5584197848643,63.01598201866983,23.7,18.0,27.2,33.9,34.8,10.2,16.799999999999997,36.0,57.0,75.0,0.0,1016.43,25.67,6.9479999999999995
2013-09-12,9,108.06048207245516,62.71783871833821,23.9,18.0,27.33,33.8,34.6,9.899999999999999,16.6,41.0,56.33,69.0,0.0,1011.13,27.33,8.028
2013-09-13,7,108.01640804780408,67.2912269867285,26.0,19.9,29.27,35.0,35.3,9.0,15.399999999999999,39.0,52.0,59.0,0.0,1010.73,17.0,7.452
2013-09-14,9,78.48552254661428,60.3131980014237,17.7,17.5,20.93,24.6,25.0,6.900000000000002,7.5,71.0,82.67,95.0,0.0,1014.63,18.0,13.788
2013-09-15,7,75.95968938943439,62.77887474787386,19.2,17.8,20.53,22.9,24.3,3.6999999999999993,6.5,77.0,86.33,92.0,0.0,1013.13,16.67,6.228
2013-09-16,8,62.829616802272284,56.66844450383278,15.8,15.4,17.17,19.2,19.4,3.3999999999999986,3.9999999999999982,91.0,93.0,95.0,31.9,1009.33,23.0,7.920000000000001
2013-09-17,6,73.4663620748321,43.743808765946504,13.4,11.1,15.27,16.4,17.3,2.9999999999999982,6.200000000000001,54.0,75.0,89.0,0.2,1011.93,28.67,17.388
2013-09-18,10,78.42830686610549,36.38013854180025,11.1,8.3,12.77,16.1,17.3,5.000000000000002,9.0,45.0,61.33,73.0,0.0,1021.9,27.33,18.828000000000003
2013-09-19,7,75.88937058659194,35.411203045304234,11.6,6.1,14.83,20.8,21.2,9.200000000000001,15.1,44.0,60.0,70.0,0.0,1024.73,15.33,7.092
2013-09-20,4,67.04865989996811,51.83534396086535,13.3,12.9,15.87,17.4,19.6,4.099999999999998,6.700000000000001,81.0,86.0,94.0,9.6,1016.6,10.67,5.652
2013-09-21,8,59.138577813689906,54.3361961572614,16.0,14.0,16.87,17.6,17.6,1.6000000000000014,3.6000000000000014,95.0,96.33,98.0,26.099999999999998,1011.73,17.0,5.652
2013-09-22,8,63.68497133941021,51.49920434923693,14.1,13.7,15.27,16.9,17.3,2.799999999999999,3.6000000000000014,84.0,90.67,94.0,3.8000000000000003,1015.4,11.0,11.772
2013-09-23,11,59.991106343217695,47.91528979571813,14.2,12.2,14.6,15.2,16.8,1.0,4.600000000000001,93.0,95.33,98.0,18.0,1018.7,15.0,11.628
2013-09-24,4,60.94883948366832,41.1977463407307,9.9,9.8,11.57,13.0,16.6,3.0999999999999996,6.800000000000001,89.0,94.33,98.0,31.099999999999998,1020.8,24.33,14.652000000000001
2013-09-25,11,72.2171493782383,41.630250431410154,12.6,10.2,15.43,18.4,19.3,5.799999999999999,9.100000000000001,54.0,74.67,93.0,4.4,1025.3,18.33,16.812
2013-09-26,12,72.68459806964947,38.450662409015315,12.5,7.9,15.23,20.3,20.7,7.800000000000001,12.799999999999999,48.0,73.67,90.0,0.0,1024.33,7.67,9.360000000000001
2013-09-27,3,74.74490973654412,47.126502778064925,13.9,11.8,17.5,21.6,22.2,7.700000000000001,10.399999999999999,55.0,69.0,82.0,0.0,1021.53,10.67,11.052
2013-09-28,7,68.73591360391097,52.52840448281286,14.3,14.2,15.53,16.4,18.1,2.099999999999998,3.900000000000002,72.0,82.67,97.0,4.9,1018.3,11.0,12.492
2013-09-29,9,70.86246628434355,55.65425486781265,15.5,14.3,17.63,21.2,22.0,5.699999999999999,7.699999999999999,75.0,83.67,89.0,0.0,1017.93,11.0,4.428
2013-09-30,10,68.42695591969095,56.51906489695163,17.0,15.4,18.13,20.1,20.5,3.1000000000000014,5.1,77.0,84.67,90.0,0.0,1014.87,24.33,8.388
2013-10-01,4,75.03009877419433,55.074220267211025,16.6,15.2,18.8,22.3,23.1,5.699999999999999,7.900000000000002,53.0,73.33,87.0,0.2,1014.23,24.33,11.988000000000001
2013-10-02,14,79.85718334114657,47.318233850173414,16.7,11.4,19.57,24.8,25.6,8.100000000000001,14.200000000000001,40.0,62.67,77.0,0.0,1015.5,27.0,7.920000000000001
2013-10-03,7,73.10625061567148,47.72546762879704,16.6,12.4,18.43,20.5,22.0,3.8999999999999986,9.6,70.0,75.67,82.0,0.0,1016.9,14.0,14.148000000000001
2013-10-04,10,67.78732810841257,50.89730452576834,18.1,13.2,18.77,20.1,21.2,2.0,8.0,82.0,88.33,93.0,0.4,1014.23,19.67,9.72
2013-10-05,2,71.76168788336417,48.98581949308947,13.3,12.6,16.5,20.6,21.1,7.300000000000001,8.500000000000002,59.0,77.33,92.0,10.7,1018.33,15.33,11.268
2013-10-06,6,72.59278988163955,47.682368015486716,14.6,11.9,17.47,21.6,22.0,7.000000000000002,10.1,61.0,77.67,86.0,0.0,1023.2,19.67,10.08
2013-10-07,9,76.48531889218776,47.083334657452866,15.0,12.0,18.53,22.7,23.2,7.699999999999999,11.2,43.0,62.67,80.0,0.0,1027.0,14.0,12.852
2013-10-08,5,79.16532795534408,45.7652383940615,15.5,11.5,19.23,24.9,25.3,9.399999999999999,13.8,42.0,57.0,71.0,0.0,1025.03,11.0,13.212
2013-10-09,8,85.24768205366514,53.71079170827739,16.7,14.6,21.6,27.9,28.3,11.2,13.700000000000001,38.0,57.33,76.0,0.0,1020.73,11.0,11.628
2013-10-10,5,87.22528412648012,57.25418714914816,19.3,15.6,22.3,28.2,28.4,8.899999999999999,12.799999999999999,45.0,64.67,82.0,0.0,1018.0,19.67,7.5600000000000005
2013-10-11,9,89.24911918301791,56.24167993032772,21.2,15.5,23.7,28.5,29.1,7.300000000000001,13.600000000000001,49.0,63.67,74.0,0.0,1017.8,22.67,10.188
2013-10-12,3,77.01940586189066,63.027282408395486,20.1,17.8,21.73,23.8,24.5,3.6999999999999993,6.699999999999999,74.0,81.67,89.0,0.0,1016.77,18.33,5.508
2013-10-13,7,88.27229922999996,65.7600946543536,19.6,19.3,22.27,26.3,27.5,6.699999999999999,8.2,63.0,83.0,97.0,17.4,1013.1,18.33,8.028
2013-10-14,7,87.60322213709865,61.709469832848455,21.5,17.5,24.07,27.8,28.0,6.300000000000001,10.5,56.0,71.67,83.0,0.0,1014.03,24.33,7.452
2013-10-15,4,81.71154283505592,59.01019963228673,19.8,16.6,22.57,26.1,26.2,6.300000000000001,9.599999999999998,52.0,70.67,89.0,0.0,1018.4,13.67,9.612
2013-10-16,8,77.46727639399532,56.15087801996075,18.8,15.6,20.9,24.0,24.6,5.199999999999999,9.000000000000002,72.0,79.33,86.0,0.0,1018.27,10.67,11.520000000000001
2013-10-17,7,75.30757224790342,60.23795918895944,19.7,17.0,21.07,23.3,23.6,3.6000000000000014,6.600000000000001,66.0,77.33,85.0,0.2,1014.97,10.67,8.532
2013-10-18,8,80.15551004717656,53.81604174925569,18.3,14.3,21.23,25.4,25.6,7.099999999999998,11.3,55.0,70.67,81.0,0.0,1011.37,26.0,8.748000000000001
2013-10-19,7,83.55621700668392,56.27584274300275,19.8,14.7,22.07,26.4,26.7,6.599999999999998,12.0,57.0,74.0,84.0,0.0,1011.0,18.33,4.932
2013-10-20,7,100.64012072441832,57.248428839354666,19.5,15.8,24.67,32.2,32.4,12.700000000000003,16.599999999999998,32.0,60.33,79.0,0.0,1008.57,27.33,9.107999999999999
2013-10-21,10,79.12603090005102,61.479715078070505,18.6,18.0,21.27,25.0,25.2,6.399999999999999,7.199999999999999,65.0,83.67,96.0,31.799999999999997,1006.43,18.33,14.148000000000001
2013-10-22,8,78.77692577541404,56.945222919976416,18.0,16.2,21.2,24.4,25.0,6.399999999999999,8.8,54.0,69.33,89.0,1.4,1014.63,13.67,14.76
2013-10-23,9,78.72937767454106,61.62622259306845,18.2,17.8,20.13,23.0,25.1,4.800000000000001,7.300000000000001,75.0,85.67,97.0,4.6,1009.9,10.67,10.692
2013-10-24,6,67.76204314369227,60.67325933047128,18.6,17.1,19.97,20.8,21.1,2.1999999999999993,4.0,78.0,88.0,97.0,40.099999999999994,1014.97,22.67,7.812
2013-10-25,8,75.42609761479028,51.21295982313225,17.1,13.8,19.5,22.0,23.2,4.899999999999999,9.399999999999999,64.0,71.67,80.0,0.0,1023.2,12.33,13.932
2013-10-26,10,64.59073196627176,61.032498238290614,18.0,17.7,18.2,18.4,19.0,0.3999999999999986,1.3000000000000007,83.0,89.67,96.0,13.4,1012.63,15.33,12.492
2013-10-27,7,80.99979281509762,56.57394108476395,18.6,16.2,21.0,25.6,25.8,7.0,9.600000000000001,51.0,77.67,98.0,11.6,1013.47,24.33,16.92
2013-10-28,4,76.79005873897202,45.79888298335126,16.2,11.4,18.53,22.7,23.1,6.5,11.700000000000001,50.0,58.0,70.0,0.0,1019.7,19.67,12.24
2013-10-29,8,78.79892254000009,46.01251635738706,15.2,11.2,19.43,24.5,25.0,9.3,13.8,47.0,65.0,80.0,0.0,1018.27,14.0,10.08
2013-10-30,8,80.12074615527484,53.281549750621785,17.6,14.8,21.27,25.4,25.6,7.799999999999997,10.8,59.0,69.67,77.0,0.0,1015.13,14.0,15.840000000000002
2013-10-31,2,82.84508983067599,57.32242789774825,19.2,16.5,22.5,25.6,26.7,6.400000000000002,10.2,61.0,68.33,77.0,0.0,1015.43,12.33,16.92
2013-11-01,7,86.80756291400063,63.94208851543721,19.8,18.5,23.0,26.1,27.8,6.300000000000001,9.3,65.0,71.33,81.0,0.0,1014.7,9.33,7.812
2013-11-02,9,90.23517621157806,63.107124185438494,21.5,17.8,24.03,28.6,28.8,7.100000000000001,11.0,58.0,70.33,82.0,0.0,1012.43,10.67,5.292
2013-11-03,12,79.75743873532788,60.84981697268639,22.1,17.8,23.67,25.1,25.4,3.0,7.599999999999998,67.0,76.0,84.0,0.7,1010.2,19.67,15.012
2013-11-04,2,78.28768651823728,48.537167097450386,17.8,12.5,19.83,23.9,24.8,6.099999999999998,12.3,59.0,72.33,86.0,0.8,1016.07,22.67,11.988000000000001
2013-11-05,8,77.76003754124775,52.386572663016324,16.9,14.0,20.3,23.7,24.4,6.800000000000001,10.399999999999999,54.0,66.0,80.0,0.0,1019.47,18.33,11.16
2013-11-06,7,79.8026955822059,52.32709507605641,17.3,14.6,20.97,25.0,25.6,7.699999999999999,11.000000000000002,50.0,61.33,74.0,0.0,1022.37,10.67,18.36
2013-11-07,6,89.5321351936471,53.87884098794674,18.4,14.8,23.13,28.8,29.8,10.400000000000002,15.0,45.0,57.33,70.0,0.0,1019.47,15.33,12.96
2013-11-08,5,104.3273899400973,59.87805464996094,20.6,16.9,26.1,33.1,33.5,12.5,16.6,44.0,58.33,73.0,0.0,1013.97,14.0,9.0
2013-11-09,7,97.98272231293342,67.87177704932206,23.5,20.1,26.37,30.1,30.9,6.600000000000001,10.799999999999997,55.0,67.67,77.0,0.0,1009.87,14.0,6.9479999999999995
2013-11-10,7,89.50296553439995,68.91923948994352,22.7,20.6,25.27,27.9,28.0,5.199999999999999,7.399999999999999,73.0,79.0,87.0,0.2,1006.33,12.33,7.452
2013-11-11,11,65.44406974347686,66.76745685125255,20.4,20.0,20.7,20.9,21.6,0.5,1.6000000000000014,95.0,95.67,96.0,127.1,1004.17,9.33,11.520000000000001
2013-11-12,5,84.16424630659208,64.37763166598347,20.0,19.4,22.17,26.0,26.8,6.0,7.400000000000002,57.0,76.0,96.0,10.5,1005.93,21.33,18.468
2013-11-13,9,83.97776601596826,60.00274368688349,22.7,16.9,24.43,27.0,27.6,4.300000000000001,10.700000000000003,47.0,60.0,68.0,0.0,1017.83,21.0,8.532
2013-11-14,5,90.81819114999767,56.260783293890064,19.5,15.4,23.37,28.6,29.3,9.100000000000001,13.9,50.0,66.33,83.0,0.0,1018.2,12.33,9.251999999999999
2013-11-15,4,104.10979573385237,62.18302508319473,21.2,18.1,26.43,33.0,33.6,11.8,15.5,42.0,57.33,81.0,0.0,1008.33,18.33,11.520000000000001
2013-11-16,5,78.32612003795202,60.40991442366511,20.4,17.2,21.6,23.6,24.8,3.200000000000003,7.600000000000001,57.0,71.0,96.0,23.7,1014.4,15.33,9.72
2013-11-17,4,81.02226206420819,48.1326365243254,17.2,12.2,21.17,25.7,26.1,8.5,13.900000000000002,54.0,65.0,79.0,0.0,1016.67,12.33,10.908
2013-11-18,5,101.18434550460398,59.44422160654417,19.1,16.9,24.73,31.3,32.3,12.2,15.399999999999999,45.0,62.0,81.0,0.0,1012.47,16.67,10.8
2013-11-19,7,110.41837990649552,65.2601250133472,23.0,19.2,27.1,32.6,33.4,9.600000000000001,14.2,58.0,67.33,77.0,0.0,1009.83,21.33,9.251999999999999
2013-11-20,4,102.99186975126418,69.45729192865059,23.2,20.9,26.47,30.8,31.2,7.600000000000001,10.3,62.0,74.0,90.0,4.9,1010.33,16.67,8.28
2013-11-21,5,83.42419541207389,65.69087380857403,23.0,19.4,24.2,26.2,26.2,3.1999999999999993,6.800000000000001,87.0,90.33,96.0,12.5,1010.67,22.67,9.468
2013-11-22,8,79.44579543313776,60.01961870609246,19.4,17.3,22.27,24.8,25.3,5.400000000000002,8.0,53.0,71.33,94.0,3.2,1015.67,13.67,12.708
2013-11-23,7,84.0666468906241,58.571442322175926,18.8,16.8,22.33,26.0,27.2,7.199999999999999,10.399999999999999,57.0,67.0,81.0,0.0,1015.67,12.33,13.932
2013-11-24,6,91.72278805649182,61.41690457478518,20.0,17.7,24.5,29.6,29.8,9.600000000000001,12.100000000000001,53.0,63.67,75.0,0.0,1015.2,12.33,10.548
2013-11-25,5,103.74141232995711,65.36582674967083,21.5,19.2,26.1,30.6,32.1,9.100000000000001,12.900000000000002,60.0,67.67,79.0,0.0,1014.6,12.33,8.748000000000001
2013-11-26,2,112.43464709588812,64.50499209235804,23.9,19.3,28.2,33.5,34.1,9.600000000000001,14.8,51.0,65.0,82.0,0.0,1011.57,20.0,15.371999999999998
2013-11-27,8,108.65994764873558,69.05849072183685,25.7,20.9,28.4,32.8,33.6,7.099999999999998,12.700000000000003,52.0,63.67,76.0,0.0,1005.27,24.0,10.692
2013-11-28,2,85.96510016766388,64.19714302301719,22.7,19.1,25.23,26.6,27.7,3.900000000000002,8.599999999999998,57.0,69.0,79.0,1.0,1007.37,22.67,14.04
2013-11-29,7,84.90529126086994,55.212007888003825,19.1,15.2,23.43,28.0,28.3,8.899999999999999,13.100000000000001,34.0,55.67,73.0,0.0,1013.23,14.0,11.412
2013-11-30,4,84.11150078729489,55.2872780527421,21.0,15.4,23.9,27.1,27.7,6.100000000000001,12.299999999999999,42.0,59.33,71.0,0.0,1016.77,12.33,13.212
2013-12-01,3,94.07520055675904,66.91193064562546,21.2,20.3,24.2,28.4,30.0,7.199999999999999,9.7,63.0,67.67,75.0,0.0,1014.97,12.33,15.947999999999999
2013-12-02,6,99.80066709999987,68.74086947831209,22.2,20.5,24.5,28.3,30.0,6.100000000000001,9.5,60.0,80.0,91.0,9.700000000000001,1010.23,19.67,7.2
2013-12-03,6,95.54686456643213,64.07685312229344,23.1,19.0,24.13,25.1,29.2,2.0,10.2,76.0,80.0,87.0,30.9,1008.43,18.33,13.212
2013-12-04,7,104.02826972481388,57.50558873555629,19.0,15.6,23.8,30.2,32.2,11.2,16.6,55.0,67.33,76.0,1.1,1009.53,18.33,6.84
2013-12-05,5,89.06639891553611,69.56865953531,21.7,20.7,24.83,27.7,27.9,6.0,7.199999999999999,69.0,79.0,96.0,31.5,1005.73,18.0,5.652
2013-12-06,6,78.42316742718965,57.279041788874004,20.7,15.8,21.97,23.2,24.8,2.5,9.0,63.0,66.67,72.0,0.0,1012.63,14.0,9.0
2013-12-07,5,91.70986872130749,58.77224190090615,18.0,16.3,23.07,29.1,29.6,11.100000000000001,13.3,48.0,65.67,78.0,0.0,1013.43,9.0,7.920000000000001
2013-12-08,10,115.30931437360015,61.24432340335846,21.2,17.3,25.77,32.3,34.0,11.099999999999998,16.7,52.0,69.0,84.0,0.0,1011.83,27.33,7.452
2013-12-09,8,94.86903087726807,71.91214536699547,25.6,22.0,27.47,29.0,30.4,3.3999999999999986,8.399999999999999,62.0,65.67,70.0,0.1,1008.33,22.67,9.107999999999999
2013-12-10,10,75.68141503187194,67.67855902097793,22.7,20.3,23.2,24.1,24.2,1.4000000000000021,3.8999999999999986,79.0,86.0,91.0,2.1,1012.33,21.33,10.332
2013-12-11,5,78.7825766690141,62.994880005067586,20.3,18.4,22.17,24.2,25.0,3.8999999999999986,6.600000000000001,58.0,68.67,82.0,0.7,1016.6,14.0,11.052
2013-12-12,5,84.80931665854641,58.56373684525433,19.1,16.6,23.07,27.3,27.6,8.2,11.0,55.0,64.67,75.0,0.0,1014.47,9.0,11.520000000000001
2013-12-13,7,98.30517218649618,61.862245580846356,20.5,17.4,24.87,30.2,31.4,9.7,14.0,55.0,64.0,74.0,0.0,1010.3,20.0,6.228
2013-12-14,5,110.38594897202825,66.54326355303124,22.1,19.1,26.8,33.0,33.3,10.899999999999999,14.199999999999996,52.0,68.0,81.0,0.30000000000000004,1010.23,15.33,3.9600000000000004
2013-12-15,6,103.95122333367402,66.6276748110532,24.6,19.6,27.63,32.3,32.4,7.699999999999996,12.799999999999997,44.0,65.67,77.0,0.0,1011.57,13.67,7.308
2013-12-16,7,100.40782899283826,72.54666558854174,24.8,22.2,26.67,30.3,31.0,5.5,8.8,56.0,71.33,83.0,0.0,1010.97,12.33,8.028
2013-12-17,4,94.89484245678511,67.24326850608846,23.0,20.4,26.27,30.1,30.3,7.100000000000001,9.900000000000002,49.0,66.67,83.0,0.0,1011.37,10.67,15.228000000000002
2013-12-18,6,107.65112889261565,65.27808404871206,22.3,19.4,27.07,33.1,33.6,10.8,14.200000000000003,49.0,62.33,78.0,0.0,1009.6,15.0,11.772
2013-12-19,4,101.91846140213585,65.83221427080483,23.1,19.5,26.9,30.9,31.9,7.799999999999997,12.399999999999999,56.0,66.33,80.0,0.0,1010.47,10.67,9.972
2013-12-20,3,98.8921386097641,69.25950695578487,23.2,21.2,26.8,30.0,30.8,6.800000000000001,9.600000000000001,58.0,70.33,83.0,0.0,1010.43,14.0,14.868
2013-12-21,4,95.80417912897202,67.71105983847443,23.4,20.5,26.43,29.9,30.2,6.5,9.7,56.0,69.67,83.0,0.0,1012.03,12.33,13.428
2013-12-22,6,92.17858834029995,66.44102890625422,23.2,20.1,25.67,29.1,29.5,5.900000000000002,9.399999999999999,53.0,68.0,79.0,0.0,1013.93,10.67,15.732000000000001
2013-12-23,9,87.55031806090811,67.22206275482267,23.0,20.3,24.93,27.3,28.1,4.300000000000001,7.800000000000001,66.0,70.0,74.0,0.0,1014.5,14.0,13.428
2013-12-24,3,105.41845509787535,68.87454474254861,23.1,20.6,26.3,30.8,31.8,7.699999999999999,11.2,56.0,72.67,84.0,0.0,1011.33,14.0,7.668
2013-12-25,10,124.62335640625224,69.75979587307577,24.4,21.1,28.13,34.3,35.3,9.899999999999999,14.199999999999996,50.0,70.0,82.0,0.0,1009.37,15.33,9.251999999999999
2013-12-26,9,131.2200466213929,70.64651706683759,25.7,21.3,30.87,38.2,38.5,12.500000000000004,17.2,28.0,57.67,77.0,0.0,1009.17,17.0,6.9479999999999995
2013-12-27,6,128.45858183919995,76.93825983635105,30.3,24.1,33.1,37.7,39.0,7.400000000000002,14.899999999999999,48.0,53.0,56.0,0.0,1009.1,21.33,8.532
2013-12-28,10,117.45239097983672,79.92985709509679,27.2,25.3,29.5,32.5,34.3,5.300000000000001,8.999999999999996,61.0,69.33,77.0,0.0,1009.7,23.0,6.588
2013-12-29,12,127.37342403474514,76.30388687651747,28.1,23.8,31.3,36.2,37.2,8.100000000000001,13.400000000000002,47.0,61.33,69.0,0.0,1005.97,24.33,7.920000000000001
2013-12-30,10,127.95325131722649,77.5985968846446,27.1,24.4,30.83,34.8,36.4,7.699999999999996,12.0,56.0,66.33,77.0,0.0,1003.7,27.0,9.0
2013-12-31,15,105.71264998538022,79.94042518108202,26.6,25.3,28.83,30.3,31.5,3.6999999999999993,6.199999999999999,71.0,75.67,80.0,3.8000000000000003,1005.9,9.33,6.48
2014-01-01,5,118.03884255760028,76.44941721914245,26.4,23.7,28.9,32.5,34.0,6.100000000000001,10.3,63.0,72.0,77.0,0.0,1007.07,10.67,5.292
2014-01-02,9,117.45790361654014,78.3567429201757,26.9,24.8,29.73,32.9,34.4,6.0,9.599999999999998,58.0,68.67,81.0,0.1,1002.83,15.33,11.412
2014-01-03,2,79.43004107999519,67.85607594319751,21.2,19.9,23.1,25.3,25.3,4.100000000000001,5.400000000000002,87.0,88.33,91.0,12.1,1008.33,12.33,5.292
2014-01-04,3,87.07335864226954,61.92710529759485,19.9,17.5,23.67,27.5,28.2,7.600000000000001,10.7,50.0,66.67,87.0,1.1,1017.43,8.0,6.732
2014-01-05,10,96.9165727781416,62.030641452287234,21.9,17.8,26.0,31.6,31.6,9.700000000000003,13.8,43.0,59.67,69.0,0.0,1016.6,24.33,8.892000000000001
2014-01-06,8,110.74816603132784,65.97059935962012,25.6,19.5,28.6,34.2,34.4,8.600000000000001,14.899999999999999,42.0,61.0,71.0,0.0,1015.13,15.33,9.251999999999999
2014-01-07,5,120.8337825405122,72.76656171200179,25.2,22.2,29.83,35.5,36.2,10.3,14.000000000000004,46.0,61.0,79.0,0.0,1011.27,28.67,6.732
2014-01-08,5,94.35234855535913,76.18095350586991,24.7,23.8,28.23,30.0,30.0,5.300000000000001,6.199999999999999,59.0,68.33,79.0,0.0,1008.33,19.67,9.0
2014-01-09,3,114.2065111029072,70.1438900000174,24.8,21.3,27.77,32.9,33.3,8.099999999999998,11.999999999999996,57.0,72.67,81.0,0.0,1011.4,14.0,9.828
2014-01-10,6,106.6204342406838,71.17305907138132,24.0,21.9,25.53,26.7,31.1,2.6999999999999993,9.200000000000003,73.0,80.67,89.0,22.4,1010.33,20.0,13.068
2014-01-11,6,100.9552752462991,66.83297657445365,22.0,20.1,23.5,24.3,29.4,2.3000000000000007,9.299999999999997,82.0,89.33,94.0,5.1,1013.0,31.67,12.708
2014-01-12,9,92.24558775130433,68.27537087904985,21.4,20.0,23.9,27.5,28.1,6.100000000000001,8.100000000000001,71.0,86.67,95.0,6.5,1016.87,16.67,4.680000000000001
2014-01-13,11,95.86958867770443,71.02286430089455,22.5,21.6,25.03,28.8,29.0,6.300000000000001,7.399999999999999,73.0,83.33,89.0,0.2,1015.77,15.33,8.748000000000001
2014-01-14,10,104.1181343121663,72.00026445009253,23.9,22.1,26.47,30.6,31.0,6.700000000000003,8.899999999999999,57.0,77.67,89.0,1.3,1012.67,24.33,10.188
2014-01-15,9,93.66718626836571,72.14518317651613,22.6,21.9,24.03,26.7,28.3,4.099999999999998,6.400000000000002,81.0,87.67,91.0,11.8,1012.3,22.67,6.372
2014-01-16,9,102.19694364717978,66.09250952309779,24.5,19.2,26.53,30.1,31.2,5.600000000000001,12.0,56.0,72.67,83.0,0.0,1012.87,26.0,5.867999999999999
2014-01-17,6,119.31210942620824,64.98273078025417,24.7,19.2,27.87,33.4,34.8,8.7,15.599999999999998,54.0,68.0,79.0,0.0,1013.83,22.67,10.692
2014-01-18,8,125.66903337061734,67.13456238636368,26.2,20.0,29.53,35.1,36.4,8.900000000000002,16.4,52.0,64.33,74.0,0.0,1013.77,27.33,9.360000000000001
2014-01-19,9,117.24889368879995,70.94391978353065,28.1,21.6,30.53,35.3,37.0,7.199999999999996,15.399999999999999,47.0,53.0,58.0,0.0,1011.57,27.33,9.251999999999999
2014-01-20,9,116.27864564640004,75.60262107749301,30.2,23.5,32.53,37.0,37.0,6.800000000000001,13.5,40.0,52.0,63.0,0.0,1010.7,24.33,7.920000000000001
2014-01-21,8,111.64667202986097,72.19777681876485,29.2,22.3,32.03,36.9,37.3,7.699999999999999,14.999999999999996,41.0,45.33,51.0,0.0,1008.43,25.67,12.6
2014-01-22,6,120.01353728714707,79.45352137217279,30.0,25.2,33.07,36.4,37.2,6.399999999999999,12.000000000000004,48.0,54.67,66.0,0.0,1009.13,24.33,9.468
2014-01-23,10,124.9667714514884,79.05016361984715,28.8,25.1,32.17,36.4,37.0,7.599999999999998,11.899999999999999,51.0,60.33,76.0,0.0,1009.5,26.0,11.879999999999999
2014-01-24,17,126.7739772512798,82.41421968063472,30.9,26.5,33.17,36.6,37.6,5.700000000000003,11.100000000000001,47.0,58.67,65.0,0.0,1007.1,24.33,12.492
2014-01-25,21,85.58830214492586,66.86515332496147,21.6,20.0,23.53,26.6,27.0,5.0,7.0,77.0,80.33,86.0,5.7,1014.4,21.33,10.908
2014-01-26,8,83.81233500728068,65.51290349570029,20.0,19.7,22.7,26.0,26.4,6.0,6.699999999999999,76.0,85.33,91.0,3.2,1016.4,14.0,15.228000000000002
2014-01-27,12,134.08573073652428,73.48975303327316,23.6,22.7,28.37,33.7,36.3,10.100000000000001,13.599999999999998,58.0,72.0,86.0,0.4,1013.87,24.33,9.72
2014-01-28,7,132.72096588260808,77.03382236132379,28.9,24.2,31.77,37.0,37.7,8.100000000000001,13.500000000000004,48.0,63.0,71.0,0.0,1012.23,24.33,9.972
2014-01-29,9,134.84866259382426,79.03449635827309,27.6,25.1,32.0,38.2,38.2,10.600000000000001,13.100000000000001,43.0,62.0,75.0,2.6,1012.27,24.33,12.132000000000001
2014-01-30,6,133.58020857470655,77.20099439839186,27.4,24.3,31.3,36.6,37.7,9.200000000000003,13.400000000000002,51.0,63.67,73.0,0.0,1012.57,15.33,10.8
2014-01-31,7,105.860346344736,74.30440051937485,24.7,23.0,28.27,32.5,32.6,7.800000000000001,9.600000000000001,57.0,67.0,77.0,0.7,1011.7,12.33,8.892000000000001
2014-02-01,12,116.22870691897612,74.13295539105232,24.9,23.0,28.47,32.6,34.2,7.700000000000003,11.200000000000003,57.0,68.67,83.0,2.0,1012.07,17.0,10.332
2014-02-02,5,150.73943604604847,72.4939464867935,24.4,22.6,29.6,36.9,38.2,12.5,15.600000000000001,50.0,73.0,95.0,6.2,1009.87,24.33,17.532
2014-02-03,10,132.9811070735082,73.44592098835643,29.2,22.6,32.73,36.6,37.8,7.400000000000002,15.199999999999996,50.0,62.67,75.0,0.0,1008.5,22.67,8.28
2014-02-04,11,125.27539959705837,79.39209317407588,28.9,25.2,31.93,37.6,37.8,8.700000000000003,12.599999999999998,46.0,56.33,63.0,0.2,1009.97,24.33,10.332
2014-02-05,8,145.05783935514145,78.90936898220599,28.8,24.9,32.97,38.6,39.9,9.8,15.0,42.0,60.67,80.0,0.0,1010.87,27.33,7.5600000000000005
2014-02-06,10,139.87546228105595,82.75990995167447,32.0,26.6,34.67,39.3,40.6,7.299999999999997,14.0,41.0,54.0,61.0,0.0,1010.07,27.33,9.828
2014-02-07,20,156.73967527830266,83.86920753721748,29.7,27.1,32.87,38.8,39.8,9.099999999999998,12.699999999999996,43.0,68.33,82.0,0.0,1010.13,17.0,12.6
2014-02-08,23,110.36442061420806,73.77842475220368,31.1,22.6,32.47,34.8,34.8,3.6999999999999957,12.199999999999996,51.0,58.0,65.0,0.0,1010.67,17.0,6.228
2014-02-09,8,139.57717549994828,73.6524854191461,23.9,22.6,29.37,37.0,38.1,13.100000000000001,15.5,46.0,66.0,85.0,6.5,1010.63,34.67,6.9479999999999995
2014-02-10,14,135.7084151008516,73.20724336072448,29.3,22.6,31.5,35.6,36.8,6.300000000000001,14.199999999999996,57.0,70.33,78.0,0.0,1013.77,12.33,10.08
2014-02-11,9,146.33686237749987,74.16588388163856,23.2,22.7,28.7,36.7,37.5,13.500000000000004,14.8,44.0,74.0,93.0,22.9,1012.33,19.67,5.4
2014-02-12,8,127.79988167756821,77.09095741982347,29.2,24.2,31.4,35.2,35.6,6.0000000000000036,11.400000000000002,57.0,71.0,79.0,0.0,1008.53,21.33,9.360000000000001
2014-02-13,6,80.643295865472,66.3591039861019,23.0,20.0,24.13,25.2,25.6,2.1999999999999993,5.600000000000001,83.0,88.0,92.0,7.800000000000001,1010.8,9.33,14.4
2014-02-14,5,79.43004107999519,63.18813341212649,20.4,18.4,21.33,23.2,25.3,2.8000000000000007,6.900000000000002,80.0,88.33,96.0,38.7,1017.17,14.0,10.08
2014-02-15,4,81.27902489536672,63.77760141637674,20.7,19.2,23.17,25.8,26.3,5.100000000000001,7.100000000000001,54.0,62.67,72.0,0.0,1023.03,14.0,19.332
2014-02-16,10,85.18631341532247,62.16062076614831,22.1,18.3,24.2,27.6,27.6,5.5,9.3,57.0,66.67,72.0,0.0,1022.53,12.33,14.508000000000001
2014-02-17,7,95.06843159999984,65.19755669777538,22.2,19.8,25.6,29.7,30.0,7.5,10.2,55.0,70.0,83.0,0.0,1021.47,12.33,20.268
2014-02-18,5,94.89484245678511,66.88316943314223,23.6,20.2,26.4,29.6,30.3,6.0,10.100000000000001,61.0,66.67,76.0,0.0,1018.27,11.0,14.148000000000001
2014-02-19,9,101.59471543120017,68.7661510027041,23.8,21.0,27.13,31.6,32.0,7.800000000000001,11.0,52.0,65.0,79.0,0.0,1014.97,7.67,14.868
2014-02-20,11,86.03963988808458,70.92751575066333,23.9,21.5,25.3,27.2,27.5,3.3000000000000007,6.0,63.0,72.67,78.0,0.0,1011.4,24.33,7.920000000000001
2014-02-21,8,115.06300284292718,71.36489485418878,23.6,21.8,27.53,32.8,33.3,9.199999999999996,11.499999999999996,57.0,73.67,87.0,0.6,1011.33,18.33,9.612
2014-02-22,7,108.55837905876822,73.43042715268606,26.6,22.6,28.8,32.4,32.4,5.799999999999997,9.799999999999997,66.0,72.33,76.0,0.0,1011.87,18.0,8.388
2014-02-23,5,102.45233309999972,73.2037669878462,22.8,22.1,25.4,29.5,30.0,6.699999999999999,7.899999999999999,76.0,85.0,90.0,3.1,1010.6,10.67,3.8520000000000003
2014-02-24,6,112.20814805958865,70.4702702193487,23.2,21.4,27.03,32.3,32.5,9.099999999999998,11.100000000000001,62.0,76.33,92.0,3.7,1010.27,20.0,9.251999999999999
2014-02-25,8,95.27027930820685,71.7467201767414,25.6,22.2,26.77,29.0,29.2,3.3999999999999986,7.0,71.0,79.33,85.0,0.0,1012.97,14.0,14.652000000000001
2014-02-26,5,73.35037898138026,69.94607093517277,22.1,21.1,22.93,23.6,23.9,1.5,2.799999999999997,93.0,94.33,95.0,28.700000000000003,1012.97,19.67,8.172
2014-02-27,4,69.41573864989846,61.919307845027625,18.6,17.8,20.53,21.8,22.5,3.1999999999999993,4.699999999999999,80.0,91.67,98.0,26.5,1011.9,20.0,9.360000000000001
2014-02-28,10,82.53160369726412,61.17743112934292,19.0,17.6,21.47,25.8,26.2,6.800000000000001,8.599999999999998,61.0,80.33,91.0,0.8,1011.43,28.67,10.548
2014-03-01,12,84.35430318435193,61.34354983066246,19.9,17.4,22.1,26.2,26.8,6.300000000000001,9.400000000000002,59.0,77.33,87.0,0.3,1011.7,24.33,7.920000000000001
2014-03-02,5,86.67501047065628,61.4800338092389,21.8,17.5,23.77,27.1,27.6,5.300000000000001,10.100000000000001,63.0,74.0,83.0,0.0,1013.9,16.67,8.28
2014-03-03,3,90.27848352739211,64.79999353555331,21.4,19.4,24.37,28.4,28.6,7.0,9.200000000000003,63.0,73.0,79.0,0.0,1015.43,12.33,15.012
2014-03-04,6,97.9036970050575,66.58375114237126,20.5,19.9,24.0,28.7,29.8,8.2,9.900000000000002,61.0,78.33,92.0,14.6,1013.73,28.67,11.16
2014-03-05,7,90.53869692962826,68.60985706526401,24.5,20.2,25.0,25.6,28.3,1.1000000000000014,8.100000000000001,75.0,78.0,81.0,3.0,1012.87,14.0,5.04
2014-03-06,4,97.6581354799588,68.06374407816003,22.7,20.4,25.23,28.8,30.0,6.100000000000001,9.600000000000001,57.0,75.67,87.0,0.0,1013.33,27.33,9.468
2014-03-07,8,93.27895946665612,66.74740294350426,23.4,19.9,25.93,29.2,29.4,5.800000000000001,9.5,57.0,72.0,86.0,0.0,1013.9,21.33,10.188
2014-03-08,3,81.04757314763579,65.82001144441594,22.4,19.6,23.47,25.6,25.8,3.200000000000003,6.199999999999999,69.0,78.67,86.0,26.0,1013.7,14.0,11.412
2014-03-09,9,98.42805718771417,66.21300609270244,20.6,18.9,23.73,29.5,29.9,8.899999999999999,11.0,59.0,78.33,91.0,0.0,1012.6,10.67,3.708
2014-03-10,7,90.57229891689181,67.32261924879556,23.5,20.2,24.8,26.4,28.4,2.8999999999999986,8.2,71.0,76.67,83.0,10.2,1009.67,15.33,11.052
2014-03-11,5,87.57695392748987,68.56546205370093,23.0,20.4,24.97,27.3,27.7,4.300000000000001,7.300000000000001,69.0,76.33,81.0,4.9,1012.47,16.67,6.9479999999999995
2014-03-12,8,85.37950571078282,63.76568130155266,22.4,18.8,24.03,27.0,27.6,4.600000000000001,8.8,58.0,67.67,78.0,0.0,1018.13,14.0,12.132000000000001
2014-03-13,3,90.38315191826159,68.35578344449071,21.4,20.7,24.43,28.1,28.5,6.700000000000003,7.800000000000001,67.0,74.67,80.0,0.0,1019.0,14.0,12.24
2014-03-14,7,107.36045060473474,66.23801535017597,22.9,19.2,26.17,31.5,32.4,8.600000000000001,13.2,52.0,70.67,80.0,0.0,1014.1,10.67,5.4
2014-03-15,5,86.16655824471799,74.16468844041266,23.4,22.9,24.93,26.4,27.0,3.0,4.100000000000001,79.0,83.67,90.0,1.3,1009.37,18.33,8.172
2014-03-16,5,105.6237116220763,70.2938665324948,24.2,21.2,26.87,31.2,31.6,7.0,10.400000000000002,67.0,74.67,80.0,0.0,1010.9,18.33,7.5600000000000005
2014-03-17,7,85.9284919998936,69.64623530259033,21.1,20.9,24.2,26.1,26.8,5.0,5.900000000000002,79.0,87.67,95.0,29.6,1009.57,20.0,7.308
2014-03-18,7,79.82965403347697,67.78218709453512,21.3,20.3,23.43,25.0,25.4,3.6999999999999993,5.099999999999998,77.0,85.67,93.0,12.3,1014.27,15.33,9.72
2014-03-19,10,73.71627073150283,67.83676218255283,20.4,20.2,21.7,23.6,23.9,3.200000000000003,3.6999999999999993,91.0,92.33,94.0,4.3999999999999995,1013.43,12.33,8.172
2014-03-20,7,84.49677664921612,65.33508554396892,21.4,19.3,23.1,26.3,26.6,4.900000000000002,7.300000000000001,68.0,84.0,97.0,1.8,1006.77,23.0,10.08
2014-03-21,13,81.79655297680014,69.74218965703173,23.1,21.1,24.0,25.6,26.0,2.5,4.899999999999999,64.0,80.0,89.0,0.30000000000000004,1007.3,30.33,9.360000000000001
2014-03-22,2,74.10003535316812,54.7588813411263,15.0,14.7,19.3,21.5,21.9,6.5,7.199999999999999,51.0,71.0,86.0,2.5,1018.2,22.67,8.748000000000001
2014-03-23,9,78.47968191990427,49.27536454736521,15.5,11.8,18.43,24.1,24.8,8.600000000000001,13.0,49.0,62.0,72.0,0.0,1022.17,18.0,5.760000000000001
2014-03-24,7,91.35453008022417,52.31728996316259,17.8,13.7,21.93,28.4,29.2,10.599999999999998,15.5,50.0,69.0,79.0,0.0,1019.2,18.33,9.0
2014-03-25,7,94.59566506476416,60.910921974117805,20.9,17.4,23.93,29.5,29.7,8.600000000000001,12.3,52.0,72.0,82.0,0.0,1020.1,9.33,9.612
2014-03-26,5,93.22058704793538,63.423178463602994,22.1,18.8,24.2,28.1,29.1,6.0,10.3,59.0,75.33,84.0,0.0,1022.53,14.0,14.292000000000002
2014-03-27,9,96.27606952009623,68.84087807806364,21.5,20.9,24.67,29.0,29.6,7.5,8.700000000000003,64.0,77.0,84.0,0.0,1019.57,9.0,12.24
2014-03-28,8,106.41747045033262,66.48440704056426,23.4,19.5,26.5,32.0,32.4,8.600000000000001,12.899999999999999,52.0,69.33,82.0,0.0,1015.6,15.33,6.9479999999999995
2014-03-29,9,111.87658448079995,71.47199458081617,25.4,21.8,28.13,33.4,34.0,8.0,12.2,47.0,65.0,81.0,0.0,1013.13,12.33,8.892000000000001
2014-03-30,5,103.89845663989017,74.489478800112,25.2,22.8,26.73,29.0,31.8,3.8000000000000007,9.0,63.0,70.33,77.0,0.0,1009.73,4.67,4.932
2014-03-31,5,82.53602573280014,71.89121891189455,23.6,22.0,24.2,24.6,26.0,1.0,4.0,85.0,91.0,96.0,15.500000000000002,1014.17,9.33,9.251999999999999
2014-04-01,4,88.87422037901999,71.13460865360958,22.0,21.4,23.8,27.2,27.4,5.199999999999999,6.0,73.0,87.67,97.0,11.7,1019.67,15.33,5.760000000000001
2014-04-02,6,92.83334392085038,68.38585740699781,22.8,20.9,24.8,28.2,28.4,5.399999999999999,7.5,64.0,83.67,97.0,2.7,1021.07,14.0,16.092
2014-04-03,8,91.33647978155186,66.45819023482963,23.2,20.1,25.2,28.4,28.7,5.199999999999999,8.599999999999998,57.0,75.0,87.0,0.0,1020.47,10.67,15.588000000000001
2014-04-04,11,103.04374297051054,65.79072203618539,22.7,19.2,25.73,31.2,31.4,8.5,12.2,55.0,72.33,86.0,0.0,1019.63,9.33,6.9479999999999995
2014-04-05,8,99.90311003351542,62.09549959769469,23.8,18.1,26.37,31.1,32.1,7.300000000000001,14.0,49.0,61.33,85.0,0.0,1018.4,25.67,11.988000000000001
2014-04-06,6,102.7534190323608,69.06036104124598,24.2,20.4,27.13,31.6,32.2,7.400000000000002,11.800000000000004,59.0,65.33,78.0,0.0,1016.3,21.33,5.04
2014-04-07,10,102.21664979131349,72.06321443138171,23.3,22.2,26.03,29.4,30.3,6.099999999999998,8.100000000000001,68.0,81.33,90.0,0.0,1014.43,14.0,11.628
2014-04-08,5,101.53642351764476,71.77565801805252,23.6,21.8,26.0,29.9,31.3,6.299999999999997,9.5,44.0,70.67,87.0,0.0,1010.67,12.33,7.092
2014-04-09,8,94.77572105605913,69.47870579055314,22.0,21.2,24.7,28.1,28.7,6.100000000000001,7.5,65.0,84.67,96.0,12.4,1009.17,23.0,12.96
2014-04-10,5,88.08708681731231,59.405506857036045,21.4,16.7,24.23,28.2,28.4,6.800000000000001,11.7,57.0,68.0,78.0,0.0,1013.63,15.33,9.0
2014-04-11,8,83.52469987487973,69.90585188772197,22.0,21.2,23.03,23.8,26.3,1.8000000000000007,5.100000000000001,79.0,86.67,94.0,10.6,1013.77,9.33,9.828
2014-04-12,4,80.18461849390009,69.32597271163652,21.9,21.1,23.4,25.3,25.5,3.400000000000002,4.399999999999999,62.0,84.0,95.0,43.2,1007.5,21.33,12.24
2014-04-13,5,75.74283610599628,47.084390166015865,14.0,12.2,18.07,21.4,21.8,7.399999999999999,9.600000000000001,53.0,61.67,73.0,0.0,1016.93,27.0,14.76
2014-04-14,6,75.21605761858847,50.2984236050569,15.5,12.5,17.77,21.6,22.6,6.100000000000001,10.100000000000001,53.0,68.33,79.0,0.0,1022.23,27.33,6.9479999999999995
2014-04-15,8,77.64279243271868,52.53703093663367,15.6,13.0,19.17,24.3,24.5,8.700000000000001,11.5,57.0,72.33,81.0,0.0,1021.17,14.0,4.788
2014-04-16,10,90.90151433531146,55.490219373744075,18.5,14.4,21.87,28.2,28.7,9.7,14.299999999999999,55.0,73.67,83.0,0.0,1017.17,14.0,5.148
2014-04-17,8,96.3249512325723,60.61443848300788,21.4,17.2,24.07,29.4,29.7,8.0,12.5,60.0,76.0,89.0,0.0,1014.83,27.33,8.892000000000001
2014-04-18,9,91.08792020163992,69.80704994947709,22.4,21.0,24.7,26.6,28.4,4.200000000000003,7.399999999999999,67.0,78.33,87.0,0.2,1011.57,22.67,7.668
2014-04-19,3,71.57178385840024,67.88268760172622,21.1,20.4,21.93,22.7,23.0,1.5999999999999979,2.6000000000000014,83.0,89.0,95.0,2.4000000000000004,1015.1,16.67,10.548
2014-04-20,6,80.71210869708713,62.658472955364495,20.6,18.2,22.17,24.6,25.7,4.0,7.5,65.0,78.33,88.0,0.0,1019.2,14.0,10.332
2014-04-21,3,89.74824023870072,56.16528747153585,18.3,15.2,21.63,28.0,28.3,9.7,13.100000000000001,63.0,75.33,83.0,0.0,1016.5,18.33,8.028
2014-04-22,3,74.0374722560122,62.18302508319473,19.7,18.1,20.93,21.8,22.8,2.1000000000000014,4.699999999999999,62.0,76.33,88.0,0.0,1016.83,15.33,11.520000000000001
2014-04-23,6,75.33543820197771,54.03455374626339,18.2,14.2,19.57,21.7,23.1,3.5,8.900000000000002,66.0,71.33,77.0,0.0,1020.03,15.33,7.452
2014-04-24,4,74.03820138613551,57.10947729045565,17.8,15.8,19.13,21.4,22.0,3.599999999999998,6.199999999999999,63.0,71.67,77.0,0.0,1020.67,15.33,9.612
2014-04-25,5,73.1415154136281,48.60620786755488,15.6,12.2,17.67,21.6,22.1,6.000000000000002,9.900000000000002,54.0,76.0,89.0,0.0,1020.7,18.33,9.468
2014-04-26,7,72.4879147774536,47.048497848249596,13.7,11.7,16.6,21.6,22.4,7.900000000000002,10.7,64.0,80.33,93.0,0.0,1020.43,15.33,10.548
2014-04-27,5,77.50064627834816,52.51957044619398,16.4,14.3,19.67,23.7,24.3,7.300000000000001,10.0,56.0,68.0,83.0,0.0,1022.53,12.33,13.572000000000001
2014-04-28,5,80.79622474561981,53.30803260679349,17.9,14.2,20.43,25.4,25.9,7.5,11.7,54.0,68.67,79.0,0.0,1022.83,9.33,9.612
2014-04-29,5,83.13308137576689,57.22202608477311,17.4,15.4,20.97,26.4,26.7,9.0,11.299999999999999,54.0,70.67,80.0,0.0,1018.13,20.0,6.372
2014-04-30,5,72.22371569103973,63.528969568538194,19.3,17.9,20.27,21.0,21.6,1.6999999999999993,3.700000000000003,73.0,77.33,80.0,0.0,1012.13,9.33,4.788
2014-05-01,1,73.7286161257887,60.5337043219209,19.3,17.6,20.03,21.4,23.2,2.099999999999998,5.599999999999998,65.0,81.67,92.0,1.4,1006.2,25.67,13.932
2014-05-02,4,74.50399484403435,56.83121089708882,17.0,15.8,19.0,22.2,22.9,5.199999999999999,7.099999999999998,60.0,74.67,82.0,0.0,1016.53,27.33,10.692
2014-05-03,3,85.8410392053425,50.92256650525179,15.1,12.7,19.4,27.0,27.2,11.9,14.5,51.0,77.33,94.0,0.0,1018.0,20.0,6.588
2014-05-04,6,63.29166412906241,62.55025165069189,18.4,18.1,19.13,19.8,20.3,1.4000000000000021,2.1999999999999993,89.0,94.33,98.0,26.0,1016.27,8.0,9.72
2014-05-05,6,82.33367309520024,61.00459836870916,18.2,17.1,20.8,25.5,26.0,7.300000000000001,8.899999999999999,70.0,88.0,98.0,0.3,1016.1,21.33,6.732
2014-05-06,6,80.65048055212245,63.191288921470324,19.6,18.0,21.5,25.0,25.6,5.399999999999999,7.600000000000001,76.0,88.33,98.0,0.1,1015.87,17.0,6.372
2014-05-07,7,77.11328947831448,64.96549483927849,19.6,18.9,21.8,24.4,24.7,4.799999999999997,5.800000000000001,78.0,88.67,94.0,0.7,1017.93,12.33,7.452
2014-05-08,8,68.27960021555195,62.4535672140371,19.0,17.4,20.0,20.7,21.8,1.6999999999999993,4.400000000000002,86.0,90.0,96.0,8.4,1016.93,11.0,4.680000000000001
2014-05-09,10,72.59002261119822,56.02544822093861,16.3,15.0,18.43,21.4,22.6,5.099999999999998,7.600000000000001,67.0,81.33,91.0,0.0,1017.6,24.33,7.092
2014-05-10,7,72.37288464273594,53.734933341937285,16.5,14.3,18.53,21.5,22.1,5.0,7.800000000000001,57.0,79.0,94.0,3.9,1021.5,15.33,9.0
2014-05-11,8,79.64023749385599,55.96001697229216,16.2,14.5,18.93,24.1,25.4,7.900000000000002,10.899999999999999,50.0,69.0,82.0,0.0,1023.6,9.33,4.680000000000001
2014-05-12,5,81.15213785714562,52.4532277680539,16.9,13.0,20.23,26.0,26.0,9.100000000000001,13.0,54.0,70.33,83.0,0.0,1018.4,15.33,4.932
2014-05-13,4,76.45816036694409,62.32229701429094,18.1,17.7,20.63,23.6,24.2,5.5,6.5,66.0,79.0,94.0,0.7,1016.03,23.0,6.9479999999999995
2014-05-14,7,76.07218349134416,56.57488594427208,16.2,14.8,19.63,23.6,24.3,7.400000000000002,9.5,70.0,85.33,96.0,0.0,1017.93,16.67,4.788
2014-05-15,4,81.38766060947201,57.466501983638736,16.7,15.6,20.23,25.6,25.8,8.900000000000002,10.200000000000001,69.0,86.0,98.0,0.1,1016.5,15.33,6.9479999999999995
2014-05-16,3,68.22985216013275,58.39141532281057,17.2,16.0,18.67,20.6,21.3,3.400000000000002,5.300000000000001,75.0,87.67,96.0,8.1,1017.33,21.33,6.9479999999999995
2014-05-17,9,69.55063272347962,50.404380993002796,14.0,12.4,17.17,21.3,22.0,7.300000000000001,9.6,76.0,87.67,95.0,0.0,1018.07,12.33,6.228
2014-05-18,6,63.659841823404236,57.67975074799958,15.8,15.4,16.93,17.8,19.4,2.0,3.9999999999999982,84.0,91.67,96.0,0.1,1017.5,16.67,5.292
2014-05-19,2,74.12855352474423,44.212790873103174,12.3,9.9,16.53,21.5,22.1,9.2,12.200000000000001,63.0,71.67,77.0,0.0,1018.83,12.33,7.092
2014-05-20,4,69.5293465526871,47.84888989266161,13.4,11.2,16.27,20.7,21.0,7.299999999999999,9.8,71.0,83.33,98.0,0.0,1018.8,11.0,5.867999999999999
2014-05-21,9,64.35068841865947,54.330891840417934,15.2,14.4,16.67,18.2,18.4,3.0,3.9999999999999982,86.0,89.67,92.0,0.8,1012.67,16.67,7.920000000000001
2014-05-22,6,59.228809038815825,57.06439855332979,17.6,15.2,17.9,18.4,18.6,0.7999999999999972,3.400000000000002,96.0,97.0,98.0,12.6,1007.33,22.67,5.652
2014-05-23,4,76.37604377254024,46.65410358110655,13.2,11.2,14.3,15.4,15.4,2.200000000000001,4.200000000000001,69.0,75.33,80.0,1.1,1020.77,22.67,8.388
2014-05-24,5,74.17293056718724,40.156698111703605,9.2,8.6,11.53,14.0,15.2,4.800000000000001,6.6,65.0,79.67,91.0,0.0,1023.63,25.67,9.251999999999999
2014-05-25,7,70.81838131292807,38.73678579911981,9.0,6.9,11.6,15.2,15.8,6.199999999999999,8.9,70.0,83.0,94.0,0.0,1020.17,16.67,4.932
2014-05-26,5,68.73591360391097,49.1446968499619,12.2,12.2,14.67,17.4,18.1,5.199999999999999,5.900000000000002,73.0,82.67,88.0,0.0,1017.73,17.0,8.028
2014-05-27,4,69.16506987840016,43.305806637941544,9.4,9.0,13.93,17.8,18.0,8.4,9.0,60.0,82.0,97.0,0.0,1022.9,18.0,5.148
2014-05-28,4,67.85825894868401,42.252764511724195,9.7,8.0,13.2,18.1,18.7,8.400000000000002,10.7,65.0,84.0,97.0,0.0,1023.83,18.33,3.708
2014-05-29,6,74.1499220468321,37.65727098966934,9.4,7.4,14.97,22.4,22.7,12.999999999999998,15.299999999999999,61.0,75.0,92.0,0.0,1022.0,9.0,8.532
2014-05-30,9,78.73565366261408,46.77065949352468,11.7,10.7,17.47,24.4,25.0,12.7,14.3,46.0,72.67,92.0,0.0,1019.87,7.67,5.760000000000001
2014-05-31,6,63.648481425974694,56.799211222474206,15.3,14.9,16.5,17.8,18.3,2.5,3.4000000000000004,82.0,90.67,95.0,13.7,1014.6,6.33,4.788
2014-06-01,6,65.41518942121611,53.89858712364648,16.0,14.1,16.57,17.7,19.6,1.6999999999999993,5.500000000000002,75.0,89.0,96.0,8.7,1011.03,21.33,7.2
2014-06-02,11,71.87054377184496,41.06071877945313,10.4,9.6,14.17,18.0,18.4,7.6,8.799999999999999,56.0,76.33,87.0,0.9,1016.1,27.33,13.428
2014-06-03,8,70.56768211269,42.58872077237287,9.2,7.2,13.4,18.8,19.7,9.600000000000001,12.5,56.0,78.67,91.0,0.1,1017.53,9.0,2.052
2014-06-04,11,76.56871286948322,38.42168218019566,8.6,7.0,14.43,23.4,24.0,14.799999999999999,17.0,40.0,73.33,92.0,0.0,1014.43,16.67,5.652
2014-06-05,6,62.1423909695941,53.00820937200652,14.3,13.3,15.63,16.6,17.2,2.3000000000000007,3.8999999999999986,84.0,92.67,98.0,25.6,1008.17,19.67,5.148
2014-06-06,5,59.78773414932259,56.392768465285016,15.3,14.8,16.0,17.1,17.9,1.8000000000000007,3.099999999999998,93.0,95.67,98.0,7.1000000000000005,1010.27,21.33,5.148
2014-06-07,11,75.95968938943439,58.79614850611428,16.7,16.4,19.73,23.9,24.3,7.199999999999999,7.900000000000002,74.0,86.33,95.0,1.1,1007.33,10.67,8.64
2014-06-08,5,67.62504679051196,49.203758857229936,14.6,12.6,16.67,19.7,19.7,5.1,7.1,80.0,85.0,91.0,0.0,1010.67,18.33,10.548
2014-06-09,10,68.27374093574824,41.305848466963596,9.8,8.3,12.9,16.1,16.9,6.300000000000001,8.599999999999998,72.0,84.67,96.0,0.1,1022.07,26.0,5.760000000000001
2014-06-10,8,63.285393893011246,44.96567173288549,9.8,7.2,12.27,16.0,17.0,6.199999999999999,9.8,81.0,91.33,97.0,0.2,1026.87,4.67,0.9720000000000001
2014-06-11,5,76.71775243081579,44.50787338951252,13.5,9.3,16.13,20.8,24.6,7.300000000000001,15.3,84.0,89.0,94.0,0.2,1022.13,10.67,4.428
2014-06-12,6,93.37285223934414,60.27553350959777,18.6,16.5,22.73,29.6,29.7,11.0,13.2,47.0,69.0,85.0,0.0,1016.8,16.67,5.04
2014-06-13,9,72.08563262416612,59.09312425362064,18.7,15.7,20.43,22.2,22.6,3.5,6.900000000000002,72.0,83.33,98.0,24.8,1015.97,7.67,3.8520000000000003
2014-06-14,2,59.74845996521809,52.059559081290345,13.6,13.1,15.13,16.2,16.6,2.5999999999999996,3.5000000000000018,93.0,95.67,97.0,44.1,1023.5,14.0,6.12
2014-06-15,10,67.02642675427212,53.33683410202838,14.9,13.9,16.63,20.0,20.6,5.1,6.700000000000001,77.0,88.0,95.0,0.2,1024.43,14.0,7.452
2014-06-16,10,66.67995129499359,57.27113781997372,15.6,14.8,17.87,20.4,21.3,4.799999999999999,6.5,85.0,91.33,98.0,0.0,1020.3,16.67,3.6
2014-06-17,5,68.92304419428712,54.272575338192425,14.7,14.2,17.6,19.6,20.0,4.900000000000002,5.800000000000001,67.0,82.67,92.0,1.0,1021.83,25.67,6.84
2014-06-18,11,76.51907950662407,44.16315675894313,11.7,10.0,14.2,16.1,16.2,4.400000000000002,6.199999999999999,55.0,72.0,87.0,0.2,1026.77,20.0,7.668
2014-06-19,10,80.5708994921411,33.72235954777294,6.6,5.4,10.33,14.3,14.3,7.700000000000001,8.9,56.0,72.33,88.0,0.0,1030.43,24.0,7.2
2014-06-20,9,71.76026690174594,34.15221244473467,6.4,4.2,10.03,15.6,16.2,9.2,12.0,61.0,80.67,92.0,0.0,1027.1,19.67,3.492
2014-06-21,12,67.58162129571339,36.097840068904105,6.6,5.2,11.3,17.5,18.0,10.9,12.8,65.0,84.67,97.0,0.1,1024.47,13.67,3.708
2014-06-22,12,73.98787280543448,40.60362328056598,8.6,7.2,14.57,22.8,23.2,14.200000000000001,16.0,55.0,80.33,95.0,0.0,1020.83,10.67,3.6
2014-06-23,8,66.15368158967085,52.15731052080125,15.6,14.5,17.0,19.4,19.6,3.799999999999999,5.100000000000001,82.0,87.67,95.0,4.1,1018.07,12.0,17.892
2014-06-24,14,75.002423928998,57.527425651334035,16.3,15.2,19.17,23.6,24.1,7.300000000000001,8.900000000000002,73.0,88.67,97.0,0.4,1016.63,24.33,4.680000000000001
2014-06-25,5,70.37961608121249,60.662243009417814,17.0,16.6,18.93,22.1,22.7,5.100000000000001,6.099999999999998,81.0,90.33,98.0,23.6,1013.5,9.33,4.680000000000001
2014-06-26,4,60.962603265463756,59.03659410735929,16.5,16.0,17.53,18.3,18.6,1.8000000000000007,2.6000000000000014,93.0,94.67,97.0,3.2,1013.73,12.33,5.292
2014-06-27,11,61.87942074952731,59.696468681322855,17.8,16.9,18.03,18.5,19.5,0.6999999999999993,2.6000000000000014,92.0,94.67,96.0,0.30000000000000004,1016.93,14.0,9.72
2014-06-28,8,59.94065615271393,56.59153076543348,17.2,16.2,17.37,17.5,18.2,0.3000000000000007,2.0,92.0,95.67,98.0,28.0,1018.97,14.0,16.812
2014-06-29,11,64.5429192118721,53.51428087519061,17.0,14.4,17.3,17.7,20.6,0.6999999999999993,6.200000000000001,88.0,93.0,96.0,24.0,1012.3,5.0,10.548
2014-06-30,8,62.91940246551598,49.349310944735706,13.9,13.5,14.27,14.6,14.9,0.6999999999999993,1.4000000000000004,91.0,94.0,96.0,23.8,1010.2,28.67,19.548
2014-07-01,6,68.32535565122112,48.85298340897331,13.6,12.1,14.43,15.6,16.2,2.0,4.1,76.0,85.67,95.0,3.5,1016.4,27.0,8.172
2014-07-02,14,68.98790195577601,38.02347858542273,9.4,7.6,13.57,18.8,19.4,9.4,11.799999999999999,61.0,82.0,96.0,0.0,1018.63,16.67,8.748000000000001
2014-07-03,5,67.99933198635203,54.762324142844115,14.4,13.8,16.83,21.0,21.9,6.6,8.099999999999998,85.0,91.33,98.0,6.0,1017.23,8.0,4.068
2014-07-04,11,74.83222768929113,61.74274632844792,17.9,17.4,19.67,22.3,24.2,4.400000000000002,6.800000000000001,86.0,92.33,96.0,95.4,1016.93,7.67,6.588
2014-07-05,6,89.7287829045764,61.626686277999646,17.9,16.9,21.8,27.6,27.6,9.700000000000003,10.700000000000003,70.0,87.0,97.0,7.3999999999999995,1014.03,12.33,4.068
2014-07-06,15,76.28833569759699,54.7335743631668,18.7,14.8,20.87,24.2,24.2,5.5,9.399999999999999,74.0,80.67,88.0,1.8,1016.17,18.33,9.612
2014-07-07,10,74.13657881347063,40.746548492896416,9.6,9.2,13.8,16.7,16.9,7.1,7.699999999999999,56.0,74.67,87.0,0.3,1024.67,30.33,11.412
2014-07-08,13,69.79382211334018,39.684340633068786,8.4,6.6,12.83,18.6,18.8,10.200000000000001,12.200000000000001,64.0,80.33,95.0,0.0,1028.47,25.67,3.24
2014-07-09,12,69.03195782790394,46.39897992236718,12.0,10.6,14.8,20.4,20.8,8.399999999999999,10.200000000000001,67.0,84.0,93.0,0.1,1025.4,9.33,6.012
2014-07-10,6,70.83000662229996,54.31065860056973,16.2,15.0,17.4,19.2,19.5,3.0,4.5,68.0,78.0,86.0,0.0,1025.17,12.33,13.212
2014-07-11,11,71.07384434040927,50.8374462771143,14.3,13.3,16.93,21.0,21.4,6.699999999999999,8.099999999999998,65.0,80.33,93.0,0.0,1026.37,14.0,10.692
2014-07-12,7,73.95055645162513,49.72419521139679,13.8,12.3,17.27,22.7,23.3,8.899999999999999,11.0,61.0,81.67,93.0,0.0,1025.63,14.0,7.2
2014-07-13,9,78.60834475301405,53.501463381335626,15.4,13.8,18.77,24.3,25.0,8.9,11.2,62.0,78.67,87.0,0.0,1024.37,11.0,6.48
2014-07-14,7,85.14361298689383,53.870833831284614,14.9,13.5,19.93,26.8,27.0,11.9,13.5,53.0,77.67,90.0,0.0,1021.73,10.67,4.428
2014-07-15,8,80.71210869708713,52.07364946516627,14.4,13.2,19.33,25.0,25.7,10.6,12.5,54.0,78.33,94.0,0.0,1020.53,11.0,6.588
2014-07-16,9,83.48390617560003,56.50095831485265,15.8,14.2,20.2,26.2,26.5,10.399999999999999,12.3,62.0,79.0,89.0,0.0,1018.57,7.67,2.8800000000000003
2014-07-17,7,68.38691359804795,59.444024570434664,17.8,16.0,18.77,20.0,20.6,2.1999999999999993,4.600000000000001,78.0,85.0,92.0,11.2,1015.63,18.33,4.428
2014-07-18,4,66.31383536617639,47.03851966348972,11.9,11.3,15.3,17.2,17.4,5.299999999999999,6.099999999999998,68.0,87.0,98.0,24.1,1018.07,28.67,8.028
2014-07-19,9,70.96915769169247,44.36515228265606,10.4,9.8,13.83,17.6,18.3,7.200000000000001,8.5,62.0,78.33,87.0,0.5,1024.0,30.0,6.372
2014-07-20,4,70.56425845355545,42.55721479945005,9.6,8.2,14.27,20.2,20.6,10.6,12.400000000000002,55.0,79.67,96.0,0.1,1024.37,30.0,3.8520000000000003
2014-07-21,8,77.40589070275769,40.04932079819247,8.8,7.3,15.43,23.9,24.3,15.099999999999998,17.0,48.0,69.67,84.0,0.0,1021.23,9.0,4.428
2014-07-22,11,85.18986012652803,41.71390282593592,11.4,8.7,17.7,26.8,27.4,15.4,18.7,40.0,70.0,85.0,0.0,1015.67,15.33,6.588
2014-07-23,10,67.40812745083092,48.68394753966418,17.0,11.6,18.27,20.4,20.4,3.3999999999999986,8.799999999999999,68.0,86.67,97.0,29.6,1011.0,21.33,6.012
2014-07-24,11,59.68875916973229,43.860467328382896,12.7,10.2,14.5,17.2,17.6,4.5,7.400000000000002,93.0,95.67,98.0,58.2,1012.23,24.0,9.468
2014-07-25,8,84.90778792762744,35.06929552140382,8.2,6.4,10.47,12.7,13.1,4.5,6.699999999999999,52.0,70.67,93.0,14.2,1021.27,27.0,9.0
2014-07-26,7,75.02886473999986,32.23400876385443,6.4,5.2,9.47,14.8,15.0,8.4,9.8,58.0,79.0,91.0,0.0,1023.8,18.0,9.0
2014-07-27,10,70.086655459888,36.240088788313685,7.2,4.8,11.1,16.1,16.3,8.900000000000002,11.5,65.0,83.0,97.0,0.0,1027.27,15.0,2.8800000000000003
2014-07-28,7,70.5795406536291,35.720676717100105,9.5,6.6,12.57,18.4,18.9,8.899999999999999,12.299999999999999,64.0,78.67,87.0,0.0,1030.53,14.0,8.64
2014-07-29,3,76.12414198356339,48.49933712861409,13.0,11.7,16.83,23.6,24.0,10.600000000000001,12.3,60.0,77.67,87.0,0.0,1026.87,10.67,6.84
2014-07-30,6,66.98908280469996,51.80072297127798,15.4,13.3,17.07,18.6,19.5,3.200000000000001,6.199999999999999,80.0,86.0,90.0,0.9,1023.07,19.67,7.812
2014-07-31,12,76.58215617367871,56.821007310327325,16.1,14.7,18.8,23.4,24.4,7.299999999999997,9.7,68.0,83.33,94.0,0.0,1016.53,16.67,3.9600000000000004
2014-08-01,9,76.18068311603678,58.145162891687,17.2,15.5,18.67,20.3,24.5,3.1000000000000014,9.0,86.0,90.67,94.0,6.5,1014.67,21.0,4.788
2014-08-02,4,82.35590698509772,55.297353203464894,15.4,13.9,19.27,25.6,26.0,10.200000000000001,12.1,69.0,88.33,98.0,12.5,1013.23,10.67,3.6
2014-08-03,8,104.74957152025496,60.47976340441415,19.6,17.5,23.77,31.6,31.6,12.0,14.100000000000001,46.0,73.33,91.0,0.2,1007.5,15.33,12.852
2014-08-04,8,81.99393306929217,48.300633723300955,13.4,12.0,18.77,26.1,26.1,12.700000000000001,14.100000000000001,62.0,78.0,94.0,12.8,1015.1,22.67,9.0
2014-08-05,4,73.74941307109655,32.6164018323918,8.4,5.7,12.83,17.9,18.2,9.499999999999998,12.5,53.0,72.33,92.0,0.7,1026.23,16.67,10.692
2014-08-06,8,81.8883037401656,38.20083868648172,10.7,6.7,15.6,25.2,26.5,14.5,19.8,42.0,64.33,79.0,0.0,1020.53,10.67,5.04
2014-08-07,10,72.61183600952606,49.36605326522521,13.0,12.7,16.57,18.5,21.4,5.5,8.7,69.0,75.33,87.0,3.1,1018.93,24.33,10.8
2014-08-08,9,71.8115536307198,37.16936770697933,9.7,7.0,13.13,17.0,17.8,7.300000000000001,10.8,45.0,77.33,96.0,1.4,1028.67,25.67,7.668
2014-08-09,14,74.08037587274693,36.59156264038823,10.0,6.7,13.9,20.3,20.5,10.3,13.8,56.0,68.67,78.0,0.0,1023.67,10.67,7.452
2014-08-10,7,68.49858429462422,54.562613397364395,14.6,13.6,15.87,17.8,22.2,3.200000000000001,8.6,84.0,92.0,96.0,28.6,1015.97,22.67,3.708
2014-08-11,14,66.9598321684477,54.964846605243395,16.2,14.6,17.77,19.0,19.0,2.8000000000000007,4.4,72.0,85.67,93.0,1.5999999999999999,1015.13,14.0,7.452
2014-08-12,12,68.13044259673632,48.875119199843624,13.5,12.4,14.47,15.3,15.6,1.8000000000000007,3.1999999999999993,82.0,87.0,91.0,0.8,1017.27,15.33,10.08
2014-08-13,6,82.32683763640412,38.494898381358034,9.6,7.8,12.27,14.6,15.3,5.0,7.500000000000001,45.0,60.67,81.0,0.0,1026.27,27.33,8.748000000000001
2014-08-14,10,76.17770861588814,31.48164673678902,6.4,3.1,10.37,16.4,17.3,9.999999999999998,14.200000000000001,42.0,68.67,82.0,0.0,1030.0,13.67,3.708
2014-08-15,7,73.99224006040016,32.04058906887252,7.8,4.8,12.4,20.0,20.5,12.2,15.7,47.0,69.0,86.0,0.0,1028.4,14.0,7.668
2014-08-16,7,72.51699873206424,53.9889027425848,14.9,14.5,17.3,21.8,22.2,6.9,7.699999999999999,71.0,79.0,92.0,1.5,1025.37,14.0,9.72
2014-08-17,10,67.90240272764527,55.73342343846685,16.0,15.0,17.63,20.1,21.1,4.100000000000001,6.100000000000001,78.0,87.67,94.0,0.0,1023.73,13.67,7.920000000000001
2014-08-18,10,70.20296986221838,58.172979907536046,15.6,15.1,17.5,20.7,22.1,5.1,7.000000000000002,72.0,86.33,94.0,0.0,1022.1,27.0,3.24
2014-08-19,12,82.70656823133011,53.160251079580014,14.6,13.8,18.07,23.9,26.2,9.299999999999999,12.399999999999999,60.0,82.33,95.0,0.2,1021.33,24.33,7.308
2014-08-20,5,64.71571559999998,52.26769856913027,14.5,13.5,16.87,19.4,20.0,4.899999999999999,6.5,81.0,91.0,96.0,0.0,1022.87,15.33,7.812
2014-08-21,6,92.45718601743162,52.886998167893616,15.2,13.6,19.13,26.6,28.6,11.400000000000002,15.000000000000002,54.0,79.67,93.0,0.0,1018.97,22.67,6.84
2014-08-22,6,96.56860002254963,51.15588771561877,15.6,12.1,21.33,29.6,30.1,14.000000000000002,18.0,42.0,72.33,90.0,0.0,1015.47,21.33,3.8520000000000003
2014-08-23,12,98.14395011192445,55.265912905783885,17.0,14.8,22.57,30.2,30.5,13.2,15.7,56.0,71.67,88.0,0.0,1013.17,12.33,7.920000000000001
2014-08-24,6,110.15965930057612,65.4751632141204,22.3,19.3,26.53,34.2,34.6,11.900000000000002,15.3,30.0,59.0,79.0,0.0,1007.4,13.67,9.360000000000001
2014-08-25,10,86.42051500984928,49.360803778944245,14.3,13.1,19.63,25.8,27.3,11.5,14.200000000000001,59.0,78.33,89.0,17.8,1007.77,21.33,14.508000000000001
2014-08-26,9,79.87615050966403,43.57538475757124,11.4,11.0,13.17,14.8,15.2,3.4000000000000004,4.199999999999999,57.0,69.0,83.0,2.8,1014.5,32.0,17.028000000000002
2014-08-27,9,81.77771907481605,35.6335392395493,9.4,7.4,12.27,15.2,15.4,5.799999999999999,8.0,50.0,62.0,69.0,0.0,1019.93,27.0,13.572000000000001
2014-08-28,16,72.69651692902471,37.890512088695964,10.0,6.6,12.53,17.2,17.4,7.199999999999999,10.799999999999999,54.0,76.33,88.0,0.0,1022.93,19.67,5.148
2014-08-29,11,74.94669496387935,40.02318224972579,9.8,8.2,14.8,22.2,22.8,12.399999999999999,14.600000000000001,47.0,71.33,85.0,0.0,1020.87,14.0,7.5600000000000005
2014-08-30,9,81.84168969586798,41.78259999609404,12.9,8.9,17.63,26.0,26.1,13.1,17.200000000000003,53.0,76.0,93.0,0.0,1018.73,10.67,7.308
2014-08-31,7,77.73782930446501,57.84106837410454,16.8,15.8,19.27,23.3,24.8,6.5,9.0,77.0,84.67,96.0,38.6,1012.23,22.67,7.2
2014-09-01,8,73.79532921582258,53.66136540436861,17.5,13.8,20.2,22.4,23.2,4.899999999999999,9.399999999999999,63.0,81.33,92.0,0.0,1014.0,24.0,6.12
2014-09-02,7,63.36816021196813,51.292073377978646,14.2,13.1,15.2,15.7,17.6,1.5,4.500000000000002,86.0,91.0,96.0,25.9,1012.1,7.67,7.920000000000001
2014-09-03,7,70.86246628434355,56.985827253470575,16.3,15.8,18.43,21.4,22.0,5.099999999999998,6.199999999999999,67.0,83.67,93.0,1.7,1015.23,13.67,10.08
2014-09-04,5,73.1853002044374,52.44190615623738,16.3,14.2,18.53,21.5,22.2,5.199999999999999,8.0,63.0,76.33,86.0,0.0,1023.4,10.67,12.852
2014-09-05,8,75.83786234738884,57.04465771575394,16.9,15.9,18.97,22.6,23.6,5.700000000000003,7.700000000000001,60.0,73.33,82.0,0.0,1022.73,7.67,10.8
2014-09-06,6,74.99204856443214,55.81213263230077,18.2,14.1,18.2,18.2,23.7,0.0,9.6,76.0,81.0,87.0,1.2,1016.53,17.0,3.492
2014-09-07,8,65.49992073178834,57.78029594942699,16.2,15.6,17.07,18.2,18.7,2.0,3.0999999999999996,80.0,88.0,98.0,12.899999999999999,1018.43,13.67,6.12
2014-09-08,7,97.78599073633636,51.03387540958908,14.7,12.3,20.0,28.3,29.6,13.600000000000001,17.3,57.0,80.33,98.0,0.0,1020.5,24.0,4.680000000000001
2014-09-09,7,110.34771304037801,59.08510032718948,21.3,16.3,25.87,32.8,33.2,11.499999999999996,16.900000000000002,49.0,68.67,86.0,0.0,1012.57,21.33,6.9479999999999995
2014-09-10,10,82.10965736560969,53.73740092863344,15.3,14.2,19.23,26.0,26.0,10.7,11.8,75.0,84.67,90.0,2.5,1008.2,18.33,8.28
2014-09-11,4,64.76940308393729,48.91921504906978,12.8,12.3,14.13,15.2,16.1,2.3999999999999986,3.8000000000000007,82.0,90.33,97.0,36.4,1018.87,15.33,9.251999999999999
2014-09-12,11,64.94641219015739,53.994267303311496,14.3,14.2,15.7,18.2,19.5,3.8999999999999986,5.300000000000001,84.0,89.67,95.0,25.900000000000002,1019.93,12.33,7.5600000000000005
2014-09-13,8,99.05173609523224,58.96630181750073,17.1,16.1,21.43,29.2,29.6,12.099999999999998,13.5,61.0,83.0,96.0,0.0,1016.63,9.33,6.012
2014-09-14,8,103.73024536855728,62.17461626233845,22.0,17.7,25.47,32.1,32.4,10.100000000000001,14.7,44.0,65.33,91.0,0.0,1013.33,27.33,7.452
2014-09-15,10,72.7851444424,58.29889738905349,19.9,16.5,20.33,21.0,23.0,1.1000000000000014,6.5,67.0,84.0,94.0,16.700000000000003,1010.3,22.67,11.628
2014-09-16,8,73.02371035919995,50.52965193984987,14.8,12.6,17.53,21.3,22.0,6.5,9.4,52.0,76.0,94.0,0.9,1017.47,27.0,6.9479999999999995
2014-09-17,6,74.009977933408,47.974598413032915,15.1,11.7,17.53,21.8,22.6,6.700000000000001,10.900000000000002,62.0,75.0,85.0,0.0,1020.7,12.33,8.028
2014-09-18,6,73.66136943750004,55.49966817212537,16.6,14.9,19.17,22.0,22.5,5.399999999999999,7.6,64.0,76.0,86.0,0.0,1016.2,14.0,7.920000000000001
2014-09-19,7,81.68488552645752,62.29345314579425,19.3,17.5,21.73,25.9,26.0,6.599999999999998,8.5,62.0,78.33,88.0,0.0,1011.3,15.0,5.652
2014-09-20,5,80.07551105766161,62.77464952080653,19.2,18.0,21.9,25.3,25.5,6.100000000000001,7.5,60.0,77.67,90.0,0.4,1011.8,27.0,7.812
2014-09-21,5,69.23642606948842,52.40654124304837,14.9,13.5,17.13,19.7,19.7,4.799999999999999,6.199999999999999,74.0,81.67,87.0,0.6,1018.77,22.67,7.452
2014-09-22,10,76.53652127997918,45.214436453100056,15.4,10.5,18.43,23.5,24.0,8.1,13.5,56.0,73.67,83.0,0.0,1020.8,7.67,7.920000000000001
2014-09-23,10,90.53227480388637,52.694604976027556,17.3,13.7,21.7,28.6,29.6,11.3,15.900000000000002,45.0,62.33,81.0,0.0,1014.1,27.0,7.920000000000001
2014-09-24,12,73.53211743650807,62.549717456116966,19.8,17.7,21.2,22.3,22.7,2.5,5.0,71.0,78.0,91.0,0.9,1013.67,16.67,6.228
2014-09-25,6,87.93241345679996,52.911140909992604,17.7,14.0,21.6,27.8,28.0,10.100000000000001,14.0,57.0,73.0,81.0,0.0,1015.07,14.0,9.360000000000001
2014-09-26,11,78.28903709558654,56.74727701659919,18.9,15.7,20.47,21.9,24.9,3.0,9.2,75.0,79.67,84.0,21.3,1011.07,18.33,10.08
2014-09-27,7,73.80110649322657,50.62174205296908,15.7,13.4,17.77,19.2,20.2,3.5,6.799999999999999,64.0,69.67,74.0,0.0,1020.37,11.0,12.348
2014-09-28,8,82.91208758857606,54.92567297355054,16.8,14.6,20.6,25.8,26.4,9.0,11.799999999999999,69.0,77.0,82.0,0.0,1016.93,10.67,7.5600000000000005
2014-09-29,9,76.56287401844385,65.40837378695642,20.4,18.9,21.57,23.2,24.6,2.8000000000000007,5.700000000000003,86.0,90.67,94.0,6.9,1012.6,19.67,5.867999999999999
2014-09-30,7,64.91032035452807,62.12805596921084,18.2,17.5,19.13,20.2,20.8,2.0,3.3000000000000007,92.0,93.0,95.0,2.6,1012.7,12.33,6.12
2014-10-01,6,72.67067410172797,57.854292514725934,19.2,16.0,20.03,21.3,22.6,2.1000000000000014,6.600000000000001,65.0,81.0,97.0,4.6,1015.8,13.67,8.64
2014-10-02,5,73.94994274283206,51.45424202179291,16.2,13.6,18.43,20.9,21.7,4.699999999999999,8.1,57.0,71.0,87.0,0.0,1026.83,14.0,11.052
2014-10-03,6,74.97281737341697,50.80015383493503,15.6,13.5,18.5,21.6,22.1,6.000000000000002,8.600000000000001,55.0,67.33,79.0,0.0,1030.67,14.0,12.6
2014-10-04,10,77.66227882068827,53.54535933245327,16.2,14.8,19.23,23.3,24.3,7.100000000000001,9.5,55.0,64.67,73.0,0.0,1025.7,10.67,14.508000000000001
2014-10-05,7,81.9841931389123,54.22671799003221,17.6,14.6,21.0,26.4,26.6,8.799999999999997,12.000000000000002,49.0,63.0,75.0,0.0,1021.5,10.67,9.72
2014-10-06,8,76.14935994251428,59.58270132474577,18.6,16.6,20.23,22.5,23.5,3.8999999999999986,6.899999999999999,61.0,69.33,75.0,0.1,1020.7,15.33,7.5600000000000005
2014-10-07,5,85.12921595864111,63.67964953218872,20.5,17.9,22.8,26.8,27.4,6.300000000000001,9.5,57.0,69.67,77.0,0.0,1018.37,16.67,4.428
2014-10-08,9,98.12178346668713,60.08209143982346,21.4,16.7,25.17,30.9,31.2,9.5,14.5,50.0,65.33,74.0,0.0,1014.7,10.67,6.732
2014-10-09,4,92.86089826529376,66.44539141598378,23.0,19.4,24.97,28.4,29.8,5.399999999999999,10.400000000000002,56.0,66.67,76.0,0.0,1010.33,12.33,6.228
2014-10-10,3,95.80943207761804,60.39208565381269,24.0,16.9,25.47,26.2,30.1,2.1999999999999993,13.200000000000003,62.0,70.67,78.0,0.0,1010.6,16.67,7.2
2014-10-11,8,67.89340899998314,56.00408015159253,16.3,15.2,17.8,20.2,21.0,3.8999999999999986,5.800000000000001,76.0,87.33,93.0,3.6,1018.3,15.33,8.532
2014-10-12,10,84.11820204484575,62.34705476203916,18.8,17.4,21.47,26.1,26.5,7.300000000000001,9.100000000000001,73.0,84.33,94.0,9.5,1014.7,18.33,4.932
2014-10-13,7,71.21945425627017,61.05209655249925,18.2,17.1,20.57,21.9,22.2,3.6999999999999993,5.099999999999998,75.0,83.67,90.0,0.1,1015.77,16.67,6.588
2014-10-14,11,76.80690778243188,62.32810847382053,18.4,17.9,20.57,23.3,24.6,4.900000000000002,6.700000000000003,76.0,88.0,97.0,12.8,1016.97,14.0,8.64
2014-10-15,8,91.44964554792952,59.03161250396138,18.8,16.5,23.23,28.2,28.6,9.399999999999999,12.100000000000001,61.0,76.67,91.0,0.0,1018.53,14.0,8.64
2014-10-16,8,67.85378744828787,65.24847970186136,19.9,19.3,20.57,21.0,21.6,1.1000000000000014,2.3000000000000007,86.0,90.0,95.0,28.9,1012.23,11.0,10.548
2014-10-17,3,66.28618339210513,65.46669000661586,19.6,19.1,19.93,20.2,21.1,0.5999999999999979,2.0,84.0,91.33,96.0,75.0,1011.77,30.0,7.308
2014-10-18,7,77.5626451403037,61.49454143691599,18.6,17.7,21.2,23.9,24.7,5.299999999999997,7.0,75.0,82.33,96.0,5.3,1011.87,17.0,10.188
2014-10-19,3,73.66539890326003,64.7355620242256,19.4,18.7,20.73,21.6,23.8,2.200000000000003,5.100000000000001,88.0,90.67,96.0,28.5,1010.53,22.67,6.588
2014-10-20,5,77.82188186083201,51.37293502066319,19.0,13.4,20.5,23.3,24.6,4.300000000000001,11.200000000000001,62.0,73.0,90.0,3.6,1017.97,19.67,9.72
2014-10-21,6,78.39104010867187,51.25174173774929,17.2,13.3,20.47,24.4,24.8,7.199999999999999,11.5,51.0,68.33,85.0,0.0,1021.73,12.33,9.360000000000001
2014-10-22,7,85.89543843143474,54.13560096053939,17.4,14.3,21.83,27.9,27.9,10.5,13.599999999999998,49.0,65.67,79.0,0.0,1021.33,9.33,7.812
2014-10-23,7,90.96237414897797,56.604870464506405,19.5,15.6,23.53,29.4,29.4,9.899999999999999,13.799999999999999,50.0,65.67,81.0,0.0,1018.53,18.33,9.72
2014-10-24,7,90.79179743470982,59.42329534096014,19.8,16.3,23.1,28.3,28.7,8.5,12.399999999999999,56.0,73.33,87.0,0.1,1014.33,16.67,6.012
2014-10-25,13,84.73118939541808,67.29570432033373,21.4,19.8,23.1,26.3,26.7,4.900000000000002,6.899999999999999,75.0,82.67,88.0,0.0,1013.33,12.33,6.48
2014-10-26,5,93.38630758959994,65.16621937261351,21.5,19.2,24.43,28.2,29.0,6.699999999999999,9.8,63.0,77.0,87.0,0.0,1014.9,14.0,9.72
2014-10-27,7,105.50274778595215,63.060545213870675,21.5,18.2,26.13,32.2,32.4,10.700000000000003,14.2,50.0,68.0,86.0,0.0,1014.87,19.67,8.532
2014-10-28,7,120.62228335318126,65.35719270058283,22.6,19.0,28.07,35.4,35.6,12.799999999999997,16.6,41.0,64.33,83.0,0.0,1012.57,24.33,6.84
2014-10-29,7,124.09008348337625,66.8358962890338,25.1,19.6,29.67,36.5,37.1,11.399999999999999,17.5,43.0,59.0,69.0,0.0,1006.63,18.33,6.48
2014-10-30,3,99.34306928982437,68.33466904841845,21.5,20.2,24.97,30.2,30.2,8.7,10.0,67.0,77.0,86.0,9.700000000000001,1007.27,24.0,6.012
2014-10-31,11,92.11323510355207,63.8413112804036,20.4,18.4,24.43,28.6,28.8,8.200000000000003,10.400000000000002,62.0,76.0,91.0,0.9,1012.3,15.33,7.308
2014-11-01,5,77.33838677438811,69.7587394189559,22.2,21.0,22.8,23.7,24.7,1.5,3.6999999999999993,83.0,85.67,87.0,0.0,1015.23,14.0,7.920000000000001
2014-11-02,8,65.63911341327133,64.09928881117204,19.8,19.0,20.37,21.3,21.5,1.5,2.5,93.0,94.67,96.0,18.3,1018.47,14.0,13.068
2014-11-03,7,108.5987303017301,66.03110364715131,19.6,19.6,24.87,31.0,31.2,11.399999999999999,11.599999999999998,67.0,82.67,96.0,1.7,1010.67,14.0,10.188
2014-11-04,12,78.30414770421424,64.87400966591642,21.3,18.7,22.47,24.4,25.0,3.099999999999998,6.300000000000001,77.0,87.33,95.0,14.3,1009.67,27.0,6.12
2014-11-05,8,77.31506940444342,57.62311489198164,19.0,16.0,21.27,23.3,24.0,4.300000000000001,8.0,55.0,63.33,77.0,0.0,1017.6,14.0,9.468
2014-11-06,9,83.43100848945244,60.945133269402035,17.7,17.4,22.07,25.5,26.8,7.800000000000001,9.400000000000002,67.0,70.67,77.0,0.0,1016.57,12.33,9.468
2014-11-07,2,92.02617573127772,64.63458036222056,20.0,18.7,23.27,27.8,28.2,7.800000000000001,9.5,69.0,84.33,95.0,7.5,1010.13,24.33,6.9479999999999995
2014-11-08,6,92.22825323241626,60.75507912085804,20.3,16.9,23.33,28.2,28.6,7.899999999999999,11.700000000000003,56.0,79.0,91.0,3.3,1013.23,26.0,6.12
2014-11-09,13,96.98096911639139,61.00459836870916,22.2,17.1,24.93,30.4,30.9,8.2,13.799999999999997,35.0,65.67,81.0,0.0,1013.83,19.67,6.732
2014-11-10,6,96.44710153974442,66.66952346336808,24.5,19.3,26.87,31.0,31.2,6.5,11.899999999999999,50.0,62.0,71.0,0.0,1013.23,16.67,4.788
2014-11-11,3,94.34706526950028,64.95228329619552,23.0,18.7,25.53,29.8,30.1,6.800000000000001,11.400000000000002,56.0,67.33,77.0,0.0,1011.33,19.67,5.867999999999999
2014-11-12,9,75.326958372321,66.72537314373109,21.4,19.4,22.37,24.1,24.1,2.700000000000003,4.700000000000003,75.0,86.33,95.0,15.2,1007.8,21.33,5.292
2014-11-13,7,74.64757477530634,62.069146295250405,19.6,18.1,21.07,22.8,23.6,3.1999999999999993,5.5,64.0,81.67,95.0,13.5,1011.73,19.67,12.132000000000001
2014-11-14,13,80.30305885366556,55.2166841198971,18.5,14.5,20.9,24.8,25.7,6.300000000000001,11.2,54.0,68.33,77.0,0.0,1016.17,16.67,6.228
2014-11-15,10,85.07236193089622,53.459483917776986,18.8,13.5,22.23,27.1,28.1,8.3,14.600000000000001,39.0,59.0,73.0,0.0,1018.4,22.67,5.148
2014-11-16,8,93.98660818808636,55.47294715562323,20.6,14.5,24.2,30.2,31.0,9.599999999999998,16.5,42.0,58.33,68.0,0.0,1018.3,22.67,5.652
2014-11-17,9,88.51903937516067,65.86446427771732,23.6,19.1,25.53,29.0,29.0,5.399999999999999,9.899999999999999,53.0,62.33,76.0,0.0,1018.23,15.33,5.867999999999999
2014-11-18,4,93.85462293520015,61.21273807030899,22.3,17.1,26.13,31.9,32.0,9.599999999999998,14.899999999999999,36.0,50.0,58.0,0.0,1014.77,14.0,6.12
2014-11-19,9,102.48103975022805,65.82420449151189,21.8,18.7,25.9,31.7,32.1,9.899999999999999,13.400000000000002,52.0,65.67,78.0,0.0,1010.4,16.67,3.6
2014-11-20,8,107.65112889261565,68.64141844081647,25.5,20.5,28.73,33.0,33.6,7.5,13.100000000000001,53.0,62.33,76.0,0.2,1011.67,21.33,7.668
2014-11-21,9,105.08506151092818,70.63041812268172,23.4,21.4,26.97,31.5,31.7,8.100000000000001,10.3,58.0,73.0,86.0,0.0,1010.67,19.67,8.28
2014-11-22,6,81.55135948432972,70.30812791248971,21.6,21.4,23.6,25.8,26.0,4.199999999999999,4.600000000000001,55.0,76.33,94.0,4.8,1009.13,22.67,10.332
2014-11-23,2,83.60054529693159,62.37574481035112,22.0,17.1,23.87,26.7,27.3,4.699999999999999,10.2,52.0,62.33,71.0,0.0,1014.0,19.67,3.492
2014-11-24,10,108.16780306000027,59.08324006979926,20.8,16.4,26.57,33.6,35.0,12.8,18.6,48.0,54.0,60.0,0.0,1013.27,18.33,7.668
2014-11-25,6,104.27588989297632,70.52785926796327,21.9,21.4,26.2,30.1,31.1,8.200000000000003,9.700000000000003,66.0,77.0,94.0,15.0,1009.43,18.33,8.892000000000001
2014-11-26,7,98.25431005690167,70.09842040277428,22.9,21.2,25.4,29.4,29.6,6.5,8.400000000000002,66.0,81.33,90.0,8.1,1006.47,16.67,8.64
2014-11-27,9,84.50134410567779,67.00953432869159,23.2,19.8,25.07,27.0,27.0,3.8000000000000007,7.199999999999999,64.0,73.67,83.0,0.0,1014.1,13.67,7.668
2014-11-28,8,89.01451956063008,57.490591224673686,21.5,16.0,24.43,28.4,28.8,6.899999999999999,12.8,53.0,66.33,79.0,0.0,1017.3,12.33,9.972
2014-11-29,3,108.92339269623075,66.12836091300349,21.2,19.4,23.77,26.6,33.7,5.400000000000002,14.300000000000004,50.0,63.33,77.0,0.0,1013.87,19.67,7.452
2014-11-30,7,113.7834509722909,70.4708664966132,24.1,20.8,28.4,34.3,34.7,10.199999999999996,13.900000000000002,50.0,62.67,76.0,0.0,1010.73,28.67,3.492
2014-12-01,5,104.82890977593624,80.41358917514464,27.4,25.4,28.93,31.4,32.4,4.0,7.0,61.0,67.0,72.0,0.0,1010.73,24.0,4.32
2014-12-02,3,127.24772728652219,73.4615855228727,26.7,22.6,28.0,29.6,35.0,2.900000000000002,12.399999999999999,67.0,74.33,83.0,15.9,1009.63,15.33,8.172
2014-12-03,6,86.55288718718421,69.42977566313112,21.8,21.0,24.57,27.1,27.3,5.300000000000001,6.300000000000001,51.0,79.0,97.0,9.2,1009.57,21.0,9.828
2014-12-04,2,86.04820577227221,61.333989586150054,22.7,16.9,24.57,28.0,28.3,5.300000000000001,11.400000000000002,56.0,61.0,68.0,0.0,1016.37,25.67,4.680000000000001
2014-12-05,7,90.4489150058838,58.82837273678069,21.3,16.7,24.77,29.2,29.2,7.899999999999999,12.5,50.0,66.33,80.0,0.0,1018.77,12.33,11.412
2014-12-06,5,95.30005866787135,60.83101038320357,21.2,17.5,25.77,31.2,31.6,10.0,14.100000000000001,40.0,56.33,78.0,0.0,1016.5,15.33,11.052
2014-12-07,4,119.47381103147146,64.61943483335476,22.6,19.0,27.97,35.0,36.2,12.399999999999999,17.200000000000003,42.0,59.67,78.0,0.0,1012.4,28.67,10.08
2014-12-08,8,122.55927714332816,77.12091044104054,29.3,24.1,32.23,36.8,37.4,7.4999999999999964,13.299999999999997,46.0,56.0,65.0,0.0,1011.07,24.0,6.9479999999999995
2014-12-09,4,108.88885246062038,74.54500559521739,24.6,22.8,26.43,29.7,31.5,5.099999999999998,8.7,70.0,80.33,86.0,4.1,1010.07,28.67,4.680000000000001
2014-12-10,3,106.08897365607545,72.15089945569683,26.7,21.7,28.53,31.4,32.6,4.699999999999999,10.900000000000002,65.0,67.33,71.0,10.5,1007.53,19.67,4.428
2014-12-11,10,82.17686350974576,71.76351879068042,23.4,21.9,24.47,25.4,26.0,2.0,4.100000000000001,77.0,85.67,90.0,33.0,1012.23,15.33,8.532
2014-12-12,4,82.43099007003492,70.328899425269,22.6,21.4,24.0,26.0,26.1,3.3999999999999986,4.700000000000003,79.0,83.67,87.0,0.0,1012.63,12.33,10.188
2014-12-13,6,79.41271979810635,69.33565428677785,22.8,21.0,23.57,24.9,25.3,2.099999999999998,4.300000000000001,78.0,89.67,96.0,3.0000000000000004,1009.13,18.33,10.44
2014-12-14,6,85.50134685613733,58.8538719923965,21.2,16.2,23.4,27.2,27.4,6.0,11.2,54.0,71.67,81.0,0.0,1014.73,22.67,6.9479999999999995
2014-12-15,4,82.19668031596763,58.02996382108374,20.8,16.3,23.53,26.5,26.5,5.699999999999999,10.2,64.0,67.33,73.0,0.0,1016.47,14.0,10.692
2014-12-16,13,87.08450401460813,65.02330023125621,21.5,19.1,24.3,27.2,27.9,5.699999999999999,8.799999999999997,65.0,71.0,79.0,0.0,1015.7,10.67,9.251999999999999
2014-12-17,9,88.53175826042336,71.77565801805252,23.4,21.8,25.17,27.3,27.7,3.900000000000002,5.899999999999999,76.0,80.33,86.0,0.4,1011.67,25.67,7.092
2014-12-18,6,95.05789326140838,71.9440622372426,23.5,22.0,26.57,30.2,30.2,6.699999999999999,8.2,51.0,68.0,88.0,0.0,1010.93,21.0,8.892000000000001
2014-12-19,7,98.74665244767935,63.33058580551133,23.6,18.3,26.73,30.9,31.3,7.299999999999997,13.0,52.0,65.67,81.0,0.0,1009.17,12.33,8.388
2014-12-20,5,124.83779837478752,68.10029152821157,23.8,20.3,28.87,35.4,36.1,11.599999999999998,15.8,47.0,65.33,83.0,0.0,1004.7,12.0,8.028
2014-12-21,8,72.0841904735702,68.4501724178447,22.1,20.5,22.2,22.3,23.5,0.1999999999999993,3.0,91.0,93.33,95.0,70.9,1004.6,19.67,8.64
2014-12-22,8,80.737631403504,63.65843699336011,21.0,18.5,22.23,24.6,25.7,3.6000000000000014,7.199999999999999,64.0,79.0,95.0,5.2,1010.83,22.67,9.0
2014-12-23,8,80.44535287873634,53.2277323720983,19.8,14.1,23.03,26.1,26.1,6.300000000000001,12.000000000000002,46.0,57.0,70.0,0.0,1021.13,12.33,9.107999999999999
2014-12-24,8,84.38412030119011,56.775594963576744,19.5,15.7,23.33,27.3,27.6,7.800000000000001,11.900000000000002,55.0,62.33,68.0,0.0,1019.43,12.33,9.972
2014-12-25,6,96.68318265250349,63.18588920043522,21.7,18.3,25.87,29.8,31.1,8.100000000000001,12.8,59.0,63.33,71.0,0.0,1016.43,9.33,9.0
2014-12-26,6,98.09900438684797,71.15217458645182,24.1,21.5,26.37,28.8,29.6,4.699999999999999,8.100000000000001,73.0,81.0,88.0,0.5,1015.97,24.33,6.732
2014-12-27,8,88.5825468134344,71.6287815496878,22.5,21.8,24.3,26.5,27.5,4.0,5.699999999999999,78.0,84.33,89.0,13.4,1011.93,22.67,7.920000000000001
2014-12-28,5,89.98559342275243,72.40783771111855,25.2,22.1,25.5,26.0,27.6,0.8000000000000007,5.5,85.0,88.0,91.0,3.5000000000000004,1009.23,32.0,7.452
2014-12-29,3,106.25630257772826,70.21714441634563,22.3,20.9,25.27,30.1,30.8,7.800000000000001,9.900000000000002,67.0,83.0,94.0,1.1,1010.13,24.33,4.932
2014-12-30,7,100.57786186379644,79.57646060529825,25.2,25.2,27.4,30.2,30.5,5.0,5.300000000000001,69.0,76.33,84.0,0.0,1005.7,22.67,7.920000000000001
2014-12-31,6,104.42627762820165,83.04406909724503,26.7,26.7,27.8,29.1,31.2,2.400000000000002,4.5,71.0,76.33,81.0,6.4,1005.57,24.33,8.748000000000001
2015-01-01,7,89.84713387191469,72.1566778729729,26.7,22.0,27.23,28.3,28.3,1.6000000000000014,6.300000000000001,73.0,75.67,81.0,0.3,1005.73,14.0,7.5600000000000005
2015-01-02,7,84.94297110078458,66.54437623950909,20.6,19.7,22.97,25.1,26.8,4.5,7.100000000000001,62.0,81.33,92.0,17.5,1010.23,25.67,8.748000000000001
2015-01-03,8,89.93388539760014,63.814695656294006,21.7,18.3,24.67,28.2,29.0,6.5,10.7,58.0,67.0,76.0,0.0,1015.47,15.33,6.588
2015-01-04,6,102.68585515178803,62.66361269637953,22.5,17.8,26.17,31.5,32.1,9.0,14.3,41.0,66.0,81.0,0.0,1016.83,21.33,6.588
2015-01-05,5,103.43983451560013,65.17748473255412,24.4,19.1,27.83,33.2,33.5,8.800000000000004,14.399999999999999,43.0,57.0,67.0,0.0,1017.17,12.33,8.532
2015-01-06,2,129.62820126211236,74.65284277501391,25.6,23.1,30.07,35.7,37.0,10.100000000000001,13.899999999999999,49.0,64.33,83.0,0.0,1013.0,22.67,8.028
2015-01-07,4,125.05243554349168,75.16895488931604,29.2,23.3,30.17,31.8,35.1,2.6000000000000014,11.8,71.0,71.67,72.0,0.0,1010.2,20.0,7.668
2015-01-08,5,83.0342300989242,74.15724812179084,23.3,22.6,24.83,26.1,26.1,2.8000000000000007,3.5,86.0,91.33,94.0,32.4,1012.13,25.67,4.428
2015-01-09,7,119.98758107151161,74.67076228987267,23.7,22.7,26.63,30.3,32.6,6.600000000000001,9.900000000000002,72.0,84.67,98.0,8.0,1011.03,21.33,3.3480000000000003
2015-01-10,5,124.46485620947198,74.86509207147304,23.5,23.1,27.8,32.5,33.8,9.0,10.699999999999996,68.0,80.0,94.0,10.0,1010.97,31.67,6.588
2015-01-11,3,113.2791707402541,76.31548340218971,27.7,23.7,29.8,33.7,34.2,6.0000000000000036,10.500000000000004,56.0,65.33,72.0,0.0,1011.93,27.33,6.12
2015-01-12,11,111.75591562249603,79.51698031665761,27.8,25.2,29.43,32.5,33.4,4.699999999999999,8.2,56.0,69.0,77.0,0.0,1011.53,31.67,8.64
2015-01-13,8,129.31564272228667,75.71321046733098,28.6,23.5,31.0,35.6,36.2,7.0,12.700000000000003,52.0,68.67,77.0,0.0,1011.7,8.0,7.092
2015-01-14,4,95.17143641804044,74.32280287244176,25.1,23.0,26.17,27.7,29.1,2.599999999999998,6.100000000000001,78.0,80.33,82.0,26.7,1010.23,19.67,8.748000000000001
2015-01-15,6,82.28855049563374,73.12918971590233,23.1,22.4,24.43,25.5,26.0,2.3999999999999986,3.6000000000000014,77.0,87.33,96.0,15.399999999999999,1015.77,18.33,7.308
2015-01-16,8,100.18298023173747,73.25357592759276,23.0,22.4,25.67,29.4,30.1,6.399999999999999,7.700000000000003,68.0,79.67,87.0,0.1,1015.67,15.33,6.588
2015-01-17,7,97.40077072795567,78.71082281807531,25.4,24.7,26.77,28.4,29.2,3.0,4.5,76.0,84.33,89.0,5.0,1011.87,22.67,5.292
2015-01-18,6,96.62565493084116,78.651819847784,25.4,24.8,26.8,29.0,29.7,3.6000000000000014,4.899999999999999,63.0,76.67,86.0,0.2,1013.63,16.67,7.812
2015-01-19,2,119.3454399785528,74.07225764403846,25.0,22.6,28.37,32.7,34.3,7.700000000000003,11.699999999999996,55.0,71.33,82.0,0.0,1012.83,15.33,4.788
2015-01-20,7,92.71826731035503,68.92601511576368,25.1,20.4,26.37,28.4,28.4,3.299999999999997,8.0,73.0,83.33,89.0,7.9,1013.97,15.33,5.508
2015-01-21,2,84.96823569371207,66.24424871651695,20.4,19.7,22.93,26.0,26.7,5.600000000000001,7.0,69.0,84.33,92.0,18.2,1017.43,15.33,10.332
2015-01-22,4,82.72409831459268,61.41032834359625,22.0,17.8,23.7,26.1,26.6,4.100000000000001,8.8,59.0,69.67,79.0,0.0,1020.53,12.33,11.772
2015-01-23,10,90.08390977489006,63.78397785625926,22.1,18.7,25.2,28.7,29.1,6.599999999999998,10.400000000000002,57.0,66.33,73.0,0.0,1018.93,14.0,10.692
2015-01-24,5,103.95122333367402,66.05530701035806,23.2,18.9,26.87,32.2,32.4,9.000000000000004,13.5,54.0,65.67,77.0,0.0,1014.43,21.33,4.068
2015-01-25,9,107.63843525320024,70.45336073085028,25.6,21.4,27.87,32.4,33.5,6.799999999999997,12.100000000000001,50.0,63.0,72.0,0.0,1010.43,22.67,9.360000000000001
2015-01-26,6,107.86977914553188,74.57223636186886,28.3,23.1,29.43,31.4,32.8,3.099999999999998,9.699999999999996,65.0,68.33,70.0,0.0,1010.23,21.33,8.64
2015-01-27,9,123.03448684806762,76.44181006297322,26.9,23.8,30.5,35.8,36.1,8.899999999999999,12.3,47.0,63.67,73.0,0.0,1010.67,25.67,6.84
2015-01-28,4,119.67271141885536,77.11052076475325,26.4,24.0,28.8,32.6,34.6,6.200000000000003,10.600000000000001,61.0,69.67,76.0,0.0,1010.23,27.33,5.4
2015-01-29,6,80.9441503361471,72.7584826053327,24.4,22.3,24.8,25.6,25.7,1.2000000000000028,3.3999999999999986,70.0,84.67,94.0,13.8,1009.73,27.0,8.172
2015-01-30,3,88.71627421140207,62.512326162369895,22.5,17.9,24.53,27.7,28.3,5.199999999999999,10.400000000000002,57.0,71.67,80.0,0.0,1017.17,15.33,7.920000000000001
2015-01-31,2,84.06906649627197,65.46223194985213,21.7,19.4,23.87,26.5,26.9,4.800000000000001,7.5,70.0,73.0,75.0,0.0,1018.37,12.33,10.692
2015-02-01,6,101.624234515433,68.04954049581323,22.3,20.3,26.07,30.2,30.8,7.899999999999999,10.5,63.0,75.33,89.0,3.9000000000000004,1015.83,12.33,8.28
2015-02-02,6,111.68194424470464,71.71011806688355,25.5,21.8,28.23,32.2,32.8,6.700000000000003,10.999999999999996,65.0,73.33,84.0,0.0,1012.9,22.67,7.452
2015-02-03,5,106.76482322124313,72.85819159458518,26.0,22.4,28.37,31.6,31.8,5.600000000000001,9.400000000000002,63.0,74.67,85.0,0.0,1010.87,18.33,9.107999999999999
2015-02-05,4,96.67643732448745,70.20777874461423,24.3,21.4,24.83,25.2,29.2,0.8999999999999986,7.800000000000001,80.0,82.67,86.0,9.4,1009.57,14.0,11.052
2015-02-06,4,90.7703215018243,69.11677892817833,23.7,21.0,25.83,28.8,28.8,5.100000000000001,7.800000000000001,55.0,72.0,87.0,3.0,1009.7,15.33,11.988000000000001
2015-02-07,8,93.44872019801568,66.14914618146707,22.8,19.5,24.93,29.0,29.5,6.199999999999999,10.0,57.0,71.33,81.0,0.0,1009.2,19.67,8.388
2015-02-08,8,99.17984087900919,62.92752802298433,22.8,17.9,25.73,31.2,31.2,8.399999999999999,13.3,55.0,67.33,75.0,0.0,1010.43,8.0,6.48
2015-02-09,5,111.13774032746164,68.22151984570851,23.5,20.3,27.37,32.8,33.2,9.299999999999997,12.900000000000002,57.0,69.67,76.0,0.0,1008.7,24.33,7.452
2015-02-10,4,121.97413557077844,69.67942863515121,23.8,20.8,28.7,34.7,34.8,10.900000000000002,13.999999999999996,57.0,70.67,85.0,0.8,1009.3,24.33,6.12
2015-02-11,11,91.28497028161621,74.56957472561902,23.0,22.8,24.6,25.6,27.9,2.6000000000000014,5.099999999999998,80.0,87.0,95.0,23.9,1012.33,24.0,4.572
2015-02-12,9,115.0680996322924,74.59787348823309,24.2,22.9,26.47,30.2,32.2,6.0,9.300000000000004,66.0,82.33,91.0,0.0,1012.07,27.33,5.508
2015-02-13,4,100.22188466270049,76.42870497329385,26.5,23.9,27.8,28.7,30.5,2.1999999999999993,6.600000000000001,73.0,75.67,80.0,0.0,1014.03,18.33,8.892000000000001
2015-02-14,2,81.74100257759876,70.48298971821853,24.1,21.6,24.93,25.7,26.1,1.5999999999999979,4.5,69.0,74.67,84.0,0.0,1017.03,14.0,12.708
2015-02-15,6,86.00834899403131,69.75298708946556,22.5,21.3,24.77,27.6,27.8,5.100000000000001,6.5,59.0,67.67,76.0,0.0,1017.2,12.33,12.708
2015-02-16,6,87.04525718532395,69.20907857921964,22.6,20.9,24.37,27.3,27.7,4.699999999999999,6.800000000000001,63.0,74.0,81.0,0.0,1016.43,12.33,9.72
2015-02-17,5,96.3249512325723,66.66044833715131,22.9,19.8,25.13,28.1,29.7,5.200000000000003,9.899999999999999,66.0,76.0,82.0,0.0,1013.8,12.33,9.360000000000001
2015-02-18,5,101.53730414864636,68.21553514112802,23.1,20.5,26.3,30.0,31.0,6.899999999999999,10.5,60.0,73.33,83.0,0.4,1010.3,14.0,9.972
2015-02-19,8,112.84849922712439,73.04330471158295,24.0,22.3,27.97,32.7,33.4,8.700000000000003,11.099999999999998,56.0,70.33,85.0,0.0,1005.93,15.33,6.48
2015-02-20,9,86.16655824471799,72.12728911640534,23.4,21.8,24.77,27.0,27.0,3.6000000000000014,5.199999999999999,75.0,83.67,88.0,3.0999999999999996,1010.27,25.67,5.4
2015-02-21,3,92.1641265731365,69.8015583013838,23.6,21.1,24.93,27.2,28.4,3.599999999999998,7.299999999999997,70.0,81.67,89.0,0.0,1018.43,14.0,9.0
2015-02-22,6,98.86765846016023,72.69060116484192,23.4,22.0,25.33,27.3,29.8,3.900000000000002,7.800000000000001,72.0,80.33,88.0,0.2,1017.87,9.33,4.932
2015-02-23,8,102.1978838633827,72.98328819512393,24.1,22.0,26.63,30.8,30.8,6.699999999999999,8.8,59.0,76.33,88.0,0.0,1015.63,21.33,3.8520000000000003
2015-02-24,6,104.39489281977629,71.10247532500742,21.8,21.2,25.67,30.2,30.6,8.399999999999999,9.400000000000002,60.0,82.0,97.0,19.9,1014.87,13.67,4.212
2015-02-25,8,112.5341458422824,68.35154392820233,24.4,20.1,27.47,32.8,33.3,8.399999999999999,13.199999999999996,53.0,70.67,85.0,0.0,1014.63,14.0,5.148
2015-02-26,9,102.41958444183798,70.95141000776381,23.6,21.4,26.53,30.3,30.7,6.699999999999999,9.3,68.0,77.67,86.0,21.4,1012.23,21.33,6.588
2015-02-27,8,100.54209706514445,70.06669508366915,23.2,20.8,24.93,28.0,29.8,4.800000000000001,9.0,70.0,83.67,94.0,4.3,1009.83,30.33,4.680000000000001
2015-02-28,7,86.67525572562869,63.630740378370874,23.6,18.7,24.83,27.2,27.7,3.599999999999998,9.0,56.0,72.33,88.0,4.7,1015.93,14.0,11.520000000000001
2015-03-01,9,95.39404144892791,64.8993401363461,21.9,19.2,25.1,29.6,30.6,7.700000000000003,11.400000000000002,51.0,65.0,73.0,0.0,1016.67,11.0,11.16
2015-03-02,2,100.30224715820803,68.7369643335525,23.8,20.4,26.77,31.4,31.6,7.599999999999998,11.200000000000003,52.0,66.0,80.0,0.0,1014.47,28.67,6.228
2015-03-03,11,116.07833689172213,73.32093496077172,26.8,22.5,29.57,34.6,35.0,7.800000000000001,12.5,51.0,63.33,75.0,0.0,1013.43,21.33,7.5600000000000005
2015-03-04,6,111.05143428251482,73.43042715268606,26.5,22.6,28.93,33.1,34.1,6.600000000000001,11.5,56.0,63.33,68.0,0.0,1011.63,26.0,8.388
2015-03-05,10,96.05426428680028,75.70711492646396,24.1,23.4,25.5,28.0,28.5,3.8999999999999986,5.100000000000001,86.0,91.0,95.0,32.4,1012.57,22.67,5.652
2015-03-06,3,98.06552548578115,70.59615477264529,24.4,21.3,26.2,29.2,29.8,4.800000000000001,8.5,63.0,78.67,87.0,0.0,1014.47,15.33,7.2
2015-03-07,5,91.76700800703517,66.2074241417111,23.0,19.6,25.3,28.9,29.1,5.899999999999999,9.5,57.0,71.33,83.0,0.0,1014.43,14.0,9.251999999999999
2015-03-08,5,103.66000691559918,69.24296801763279,22.7,20.8,26.3,30.9,31.4,8.2,10.599999999999998,59.0,73.33,81.0,0.0,1014.57,14.0,8.172
2015-03-09,8,101.624234515433,74.4296156268812,24.8,23.2,27.1,30.5,30.8,5.699999999999999,7.600000000000001,63.0,75.33,82.0,0.2,1013.57,14.0,12.132000000000001
2015-03-10,6,86.58306271119993,72.6721565105714,24.1,22.4,24.6,25.6,27.0,1.5,4.600000000000001,81.0,86.0,89.0,3.7,1013.63,14.0,10.548
2015-03-11,9,94.19937033465007,70.09895237354341,23.2,21.4,25.67,28.2,29.2,5.0,7.800000000000001,63.0,76.67,86.0,2.1,1012.23,15.33,11.879999999999999
2015-03-12,8,96.21470549934673,67.814915257007,23.4,20.2,25.5,29.3,29.8,5.900000000000002,9.600000000000001,59.0,74.67,83.0,0.0,1011.77,22.67,8.28
2015-03-13,11,105.18427983673614,69.43905986245055,23.8,20.6,26.43,31.5,31.6,7.699999999999999,11.0,56.0,74.0,83.0,0.0,1011.9,10.67,5.292
2015-03-14,6,118.99878728000584,70.6685718533949,23.8,21.3,27.1,32.6,33.4,8.8,12.099999999999998,60.0,77.33,87.0,0.0,1011.4,17.0,6.84
2015-03-15,10,107.05581601613471,73.81859132993128,25.1,22.6,27.37,30.4,31.1,5.299999999999997,8.5,72.0,81.33,90.0,0.0,1012.3,14.0,6.012
2015-03-16,4,101.65299335647032,75.60382983912987,25.6,23.6,27.43,30.5,30.7,4.899999999999999,7.099999999999998,58.0,76.33,88.0,0.0,1014.57,15.33,9.972
2015-03-17,4,96.25742523375911,65.36582674967083,23.4,19.2,25.47,29.3,30.0,5.900000000000002,10.8,55.0,72.67,83.0,0.0,1016.6,12.33,8.748000000000001
2015-03-18,6,93.92457296899916,63.56546583684099,22.7,18.4,25.17,29.2,29.8,6.5,11.400000000000002,57.0,69.33,76.0,0.0,1017.67,14.0,8.388
2015-03-19,4,99.9304913722563,63.7740268408215,22.8,18.4,25.63,30.6,31.4,7.800000000000001,13.0,52.0,67.0,80.0,0.0,1017.3,12.33,7.5600000000000005
2015-03-20,6,103.10551732280855,67.67789329825547,23.1,20.1,26.1,31.9,32.1,8.799999999999997,12.0,49.0,66.67,76.0,0.0,1013.2,27.33,7.812
2015-03-21,3,86.1453388358081,70.32311744617218,23.4,20.9,24.87,27.0,27.4,3.6000000000000014,6.5,69.0,75.0,85.0,0.0,1011.33,18.0,4.572
2015-03-22,6,80.15436606307193,57.17094234657919,19.2,15.6,21.77,25.0,25.8,5.800000000000001,10.200000000000001,54.0,61.0,67.0,0.0,1016.3,21.0,7.812
2015-03-23,7,82.35594856745927,58.201149551691636,20.2,15.7,22.43,26.3,26.3,6.100000000000001,10.600000000000001,65.0,74.67,82.0,0.1,1018.87,13.67,5.652
2015-03-24,7,96.06273227955596,62.237815976034426,20.1,17.6,23.6,28.7,29.8,8.599999999999998,12.2,58.0,74.33,85.0,0.0,1019.33,12.33,6.48
2015-03-25,7,100.95850499502757,67.2315201386876,22.6,19.8,25.63,30.9,31.3,8.299999999999997,11.5,53.0,69.67,81.0,0.0,1017.13,28.67,6.732
2015-03-26,4,85.64615432540594,68.04513749293713,22.2,20.2,23.57,26.1,27.0,3.900000000000002,6.800000000000001,77.0,80.67,87.0,2.4,1014.33,18.33,7.2
2015-03-27,6,80.93232836372793,64.65244164388344,19.1,18.5,21.53,25.1,25.9,6.0,7.399999999999999,59.0,71.0,78.0,0.4,1017.57,22.67,5.4
2015-03-28,10,82.704524944768,59.20754340755125,20.5,16.5,22.2,25.3,26.4,4.800000000000001,9.899999999999999,67.0,75.0,80.0,0.0,1019.4,12.33,8.028
2015-03-29,8,81.66558981270117,66.18985219860394,20.8,19.4,22.97,26.1,26.1,5.300000000000001,6.700000000000003,65.0,73.67,82.0,0.0,1017.2,10.67,7.2
2015-03-30,6,81.81863765178565,65.25871815157288,20.7,19.1,22.4,25.0,26.0,4.300000000000001,6.899999999999999,68.0,80.33,92.0,11.6,1011.5,15.0,8.172
2015-03-31,2,83.09235284425684,66.37608825773387,20.0,19.4,22.6,25.0,26.2,5.0,6.800000000000001,78.0,86.67,92.0,0.0,1012.1,32.0,6.48
2015-04-01,7,91.88228368278277,62.622250005175935,20.5,17.7,23.27,27.9,28.8,7.399999999999999,11.100000000000001,56.0,75.33,86.0,1.3,1015.73,16.67,6.012
2015-04-02,5,92.86089826529376,60.666476451399404,20.0,16.5,23.57,29.7,29.8,9.7,13.3,46.0,66.67,83.0,0.0,1017.13,18.33,4.212
2015-04-03,7,107.7485921711691,59.54266538153075,21.0,16.1,24.67,31.4,32.6,10.399999999999999,16.5,48.0,69.67,81.0,0.0,1014.9,25.67,4.680000000000001
2015-04-04,6,100.03198004379024,65.48715924327695,24.2,19.0,26.67,31.5,32.0,7.300000000000001,13.0,49.0,62.33,74.0,0.0,1010.37,16.67,6.372
2015-04-05,6,80.49026186974389,69.00234589505754,21.4,20.0,22.93,25.6,25.6,4.200000000000003,5.600000000000001,66.0,81.67,90.0,3.9,1008.97,19.67,2.8800000000000003
2015-04-06,7,78.47113570615589,63.55529056594663,20.0,18.5,22.03,23.9,24.9,3.8999999999999986,6.399999999999999,53.0,74.0,96.0,8.1,1014.63,19.67,9.468
2015-04-07,5,80.95329007435367,54.37581538499524,18.3,14.2,21.1,25.6,26.0,7.300000000000001,11.8,46.0,67.33,82.0,0.0,1019.63,18.33,6.588
2015-04-08,5,86.49295063135729,56.90167536612851,18.6,15.1,22.2,28.0,28.4,9.399999999999999,13.299999999999999,44.0,61.67,71.0,0.0,1018.53,19.67,5.508
2015-04-09,5,91.54466049301794,58.980147224653166,20.5,16.2,23.33,28.6,29.4,8.100000000000001,13.2,53.0,67.33,78.0,0.0,1018.3,26.0,6.588
2015-04-10,10,95.2035981715405,61.176541461561676,20.6,16.9,24.2,29.6,30.2,9.0,13.3,47.0,68.33,84.0,0.0,1019.07,23.0,5.04
2015-04-11,9,96.95884254556115,60.71753784018449,20.5,16.4,24.4,30.0,30.6,9.5,14.200000000000003,51.0,68.33,84.0,0.0,1017.6,24.33,3.708
2015-04-12,9,78.4044541852858,66.60599227338382,21.6,19.5,22.77,23.6,24.9,2.0,5.399999999999999,64.0,76.33,88.0,9.0,1017.43,21.33,6.48
2015-04-13,9,87.63730311974741,58.77260933955786,19.7,16.5,22.43,26.8,27.9,7.100000000000001,11.399999999999999,61.0,73.33,82.0,0.0,1018.4,14.0,9.612
2015-04-14,7,102.85464078927576,64.41635071646549,20.6,18.5,23.97,30.7,31.1,10.099999999999998,12.600000000000001,55.0,74.67,86.0,0.0,1014.6,16.67,6.12
2015-04-15,7,80.643295865472,70.44200412075438,21.8,21.0,23.1,24.2,25.6,2.3999999999999986,4.600000000000001,85.0,88.0,92.0,2.0,1014.13,30.33,4.932
2015-04-16,8,81.97541463973752,67.11459597032564,22.6,20.0,23.67,25.8,26.0,3.1999999999999993,6.0,70.0,82.67,93.0,2.4000000000000004,1016.8,14.0,9.468
2015-04-17,5,92.09137627007993,65.6793861188078,21.8,19.3,24.33,28.8,28.9,7.0,9.599999999999998,63.0,74.67,86.0,0.0,1014.9,8.0,8.388
2015-04-18,4,79.46994864972405,64.07350824129105,20.2,18.5,21.83,24.9,25.3,4.699999999999999,6.800000000000001,65.0,84.0,94.0,21.7,1014.6,28.67,7.308
2015-04-19,9,93.0576295317079,54.58187977731485,17.7,13.1,21.7,28.6,28.8,10.900000000000002,15.700000000000001,60.0,78.67,88.0,0.0,1013.3,22.67,2.4120000000000004
2015-04-20,4,70.6820937766894,70.62404120081291,21.8,21.0,22.2,22.6,23.0,0.8000000000000007,2.0,86.0,92.33,96.0,16.9,1010.3,16.67,4.32
2015-04-21,7,78.18040559356076,62.74608142871138,21.1,18.0,22.33,24.4,24.9,3.299999999999997,6.899999999999999,61.0,82.33,96.0,1.0,1014.6,10.67,7.920000000000001
2015-04-22,9,76.27167758987213,58.5606845082672,18.3,16.3,20.3,23.4,23.7,5.099999999999998,7.399999999999999,59.0,71.0,81.0,0.0,1019.8,14.0,8.64
2015-04-23,10,71.2788553429776,59.56525074972585,18.5,16.3,19.73,22.0,22.6,3.5,6.300000000000001,79.0,86.33,92.0,2.8000000000000003,1020.93,14.0,5.652
2015-04-24,4,78.4971430462143,61.431390718069565,19.2,17.3,21.1,24.5,25.0,5.300000000000001,7.699999999999999,64.0,82.33,92.0,0.1,1019.27,19.67,6.84
2015-04-25,10,78.41272656341391,63.56836862481883,18.7,17.4,20.2,23.1,25.0,4.400000000000002,7.600000000000001,71.0,84.67,92.0,0.0,1021.4,12.33,2.628
2015-04-26,4,85.34809318242341,54.936984341894075,16.4,13.7,20.63,26.8,27.3,10.400000000000002,13.600000000000001,53.0,72.67,92.0,0.0,1020.73,12.33,3.492
2015-04-27,3,82.41623599862409,56.68975460163232,18.3,14.8,21.3,25.6,26.2,7.300000000000001,11.399999999999999,62.0,79.0,93.0,0.0,1019.57,19.67,4.572
2015-04-28,7,79.81240112178655,58.82913531003775,18.4,16.1,20.93,24.8,25.4,6.400000000000002,9.299999999999997,62.0,81.67,98.0,0.0,1019.2,16.67,6.372
2015-04-29,6,76.3613262717264,54.405144614984835,17.9,14.5,20.03,23.0,23.5,5.100000000000001,9.0,53.0,67.33,81.0,0.0,1021.63,10.67,8.388
2015-04-30,7,71.24713080285306,53.2277323720983,15.2,14.1,17.43,20.0,20.5,4.800000000000001,6.4,68.0,77.67,91.0,3.3,1020.87,10.67,9.107999999999999
2015-05-01,4,75.52142926104335,54.227243103854015,15.4,13.6,18.5,23.6,24.0,8.200000000000001,10.4,65.0,82.67,94.0,0.0,1018.77,9.33,4.212
2015-05-02,10,78.09256762333266,56.95042185622903,17.2,15.0,19.87,24.2,24.8,7.0,9.8,65.0,77.67,86.0,0.0,1014.0,14.0,4.932
2015-05-03,6,66.85129191257515,63.82628619730115,18.9,18.5,19.33,19.9,20.9,1.0,2.3999999999999986,88.0,89.33,90.0,4.0,1010.0,15.33,8.28
2015-05-04,2,70.00112084048325,51.549306315986136,14.0,12.5,17.5,19.7,20.1,5.699999999999999,7.600000000000001,62.0,80.33,92.0,2.5,1014.23,25.67,4.572
2015-05-05,1,73.90547048083218,45.54897332117366,10.8,8.5,15.03,20.6,21.2,9.8,12.7,42.0,70.0,93.0,0.2,1020.8,19.67,1.9080000000000001
2015-05-06,6,72.94126744330393,42.71138783964392,11.5,9.3,15.77,21.8,22.2,10.3,12.899999999999999,63.0,77.33,96.0,0.0,1019.73,18.33,7.308
2015-05-07,9,72.29063258435102,45.924238769383784,12.2,10.3,15.17,19.7,20.5,7.5,10.2,61.0,74.67,83.0,0.0,1022.67,15.0,5.652
2015-05-08,10,71.71631667205537,48.499175928995285,13.8,11.2,16.3,21.2,21.5,7.399999999999999,10.3,60.0,78.67,90.0,0.0,1022.63,18.33,4.788
2015-05-09,9,81.32954021520007,51.12167451109423,16.1,12.5,19.47,25.8,26.0,9.7,13.5,56.0,73.0,83.0,0.0,1019.1,24.33,5.292
2015-05-10,7,69.21625807030001,62.21574035163009,18.3,17.5,19.83,21.0,21.5,2.6999999999999993,4.0,77.0,86.0,97.0,1.8,1016.73,14.0,5.867999999999999
2015-05-11,7,66.23588555047937,54.26270888904453,15.4,14.9,16.83,17.7,21.5,2.299999999999999,6.6,91.0,93.33,96.0,19.6,1016.83,14.0,12.348
2015-05-12,5,72.79238543963211,53.37648274491595,15.5,14.3,17.93,22.3,22.9,6.800000000000001,8.599999999999998,59.0,83.0,96.0,1.2,1021.97,14.0,10.188
2015-05-13,9,76.35763449683213,51.66223125613587,14.2,13.0,17.9,23.4,24.2,9.2,11.2,59.0,80.0,94.0,0.0,1023.43,16.67,6.48
2015-05-14,4,82.30165409155336,51.68356566345663,14.6,12.8,19.07,25.8,26.2,11.200000000000001,13.399999999999999,54.0,77.67,91.0,0.0,1022.0,14.0,5.508
2015-05-15,5,80.78759500839541,58.552314052170665,16.7,15.6,20.33,25.3,25.7,8.600000000000001,10.1,61.0,80.33,92.0,0.0,1020.6,14.0,4.428
2015-05-16,4,80.45415584055264,56.63614857579967,17.2,15.1,20.77,24.8,25.6,7.600000000000001,10.500000000000002,67.0,80.33,88.0,0.0,1021.53,20.0,6.12
2015-05-17,11,84.69556415736662,62.32056977460321,18.4,16.9,21.77,26.6,26.8,8.200000000000003,9.900000000000002,58.0,79.67,92.0,0.0,1022.97,6.0,2.8800000000000003
2015-05-18,2,84.99418920388683,57.68120014913444,17.4,15.6,21.4,26.4,26.8,9.0,11.200000000000001,61.0,81.67,95.0,0.2,1022.5,12.33,6.372
2015-05-19,11,86.88782817742052,61.439162064104046,18.8,17.1,22.03,27.1,27.3,8.3,10.2,61.0,80.67,91.0,0.0,1022.47,12.33,5.508
2015-05-20,11,90.89045668165134,61.18382420476381,17.8,16.7,22.2,28.4,28.2,10.599999999999998,11.5,57.0,80.67,98.0,0.0,1021.0,9.33,4.068
2015-05-21,13,92.0015722302684,62.290979387853405,18.8,17.2,22.77,28.4,28.6,9.599999999999998,11.400000000000002,54.0,78.33,91.0,0.0,1021.0,13.67,4.068
2015-05-22,4,92.97377127336259,62.42870250575862,19.8,17.5,23.57,28.5,29.3,8.7,11.8,57.0,72.33,81.0,0.0,1018.87,25.67,5.292
2015-05-23,6,94.87744239873142,65.22656817948402,20.5,18.9,24.37,29.3,29.7,8.8,10.8,54.0,72.67,84.0,0.0,1012.97,26.0,6.48
2015-05-24,6,81.44745495765841,66.985184291336,20.0,19.3,22.1,25.8,25.8,5.800000000000001,6.5,77.0,87.33,94.0,10.2,1012.03,21.33,3.9600000000000004
2015-05-25,11,72.40091508725547,63.814695656294006,19.3,18.3,20.27,22.0,22.4,2.6999999999999993,4.099999999999998,72.0,80.67,88.0,0.0,1018.0,14.0,6.588
2015-05-26,6,73.63036885359972,62.78242530431001,19.4,18.3,20.4,22.2,23.3,2.8000000000000007,5.0,79.0,83.33,90.0,0.0,1018.9,14.0,10.908
2015-05-27,6,61.22670599800141,56.737179132586135,16.7,15.9,18.03,19.3,19.5,2.6000000000000014,3.5999999999999996,94.0,95.67,97.0,63.400000000000006,1014.33,12.33,12.132000000000001
2015-05-28,9,62.92099473042644,55.17797897982189,17.2,15.0,17.5,18.0,18.2,0.8000000000000007,3.1999999999999993,90.0,91.67,95.0,28.0,1013.17,20.0,9.72
2015-05-29,10,66.15536690708691,52.841935287779485,14.6,13.6,16.1,18.4,20.0,3.799999999999999,6.4,75.0,88.33,95.0,4.7,1016.57,25.67,6.9479999999999995
2015-05-30,6,63.376503088848025,50.97277464692658,13.1,12.2,14.9,17.2,18.1,4.1,5.900000000000002,80.0,91.0,97.0,0.1,1016.13,24.0,4.428
2015-05-31,7,65.11814624886408,47.51482314931374,12.7,10.2,14.77,18.0,19.2,5.300000000000001,9.0,74.0,89.0,99.0,0.1,1017.83,21.0,3.24
2015-06-01,5,63.90730552875962,49.7898582043787,12.0,11.2,14.17,17.1,18.4,5.100000000000001,7.199999999999999,78.0,90.33,98.0,0.1,1022.63,21.0,3.132
2015-06-02,8,72.94126744330393,46.255923146973956,11.4,10.2,15.23,22.0,22.2,10.6,12.0,53.0,77.33,95.0,0.1,1021.2,25.67,4.788
2015-06-03,3,80.44506511436786,45.924238769383784,12.2,10.3,17.13,24.8,25.6,12.600000000000001,15.3,57.0,80.0,94.0,0.1,1018.1,15.33,5.652
2015-06-04,5,74.29909638407727,59.914452478460404,17.5,16.1,19.57,22.9,23.7,5.399999999999999,7.599999999999998,78.0,85.33,89.0,0.0,1019.4,18.33,3.9600000000000004
2015-06-05,13,79.02643084801451,57.17528156063779,16.6,15.1,19.97,24.7,25.2,8.099999999999998,10.1,72.0,88.67,98.0,0.1,1018.43,10.67,4.932
2015-06-06,11,88.87644810161869,61.38610255957558,19.1,17.6,22.63,27.8,28.0,8.7,10.399999999999999,56.0,76.67,97.0,57.1,1014.6,25.67,9.612
2015-06-07,12,86.74983490811451,66.74187066392314,19.2,18.6,23.0,27.6,27.7,8.400000000000002,9.099999999999998,57.0,72.67,82.0,0.0,1013.53,10.67,1.8
2015-06-08,5,69.0768404629463,62.160825819709466,18.3,17.4,20.4,22.0,22.1,3.6999999999999993,4.700000000000003,85.0,89.67,95.0,0.3,1015.17,16.67,5.4
2015-06-09,4,96.13553155041815,64.3300692934354,18.7,18.3,22.37,29.0,29.1,10.3,10.8,61.0,82.67,96.0,0.2,1013.27,15.33,5.04
2015-06-10,6,79.1800179998677,62.442816685205024,22.6,17.3,23.77,24.5,25.2,1.8999999999999986,7.899999999999999,52.0,66.33,78.0,0.2,1010.5,22.67,4.212
2015-06-11,8,62.66519444103987,46.604342911836554,14.0,10.8,15.93,18.8,19.0,4.800000000000001,8.2,91.0,92.67,94.0,32.2,1014.33,18.33,6.48
2015-06-12,9,70.48999649310005,44.066496214976766,9.7,7.7,12.07,15.7,16.5,6.0,8.8,53.0,82.0,97.0,0.4,1021.07,18.33,1.8
2015-06-13,7,70.10982580200658,43.94144414575939,9.2,8.0,12.87,19.9,20.3,10.7,12.3,61.0,80.33,94.0,0.0,1015.4,18.33,2.2680000000000002
2015-06-14,7,65.8674744903191,53.081920972364095,14.6,12.8,15.57,16.4,18.2,1.799999999999999,5.399999999999999,82.0,87.33,95.0,0.0,1010.13,21.33,3.3480000000000003
2015-06-15,8,79.46239257999977,39.51006207204725,9.4,8.3,12.83,14.7,15.0,5.299999999999999,6.699999999999999,47.0,71.0,87.0,0.0,1016.67,27.0,9.107999999999999
2015-06-16,6,75.08520038470012,32.56985845217132,6.8,4.5,8.2,9.8,18.5,3.000000000000001,14.0,49.0,68.0,85.0,0.0,1020.03,32.0,5.867999999999999
2015-06-17,13,72.30898693387232,38.687673319709326,8.4,6.0,12.97,20.1,20.1,11.700000000000001,14.100000000000001,56.0,74.33,92.0,0.0,1017.0,15.33,2.988
2015-06-18,8,70.18933725050454,42.47538946593459,11.4,9.4,13.2,14.6,14.6,3.1999999999999993,5.199999999999999,71.0,86.67,95.0,57.5,1020.33,21.33,8.28
2015-06-19,13,77.85327382179003,34.358215750447656,6.1,4.7,9.93,14.1,14.5,8.0,9.8,64.0,76.33,88.0,0.0,1030.8,21.33,4.32
2015-06-20,14,70.23901419010512,38.470224305139965,7.4,5.6,12.03,20.0,20.5,12.6,14.9,58.0,80.33,97.0,0.0,1026.9,4.67,2.52
2015-06-21,11,65.93682973136276,70.05923000000001,14.2,12.9,15.97,18.8,18.8,4.600000000000001,5.9,81.0,87.33,96.0,0.4,1021.67,0.0,0.0
2015-06-22,11,65.93795658403126,59.16514732396737,15.7,15.3,17.1,19.2,21.0,3.5,5.699999999999999,84.0,91.67,97.0,1.1,1020.53,13.67,2.52
2015-06-23,8,70.5767766846763,40.82123265507717,11.3,8.9,14.27,16.6,16.6,5.300000000000001,7.700000000000001,62.0,81.67,92.0,12.4,1027.17,18.33,9.360000000000001
2015-06-24,7,66.92631975771612,38.10096112303694,8.5,7.0,11.17,15.9,16.1,7.4,9.100000000000001,76.0,87.67,96.0,0.0,1030.93,12.33,6.12
2015-06-25,11,72.2529252521923,48.181847232481495,12.4,11.2,15.93,22.0,22.2,9.6,11.0,63.0,80.0,91.0,0.0,1029.83,10.67,5.292
2015-06-26,8,75.58207011563006,50.291044572397226,12.7,11.0,17.33,23.6,23.6,10.900000000000002,12.600000000000001,58.0,75.33,87.0,0.0,1029.67,21.33,2.2680000000000002
2015-06-27,15,77.77650897068017,50.29829926084453,12.6,11.2,17.83,24.3,24.7,11.700000000000001,13.5,53.0,78.67,95.0,0.0,1026.77,8.0,2.628
2015-06-28,6,75.391389118244,48.6438355458383,12.6,11.2,17.23,23.4,23.9,10.799999999999999,12.7,63.0,81.67,97.0,0.0,1020.9,20.0,4.572
2015-06-29,13,74.94240817628818,52.37736856305356,14.2,12.9,18.03,23.2,23.8,9.0,10.9,60.0,83.0,96.0,0.1,1017.3,20.0,4.680000000000001
2015-06-30,9,67.99437482467208,58.383861164602884,17.6,16.1,18.7,19.8,20.2,2.1999999999999993,4.099999999999998,80.0,85.0,89.0,8.2,1013.1,30.33,7.668
2015-07-01,6,69.16506987840016,47.89317758665715,14.9,11.6,16.4,18.0,18.0,3.0999999999999996,6.4,71.0,82.0,89.0,0.0,1019.1,22.67,7.668
2015-07-02,9,67.93186985044939,51.21772652386075,11.8,10.6,14.63,19.9,20.3,8.099999999999998,9.700000000000001,67.0,85.33,98.0,0.0,1020.73,4.67,1.1880000000000002
2015-07-03,13,72.2557885970887,51.54890234763076,14.4,13.0,17.3,21.8,22.8,7.4,9.8,76.0,84.33,92.0,0.0,1011.77,22.67,6.732
2015-07-04,7,74.05772634743855,39.86589765778363,9.7,9.2,12.83,16.6,16.6,6.900000000000002,7.400000000000002,69.0,75.67,80.0,0.2,1018.6,28.67,14.148000000000001
2015-07-05,4,67.09873512852442,37.3588086051608,7.7,6.6,11.5,17.1,18.4,9.400000000000002,11.799999999999999,73.0,85.33,96.0,0.0,1023.63,18.33,5.867999999999999
2015-07-06,8,70.69441472793599,46.60687545342627,11.5,10.4,14.77,20.0,20.4,8.5,9.999999999999998,63.0,79.0,87.0,0.0,1019.3,16.67,4.932
2015-07-07,18,63.386401844769026,55.538850391555215,15.2,14.6,15.57,16.1,16.8,0.9000000000000021,2.200000000000001,87.0,91.33,96.0,5.800000000000001,1016.43,12.33,6.012
2015-07-08,16,61.646248657465264,55.195576492806374,14.9,14.4,15.53,16.6,18.0,1.700000000000001,3.5999999999999996,91.0,93.33,96.0,4.1,1016.37,13.67,5.760000000000001
2015-07-09,6,61.42248192574027,56.44792669633095,15.9,14.9,16.37,17.0,18.1,1.0999999999999996,3.200000000000001,89.0,93.67,96.0,41.0,1012.67,19.67,5.508
2015-07-10,13,68.59640055650793,52.15739388559625,14.5,12.7,16.9,20.5,21.1,6.0,8.400000000000002,69.0,86.0,95.0,0.0,1017.83,22.67,4.32
2015-07-11,9,69.19792493406415,52.58424482645793,13.8,12.7,17.03,21.2,21.7,7.399999999999999,9.0,75.0,87.0,98.0,0.0,1016.33,13.67,3.708
2015-07-12,6,71.39801935539322,52.312705658431554,14.1,12.9,17.37,22.6,23.0,8.500000000000002,10.1,77.0,89.67,97.0,0.0,1012.47,20.0,4.788
2015-07-13,5,67.59713838082594,59.03161250396138,16.8,16.5,18.1,19.5,20.9,2.6999999999999993,4.399999999999999,81.0,87.67,98.0,67.3,1006.63,23.0,8.64
2015-07-14,15,61.646248657465264,48.181847232481495,13.3,11.2,15.4,18.0,18.0,4.699999999999999,6.800000000000001,91.0,93.33,95.0,34.1,1008.77,22.67,5.292
2015-07-15,7,71.39697428310015,47.088776573939995,10.6,10.2,11.07,11.3,11.5,0.7000000000000011,1.3000000000000007,92.0,94.0,96.0,9.0,1023.67,15.33,3.708
2015-07-16,4,60.64556375093075,49.02973338164876,11.1,11.0,12.67,15.0,15.7,3.9000000000000004,4.699999999999999,95.0,95.33,96.0,2.1,1024.87,16.67,3.492
2015-07-17,10,58.47172976673606,54.922990300916155,14.9,14.5,15.43,15.9,17.1,1.0,2.6000000000000014,96.0,97.0,98.0,20.5,1020.37,26.0,6.9479999999999995
2015-07-18,5,72.97035812489533,54.36493342077214,13.8,13.1,17.07,22.2,23.2,8.399999999999999,10.1,63.0,85.33,97.0,1.4,1021.3,16.67,2.628
2015-07-19,10,68.24965387945625,57.200438158573014,15.7,14.8,17.9,21.0,21.6,5.300000000000001,6.800000000000001,82.0,89.0,94.0,22.900000000000002,1016.03,10.67,3.708
2015-07-20,7,58.929260285636985,52.28838855601581,15.0,13.2,16.23,17.0,17.8,2.0,4.600000000000001,94.0,96.67,98.0,85.60000000000001,1013.93,19.67,6.12
2015-07-21,6,68.24396344750014,47.412155108916316,12.6,11.9,14.43,17.5,17.5,4.9,5.6,68.0,84.0,93.0,10.6,1019.97,21.33,10.908
2015-07-22,6,68.93857822790409,44.57649645841976,10.8,9.2,13.8,18.2,18.8,7.399999999999999,9.600000000000001,58.0,82.0,96.0,0.0,1024.77,9.33,4.068
2015-07-23,10,67.48198446430038,44.28494575994651,10.3,9.2,13.43,18.1,18.5,7.800000000000001,9.3,76.0,84.67,96.0,0.0,1024.33,14.0,4.428
2015-07-24,7,67.0661016093586,54.90177258923366,15.0,14.0,16.53,18.9,19.3,3.8999999999999986,5.300000000000001,76.0,85.67,96.0,0.0,1022.47,4.67,4.572
2015-07-25,12,67.19663992584543,51.53487235336773,14.5,13.1,16.47,19.5,20.2,5.0,7.1,75.0,86.67,94.0,0.0,1022.87,14.0,7.308
2015-07-26,5,65.15394897160809,55.4892927724175,15.1,13.4,16.63,19.2,20.2,4.1,6.799999999999999,81.0,90.67,97.0,3.5,1021.27,6.0,2.16
2015-07-27,12,70.81750325574633,56.84457695782672,15.2,14.4,17.9,22.0,22.3,6.800000000000001,7.9,68.0,85.67,96.0,0.4,1019.23,16.67,2.988
2015-07-28,6,83.7185064628002,55.28827039555992,14.8,14.2,18.7,25.1,26.5,10.3,12.3,55.0,81.0,94.0,0.1,1017.83,18.33,4.680000000000001
2015-07-29,12,74.79017567958405,55.3453056655587,16.1,13.8,19.77,23.7,23.8,7.599999999999998,10.0,68.0,84.0,96.0,0.0,1018.2,13.67,3.24
2015-07-30,13,93.91316376323198,58.711667989940565,16.4,14.8,21.23,28.7,28.8,12.3,14.0,55.0,81.0,96.0,0.1,1019.17,6.0,1.9080000000000001
2015-07-31,13,90.04245655052407,62.03645022078881,18.8,17.0,22.93,28.8,29.3,10.0,12.3,45.0,64.0,79.0,0.0,1015.97,15.0,3.708
2015-08-01,11,77.18963574004817,60.01995114907059,17.7,16.5,21.5,23.7,24.3,6.0,7.800000000000001,66.0,73.0,81.0,0.0,1016.67,10.67,5.652
2015-08-02,7,89.81973674070402,61.00459836870916,17.7,17.1,22.23,28.6,28.8,10.900000000000002,11.7,47.0,69.0,88.0,0.0,1012.63,28.67,6.732
2015-08-03,9,80.62227166099225,66.70144209884913,20.5,19.1,21.97,24.0,25.8,3.5,6.699999999999999,66.0,70.0,72.0,0.0,1012.83,12.0,3.6
2015-08-04,5,68.86286696525703,59.89572052500587,17.0,16.4,18.8,20.2,20.5,3.1999999999999993,4.100000000000001,78.0,83.67,94.0,8.2,1018.03,12.33,5.4
2015-08-05,4,65.97681524748694,57.106382556824514,16.8,15.9,17.97,20.0,20.0,3.1999999999999993,4.1,83.0,88.67,96.0,30.900000000000002,1017.23,12.33,10.548
2015-08-06,9,104.07858915097614,61.181376785388416,17.5,17.3,22.43,31.0,31.4,13.5,14.099999999999998,38.0,74.0,96.0,0.0,1011.37,16.67,7.668
2015-08-07,9,100.7219114309761,73.28405867124923,24.6,22.6,27.53,33.0,33.6,8.399999999999999,11.0,34.0,52.0,64.0,0.0,1007.3,16.67,9.468
2015-08-08,7,109.913378569152,73.91725048353678,23.2,22.6,28.37,34.6,35.2,11.400000000000002,12.600000000000001,36.0,55.0,74.0,0.0,1011.4,18.33,5.508
2015-08-09,5,102.61288541430237,68.41887124042213,21.0,19.2,26.3,32.0,32.0,11.0,12.8,39.0,66.67,81.0,0.0,1014.37,1.67,1.332
2015-08-10,13,99.39696049202722,64.22172733728385,21.0,18.4,25.6,32.0,32.2,11.0,13.800000000000004,41.0,59.67,72.0,0.0,1014.5,12.33,6.012
2015-08-11,12,81.09502126404604,62.44378559701054,17.9,17.6,22.83,25.6,25.8,7.700000000000003,8.2,66.0,79.67,95.0,4.4,1019.4,18.33,5.867999999999999
2015-08-12,9,105.96875011076244,63.79706036750159,18.9,18.0,22.77,30.1,31.1,11.200000000000003,13.100000000000001,49.0,79.67,96.0,0.0,1021.1,15.33,4.680000000000001
2015-08-13,7,94.52072052789984,68.28299577059641,20.6,19.8,23.83,27.8,29.5,7.199999999999999,9.7,60.0,74.0,82.0,0.0,1016.1,9.33,3.492
2015-08-14,7,87.90552077107202,69.04983496114613,21.3,19.0,24.07,27.6,28.2,6.300000000000001,9.2,55.0,70.0,80.0,0.0,1017.77,12.0,0.6120000000000001
2015-08-15,4,77.08879541425648,65.87633797197796,21.8,18.7,22.5,23.3,24.2,1.5,5.5,70.0,71.67,74.0,0.0,1015.13,19.67,3.492
2015-08-16,4,68.93975518479596,56.82543232320341,16.5,15.4,18.1,18.9,19.1,2.3999999999999986,3.700000000000001,80.0,82.0,84.0,0.1,1021.93,14.0,7.452
2015-08-17,8,98.17166268465535,61.707753281982534,18.9,17.7,22.53,29.7,30.2,10.8,12.5,45.0,74.67,90.0,0.1,1018.23,8.0,9.251999999999999
2015-08-18,7,84.76403094644576,63.958691767014564,21.4,18.3,22.57,24.2,27.0,2.8000000000000007,8.7,67.0,75.33,80.0,0.0,1012.7,24.33,6.12
2015-08-19,10,66.58454118539176,55.038944827973616,14.6,14.2,16.87,18.6,19.0,4.000000000000002,4.800000000000001,72.0,86.33,94.0,18.900000000000002,1014.87,17.0,5.148
2015-08-20,4,70.13661435325739,54.775670568478475,15.6,14.8,16.97,19.3,19.7,3.700000000000001,4.899999999999999,63.0,79.67,89.0,4.8,1021.67,18.33,9.468
2015-08-21,8,78.2667900502083,54.28746154519099,15.1,14.5,18.93,24.3,24.8,9.200000000000001,10.3,58.0,73.0,83.0,0.3,1020.07,14.0,8.748000000000001
2015-08-22,4,86.1835676731035,52.87320215738505,17.7,13.9,20.9,27.2,27.6,9.5,13.700000000000001,48.0,71.67,86.0,0.0,1013.37,19.67,8.748000000000001
2015-08-23,12,74.70325043140177,52.62720280673418,17.0,14.1,19.43,22.5,23.2,5.5,9.1,49.0,76.33,92.0,27.4,1012.67,16.67,11.16
2015-08-24,8,74.11671570058813,43.110639056026706,12.7,9.6,15.13,18.3,18.9,5.600000000000001,9.299999999999999,58.0,70.0,76.0,0.0,1020.53,17.0,7.920000000000001
2015-08-25,7,75.30757224790342,52.50712315289659,13.7,13.5,17.7,23.2,23.6,9.5,10.100000000000001,63.0,77.33,88.0,0.0,1018.6,14.0,7.2
2015-08-26,7,66.4427290122919,56.28656397173834,17.2,14.9,17.77,18.1,20.4,0.9000000000000021,5.499999999999998,83.0,88.67,96.0,3.0,1014.07,20.0,5.867999999999999
2015-08-27,7,75.40741627993614,56.76901182974157,17.2,15.9,19.27,22.8,23.4,5.600000000000001,7.499999999999998,43.0,74.0,98.0,10.8,1013.3,19.67,11.988000000000001
2015-08-28,8,75.68749679669214,44.05052746589905,13.8,9.6,17.5,21.4,21.6,7.599999999999998,12.000000000000002,49.0,61.67,71.0,0.0,1020.43,30.33,6.12
2015-08-29,12,88.17529332580925,45.632157196324464,14.2,10.2,19.03,27.8,28.4,13.600000000000001,18.2,47.0,68.33,85.0,0.0,1017.43,24.33,5.760000000000001
2015-08-30,9,96.54011135337304,54.513782909493564,18.8,14.0,22.8,30.0,30.4,11.2,16.4,48.0,69.33,82.0,0.0,1016.5,22.67,5.292
2015-08-31,11,98.04139599601547,53.62454293762359,19.0,13.9,24.27,31.2,31.3,12.2,17.4,41.0,64.33,77.0,0.0,1014.4,21.33,6.732
2015-09-01,7,80.18537855546802,53.26238554901236,16.6,14.1,20.4,25.7,25.7,9.099999999999998,11.6,58.0,65.67,74.0,0.5,1020.7,21.33,9.0
2015-09-02,8,74.96603478239999,45.250710862689075,14.1,11.0,16.73,21.5,22.0,7.4,11.0,52.0,67.0,77.0,0.0,1023.27,14.0,10.908
2015-09-03,6,74.10232545187205,51.982673812376404,15.9,13.9,18.17,22.2,22.8,6.299999999999999,8.9,70.0,76.0,83.0,0.30000000000000004,1017.77,14.0,11.772
2015-09-04,10,69.83987534147107,51.63493528873646,15.2,13.7,16.8,19.2,20.5,4.0,6.800000000000001,70.0,81.33,87.0,1.4,1019.97,14.0,11.268
2015-09-05,9,68.60971221236804,52.00541661630158,15.1,13.5,16.5,17.8,19.7,2.700000000000001,6.199999999999999,79.0,83.0,85.0,0.0,1021.23,12.33,8.532
2015-09-06,6,72.14257564029555,53.09393053641201,14.0,13.5,16.63,20.7,22.0,6.699999999999999,8.5,58.0,79.33,91.0,0.0,1016.93,21.33,5.867999999999999
2015-09-07,3,77.20632696019202,50.377476072081386,14.2,11.9,17.87,23.4,24.2,9.2,12.299999999999999,50.0,70.0,82.0,0.0,1011.93,18.0,4.32
2015-09-08,8,71.19220752921728,54.653840336888855,16.2,14.5,17.8,20.5,21.5,4.300000000000001,7.0,73.0,80.33,89.0,0.0,1006.6,21.33,7.668
2015-09-09,5,79.47611139248424,53.43373792313658,14.7,13.2,18.8,24.8,25.3,10.100000000000001,12.100000000000001,46.0,75.33,96.0,0.0,1010.23,16.67,4.068
2015-09-10,5,81.39608676160019,50.9671988750346,17.0,12.9,17.47,18.2,26.0,1.1999999999999993,13.1,68.0,74.0,79.0,1.8,1009.9,20.0,7.5600000000000005
2015-09-11,4,76.02943859795215,46.5106012456256,12.3,11.3,14.9,17.2,17.6,4.899999999999999,6.300000000000001,36.0,68.0,97.0,4.7,1014.6,22.67,9.360000000000001
2015-09-12,9,80.78700049381847,34.604978387925925,9.0,5.9,12.5,15.5,16.7,6.5,10.799999999999999,39.0,52.67,66.0,0.0,1021.7,28.67,7.668
2015-09-13,3,76.6608923232145,34.34366850434251,11.1,5.6,14.53,21.2,21.7,10.1,16.1,34.0,53.33,64.0,0.0,1023.1,21.33,6.9479999999999995
2015-09-14,5,80.16298581518566,43.67395490624634,13.8,8.6,18.03,25.5,26.0,11.7,17.4,31.0,55.33,70.0,0.0,1021.83,21.33,3.6
2015-09-15,8,87.19639037801846,47.59291482276095,17.0,10.9,20.97,28.2,29.6,11.2,18.700000000000003,42.0,51.33,64.0,0.0,1015.93,16.67,5.148
2015-09-16,12,71.59770687040368,58.03638725821686,17.0,15.9,19.67,22.0,22.4,5.0,6.499999999999998,64.0,83.67,96.0,14.0,1008.5,13.67,7.308
2015-09-17,7,61.13954868074258,56.93745454765305,16.1,15.5,17.13,18.2,18.5,2.099999999999998,3.0,90.0,94.33,97.0,25.5,1010.77,25.67,7.812
2015-09-18,9,60.072574723753206,60.010013666361324,17.0,16.7,17.73,18.4,18.4,1.3999999999999986,1.6999999999999993,94.0,95.67,97.0,27.2,1013.5,15.33,6.9479999999999995
2015-09-19,4,61.09181440429114,59.70887180388479,17.3,16.5,18.1,19.2,19.4,1.8999999999999986,2.8999999999999986,94.0,95.67,97.0,13.299999999999999,1016.37,17.0,6.48
2015-09-20,2,61.75379599567749,61.89733535322165,17.8,17.2,18.47,19.0,19.4,1.1999999999999993,2.1999999999999993,94.0,94.67,96.0,3.1999999999999997,1015.37,12.33,4.932
2015-09-21,7,63.45229932891117,61.73330786903365,18.1,17.8,19.0,20.2,21.0,2.099999999999998,3.1999999999999993,95.0,96.67,98.0,28.0,1015.07,14.0,10.188
2015-09-22,7,67.56419988713299,63.185878093109785,19.0,18.2,19.57,20.7,22.3,1.6999999999999993,4.100000000000001,92.0,95.33,98.0,30.299999999999997,1012.37,16.67,8.028
2015-09-23,7,69.76151851774786,60.934927005533176,19.2,17.1,20.27,21.6,22.2,2.400000000000002,5.099999999999998,86.0,88.33,91.0,0.2,1009.07,12.33,6.9479999999999995
2015-09-24,6,66.26884014947193,64.00687825838125,19.6,18.5,19.9,20.1,21.8,0.5,3.3000000000000007,93.0,95.0,96.0,31.099999999999998,1007.2,13.67,7.5600000000000005
2015-09-25,6,69.22841307457225,61.75153863241636,20.3,17.5,20.97,21.3,21.9,1.0,4.399999999999999,78.0,88.0,97.0,2.1,1009.27,17.0,7.308
2015-09-26,6,65.18397423822395,56.31036030967393,17.5,15.1,17.97,18.6,19.3,1.1000000000000014,4.200000000000001,86.0,89.0,91.0,0.1,1015.37,11.0,6.9479999999999995
2015-09-27,6,68.61096356341847,61.55790511172747,17.8,17.0,18.83,20.8,21.2,3.0,4.199999999999999,77.0,86.33,92.0,0.30000000000000004,1013.17,20.0,4.680000000000001
2015-09-28,5,76.55378524813827,49.561841964141664,17.0,11.9,18.9,22.7,23.5,5.699999999999999,11.6,39.0,65.33,84.0,0.0,1012.47,25.67,5.652
2015-09-29,9,82.68427454443605,50.03392755944141,16.7,11.5,20.17,26.2,27.1,9.5,15.600000000000001,43.0,59.33,75.0,0.0,1011.47,19.67,3.6
2015-09-30,7,76.07452397013074,54.555958440452876,16.4,13.9,19.23,22.2,22.8,5.800000000000001,8.9,55.0,63.33,69.0,0.0,1015.2,16.67,4.788
2015-10-01,4,76.11227038604791,48.68239026697879,15.1,12.2,18.77,23.2,23.6,8.1,11.400000000000002,60.0,71.0,78.0,0.0,1016.97,14.0,9.251999999999999
2015-10-02,11,80.20287071178362,61.41403669933912,18.2,17.5,20.53,22.4,25.5,4.199999999999999,8.0,75.0,85.33,93.0,8.5,1011.53,19.0,8.532
2015-10-03,6,68.6332658460289,53.57752629009769,14.3,13.5,16.6,19.3,19.3,5.0,5.800000000000001,74.0,82.67,95.0,0.6000000000000001,1016.03,22.67,4.932
2015-10-04,10,75.25085632630315,47.66415193360641,13.8,11.0,16.17,20.3,21.0,6.5,10.0,52.0,63.67,80.0,0.0,1020.67,21.0,5.4
2015-10-05,8,75.05420876622443,43.578149588709664,13.3,9.8,17.23,22.4,22.6,9.099999999999998,12.8,53.0,69.33,82.0,0.0,1019.97,10.67,7.920000000000001
2015-10-06,7,91.76700800703517,56.63614857579967,16.0,15.1,21.43,28.3,29.1,12.3,14.000000000000002,57.0,71.33,83.0,0.1,1014.9,10.67,6.12
2015-10-07,5,71.90430307607298,65.63641903233687,20.1,19.0,21.13,22.0,22.9,1.8999999999999986,3.8999999999999986,78.0,86.67,96.0,10.3,1012.57,11.0,5.867999999999999
2015-10-08,9,61.74084195401154,64.74134756203858,19.0,18.5,19.3,19.6,20.2,0.6000000000000014,1.6999999999999993,96.0,96.67,97.0,89.80000000000001,1011.93,12.33,5.148
2015-10-09,5,62.70342175766389,62.89687817053252,18.2,17.2,18.83,19.3,19.8,1.1000000000000014,2.6000000000000014,94.0,94.0,94.0,16.6,1013.17,21.33,2.988
2015-10-10,4,59.832714036697354,56.19939273023006,16.3,15.4,16.97,17.8,18.0,1.5,2.5999999999999996,95.0,95.67,96.0,26.4,1017.33,17.0,9.468
2015-10-11,9,63.83683794308699,56.39670641226899,16.0,15.5,17.73,20.1,20.6,4.100000000000001,5.100000000000001,91.0,94.33,97.0,29.9,1015.37,14.0,9.612
2015-10-12,11,65.46824524469214,57.40983164738508,16.2,15.5,17.67,18.5,20.3,2.3000000000000007,4.800000000000001,85.0,90.33,97.0,3.3,1014.57,19.67,6.48
2015-10-13,3,74.82614635980909,51.38064356152061,16.7,12.7,19.1,22.8,23.0,6.100000000000001,10.3,57.0,73.67,89.0,1.5,1018.73,19.67,5.652
2015-10-14,13,86.8911403742082,56.43667975718866,15.6,15.5,20.93,27.4,27.6,11.799999999999999,12.100000000000001,63.0,75.0,81.0,0.0,1012.63,14.0,9.468
2015-10-15,2,72.3048376552103,64.93828392862031,19.1,18.9,20.1,20.6,23.7,1.5,4.800000000000001,95.0,95.67,97.0,54.8,1005.73,21.33,7.5600000000000005
2015-10-16,7,76.50086657816541,59.50173446489122,18.2,15.5,20.17,23.4,23.8,5.199999999999999,8.3,55.0,70.33,96.0,1.7,1015.77,22.67,2.628
2015-10-17,5,73.2492986281043,50.47124276283114,14.7,12.3,15.9,16.8,17.8,2.1000000000000014,5.5,71.0,74.33,76.0,0.7,1023.63,18.33,5.652
2015-10-18,4,75.01729578322528,37.96802319651404,12.6,7.4,15.5,19.4,19.7,6.799999999999999,12.299999999999999,56.0,65.67,77.0,0.0,1025.57,7.67,7.920000000000001
2015-10-19,12,79.66031888284786,50.54595552508836,14.4,12.7,19.47,25.0,25.4,10.6,12.7,55.0,70.0,86.0,0.0,1016.87,20.0,7.452
2015-10-20,11,92.22787673135963,61.74266615357743,19.1,18.1,23.07,27.7,28.8,8.599999999999998,10.7,65.0,76.33,87.0,0.3,1007.4,14.0,14.04
2015-10-21,4,79.48413950504097,55.06955215624393,17.8,14.7,20.9,24.5,25.3,6.699999999999999,10.600000000000001,72.0,77.67,81.0,0.0,1009.33,9.33,7.812
2015-10-22,2,76.38664056033923,57.24786177887848,15.2,15.1,19.33,24.3,24.4,9.100000000000001,9.299999999999999,71.0,85.33,96.0,57.3,1011.43,16.67,4.788
2015-10-23,9,78.36095548540618,62.41822762825547,19.5,18.0,21.53,24.3,24.9,4.800000000000001,6.899999999999999,60.0,77.67,91.0,0.1,1017.1,15.33,9.251999999999999
2015-10-24,10,70.86657300860801,53.26815045102099,16.6,14.0,17.63,18.3,19.8,1.6999999999999993,5.800000000000001,64.0,78.0,86.0,0.0,1022.97,14.0,8.28
2015-10-25,5,73.31213858409942,51.53487235336773,14.3,13.1,17.53,21.2,21.6,6.899999999999999,8.500000000000002,64.0,73.33,79.0,0.0,1021.27,12.33,7.308
2015-10-26,8,84.56558581807404,59.99049643268558,17.6,16.3,21.37,26.9,26.9,9.299999999999997,10.599999999999998,66.0,76.33,82.0,0.0,1016.1,14.0,4.680000000000001
2015-10-27,6,83.02656055499448,64.74134756203858,20.5,18.5,22.43,26.2,26.3,5.699999999999999,7.800000000000001,69.0,81.67,89.0,0.0,1014.43,15.33,5.148
2015-10-28,5,80.1430786774397,65.61077651829882,21.7,19.2,22.9,25.2,25.5,3.5,6.300000000000001,69.0,81.33,91.0,0.0,1016.73,12.33,7.668
2015-10-29,6,98.6110247272,62.292100524829564,19.6,18.2,25.03,30.4,31.0,10.799999999999997,12.8,57.0,68.0,81.0,0.0,1016.0,11.0,12.24
2015-10-30,8,95.73846520795448,65.79072203618539,22.2,19.2,25.6,30.0,30.5,7.800000000000001,11.3,52.0,66.67,83.0,0.0,1012.67,16.67,6.9479999999999995
2015-10-31,6,72.55423803120007,62.27857089602842,20.5,17.8,21.5,22.8,23.0,2.3000000000000007,5.199999999999999,81.0,85.0,90.0,5.6000000000000005,1012.43,13.67,7.920000000000001
2015-11-01,7,71.97258006100637,56.1262713527432,17.9,15.7,19.03,20.2,21.1,2.3000000000000007,5.400000000000002,66.0,76.67,92.0,1.7,1018.77,14.0,12.708
2015-11-02,6,70.18877759795208,57.683701505887115,16.9,16.3,18.4,20.2,20.2,3.3000000000000007,3.8999999999999986,74.0,80.0,87.0,1.4000000000000001,1017.93,12.33,12.24
2015-11-03,7,82.01968974577767,60.12615990620409,17.0,16.8,20.73,24.8,26.0,7.800000000000001,9.2,75.0,83.33,90.0,0.0,1014.47,13.67,7.308
2015-11-04,6,67.29963912305968,56.82619192797015,18.6,16.0,19.4,20.3,20.3,1.6999999999999993,4.300000000000001,81.0,86.67,91.0,4.5,1016.5,14.0,12.852
2015-11-05,6,64.23245657363202,53.10846309416997,14.6,14.3,15.93,17.2,17.2,2.5999999999999996,2.8999999999999986,82.0,90.0,95.0,42.4,1017.33,14.0,11.16
2015-11-06,4,73.43255885521558,55.89376191874341,16.1,15.2,18.6,21.6,22.0,5.5,6.800000000000001,56.0,74.33,88.0,0.0,1020.87,14.0,8.892000000000001
2015-11-07,10,78.15009794665201,53.99322776607513,17.8,14.6,20.63,24.1,24.7,6.300000000000001,10.1,58.0,70.0,77.0,0.0,1019.4,14.0,10.548
2015-11-08,5,89.27279834551413,59.75869813460905,18.6,16.9,22.8,27.4,28.3,8.799999999999997,11.400000000000002,64.0,73.67,83.0,0.0,1014.17,14.0,9.468
2015-11-09,6,101.43814151689766,67.11102043657345,21.1,19.6,25.6,31.3,31.8,10.2,12.2,49.0,66.33,86.0,0.0,1013.23,21.33,5.508
2015-11-10,5,81.26584829741117,69.7053675655137,21.7,20.7,22.83,24.8,25.8,3.1000000000000014,5.100000000000001,66.0,83.33,94.0,13.8,1014.9,15.33,5.148
2015-11-11,5,79.42586858507475,65.86006844152678,21.6,19.4,22.93,24.4,25.3,2.799999999999997,5.900000000000002,82.0,88.67,93.0,0.6,1014.03,19.67,8.64
2015-11-12,9,84.54865336263515,65.54327477975252,20.8,19.5,23.53,25.1,26.8,4.300000000000001,7.300000000000001,73.0,78.67,89.0,0.0,1012.07,14.0,11.628
2015-11-13,5,105.69996988218784,67.79330640077458,20.6,20.2,24.13,30.0,31.2,9.399999999999999,11.0,54.0,78.33,91.0,3.5,1006.13,27.0,8.388
2015-11-14,5,88.88588923090171,65.39917958491645,20.0,19.4,23.53,27.2,28.6,7.199999999999999,9.200000000000003,63.0,68.33,74.0,0.0,1008.33,28.67,11.052
2015-11-15,4,81.21853349300977,58.77224190090615,19.8,16.3,22.1,25.6,26.0,5.800000000000001,9.7,62.0,71.33,76.0,0.0,1014.13,16.67,7.920000000000001
2015-11-16,3,81.4408545324571,58.05983846137118,18.7,16.2,22.0,25.7,26.1,7.0,9.900000000000002,61.0,70.67,81.0,0.0,1012.13,12.33,9.612
2015-11-17,7,72.12581151780667,65.48715924327695,19.3,19.0,20.23,21.4,23.4,2.099999999999998,4.399999999999999,88.0,91.67,94.0,10.3,1008.23,10.67,6.372
2015-11-18,2,94.11176077267197,68.33466904841845,20.8,20.2,23.6,28.0,28.6,7.199999999999999,8.400000000000002,62.0,84.33,98.0,4.9,1005.47,21.0,6.012
2015-11-19,9,103.3300720113678,67.95863562731505,23.8,20.3,26.53,30.2,31.3,6.399999999999999,11.0,62.0,73.67,80.0,0.0,1003.9,19.67,8.748000000000001
2015-11-20,6,81.14518988262161,61.06557253015847,20.2,17.5,21.6,24.3,25.9,4.100000000000001,8.399999999999999,54.0,74.67,94.0,37.400000000000006,1005.4,25.67,9.972
2015-11-21,4,76.14790804910388,52.830010215512694,17.5,13.7,20.07,23.3,23.3,5.800000000000001,9.600000000000001,55.0,67.0,75.0,0.0,1015.0,18.0,7.5600000000000005
2015-11-22,2,88.4456719728964,56.00408015159253,17.9,15.2,22.37,27.6,28.4,9.700000000000003,13.2,60.0,69.33,74.0,0.0,1012.73,21.0,8.532
2015-11-23,11,78.5905112562521,58.904009737636706,20.6,16.5,22.23,24.4,24.9,3.799999999999997,8.399999999999999,54.0,68.0,84.0,0.0,1012.93,15.33,9.107999999999999
2015-11-24,8,74.19993676096664,59.24129451384269,18.9,17.0,19.93,21.1,22.1,2.200000000000003,5.100000000000001,68.0,71.33,76.0,0.0,1010.1,14.0,12.96
2015-11-25,9,76.85328875625517,61.19664834533309,19.3,17.7,21.6,23.7,24.2,4.399999999999999,6.5,70.0,74.67,78.0,0.0,1011.93,14.0,11.628
2015-11-26,4,82.8776107979056,64.88630289777902,19.9,19.3,23.37,26.0,26.4,6.100000000000001,7.099999999999998,72.0,76.67,81.0,0.0,1013.9,10.67,12.708
2015-11-27,3,96.63385894567007,69.70119027867445,22.0,20.4,24.67,26.2,29.3,4.199999999999999,8.900000000000002,74.0,81.33,86.0,1.4,1010.53,9.33,3.24
2015-11-28,8,92.20295950532773,70.20646871468375,23.3,21.2,24.57,26.0,28.5,2.6999999999999993,7.300000000000001,71.0,80.33,91.0,1.6,1006.93,16.67,8.028
2015-11-29,6,83.00549959019318,59.17041871511627,21.3,16.1,23.8,26.7,27.1,5.399999999999999,11.0,48.0,61.67,80.0,0.0,1014.27,22.67,5.508
2015-11-30,8,80.04687507553038,55.034342252721395,20.1,14.4,22.8,25.8,26.2,5.699999999999999,11.799999999999999,37.0,49.33,57.0,0.0,1019.3,9.33,6.12
2015-12-01,9,86.03801178142268,59.31874985595333,18.6,16.0,23.2,27.8,28.6,9.2,12.600000000000001,51.0,57.33,64.0,0.0,1017.83,17.0,4.680000000000001
2015-12-02,3,73.96486833174426,67.2912269867285,20.9,19.9,22.07,22.7,23.8,1.8000000000000007,3.900000000000002,86.0,89.0,95.0,7.6,1015.57,14.0,7.452
2015-12-03,5,88.49166948441626,65.20266832626693,20.1,19.4,22.87,27.1,27.6,7.0,8.200000000000003,71.0,82.0,89.0,0.6,1014.8,14.0,12.24
2015-12-04,15,89.84856220640627,70.3822793841694,22.4,21.0,23.77,24.6,27.8,2.200000000000003,6.800000000000001,81.0,83.67,88.0,3.4,1010.17,10.67,5.148
2015-12-05,9,82.29339993756417,69.76742500752809,25.0,20.7,25.3,25.7,26.3,0.6999999999999993,5.600000000000001,58.0,74.0,84.0,0.0,1009.27,13.67,4.932
2015-12-06,5,82.56833577271533,61.78354962456259,20.0,17.5,22.33,26.2,26.4,6.199999999999999,8.899999999999999,57.0,73.67,83.0,0.0,1013.03,15.33,7.2
2015-12-07,6,80.44230173498607,51.66223125613587,18.4,13.0,21.57,25.5,25.9,7.100000000000001,12.899999999999999,48.0,62.67,73.0,0.0,1014.6,15.33,6.48
2015-12-08,4,101.787861173008,58.00196610069097,19.4,15.3,24.53,31.3,32.3,11.900000000000002,16.999999999999996,49.0,63.0,77.0,0.0,1013.2,10.67,4.212
2015-12-09,7,116.48514754964802,68.13933679872063,22.9,20.5,27.13,30.0,33.9,7.100000000000001,13.399999999999999,63.0,71.0,80.0,0.5,1008.17,25.67,10.44
2015-12-10,4,91.76143290360008,68.835109053255,21.7,20.3,23.87,28.2,28.5,6.5,8.2,56.0,79.0,96.0,18.3,1009.4,7.67,5.04
2015-12-11,7,99.39696049202722,59.70887180388479,22.0,16.5,25.67,31.5,32.2,9.5,15.700000000000003,43.0,59.67,71.0,0.0,1011.27,23.0,6.48
2015-12-12,5,116.12946921498539,69.80032704784934,24.5,20.9,28.53,34.9,35.5,10.399999999999999,14.600000000000001,47.0,60.33,74.0,0.0,1008.57,11.0,6.588
2015-12-13,14,96.21470549934673,72.1024929676783,24.8,21.9,25.2,25.5,29.8,0.6999999999999993,7.900000000000002,71.0,74.67,77.0,0.2,1007.4,28.67,6.588
2015-12-14,4,101.05966188975515,71.61481133236131,25.0,21.6,26.43,28.1,30.8,3.1000000000000014,9.2,67.0,74.33,80.0,0.0,1008.6,31.67,5.652
2015-12-15,6,97.10377998670006,70.44048840206955,23.4,21.3,25.67,29.0,29.5,5.600000000000001,8.2,62.0,80.0,94.0,4.699999999999999,1010.0,20.0,8.028
2015-12-16,3,86.66829159783205,62.563654664571445,23.4,18.2,25.1,27.8,28.3,4.400000000000002,10.100000000000001,51.0,63.67,73.0,0.0,1016.8,15.33,10.8
2015-12-17,2,116.74070990334553,67.5238002014735,21.5,20.0,27.43,34.2,34.9,12.700000000000003,14.899999999999999,51.0,64.67,76.0,0.0,1011.07,17.0,7.452
2015-12-18,4,104.80291316773341,73.5537863783315,22.7,22.6,25.83,27.7,30.7,5.0,8.099999999999998,76.0,81.67,91.0,16.2,1006.63,24.33,7.5600000000000005
2015-12-19,8,77.40141127752848,66.5935073424935,21.7,19.6,22.93,24.4,24.6,2.6999999999999993,5.0,65.0,80.33,89.0,0.6,1013.6,22.67,7.452
2015-12-20,2,81.06391923760023,61.18242029636065,19.8,17.5,21.97,24.7,26.0,4.899999999999999,8.5,62.0,69.0,77.0,0.0,1018.6,12.33,9.468
2015-12-21,6,87.19630275323186,65.16621937261351,21.0,19.2,23.77,25.6,27.7,4.600000000000001,8.5,69.0,74.67,78.0,0.0,1015.2,14.0,9.72
2015-12-22,5,86.68640772487372,72.43995015002831,23.3,21.7,25.2,26.5,27.3,3.1999999999999993,5.600000000000001,75.0,79.67,87.0,0.0,1011.27,4.67,3.492
2015-12-23,8,94.21275388927877,74.76233065491351,22.5,22.1,24.23,26.7,28.1,4.199999999999999,6.0,86.0,92.67,96.0,6.800000000000001,1008.8,6.0,0.8280000000000001
2015-12-24,7,72.3048376552103,71.6604154387903,22.3,21.4,22.87,23.3,23.7,1.0,2.3000000000000007,95.0,95.67,97.0,26.3,1011.7,9.33,3.8520000000000003
2015-12-25,9,79.38800374698864,69.90042278727033,21.6,21.0,22.8,24.6,25.3,3.0,4.300000000000001,86.0,91.33,96.0,5.199999999999999,1015.0,9.33,7.2
2015-12-26,8,89.38458705883438,70.01277128751684,21.7,21.1,23.9,26.3,27.5,4.600000000000001,6.399999999999999,80.0,87.67,95.0,1.1,1012.83,15.33,7.812
2015-12-27,6,107.50208101263617,72.0659419205619,23.4,21.4,26.03,29.8,31.1,6.400000000000002,9.700000000000003,72.0,82.0,90.0,0.0,1008.43,14.0,2.7720000000000002
2015-12-28,6,101.05865456126178,73.80539329198527,24.8,22.4,26.13,28.8,30.1,4.0,7.700000000000003,72.0,81.33,86.0,0.0,1009.47,9.33,4.068
2015-12-29,4,111.42058636636793,76.13405898646783,25.3,23.5,28.57,31.8,32.8,6.5,9.299999999999997,63.0,73.0,85.0,0.0,1010.13,9.33,4.572
2015-12-30,6,112.58554126479365,78.37494867471891,26.7,24.6,28.03,28.7,31.8,2.0,7.199999999999999,80.0,82.67,87.0,0.30000000000000004,1006.33,16.67,6.12
2015-12-31,7,106.63996005383459,76.81370622416814,26.1,24.0,27.1,28.0,30.5,1.8999999999999986,6.5,75.0,86.67,93.0,3.8000000000000003,1005.2,15.0,7.5600000000000005
2016-01-01,10,85.23257842042821,70.86504336148795,24.2,21.5,25.13,26.4,27.1,2.1999999999999993,5.600000000000001,68.0,76.0,81.0,0.0,1010.97,12.33,8.28
2016-01-02,5,89.7770981319298,70.55144450495925,23.5,21.4,25.37,28.0,28.5,4.5,7.100000000000001,65.0,72.67,77.0,0.0,1013.17,12.33,8.748000000000001
2016-01-03,10,93.93372183075888,69.82473489548934,23.6,21.3,26.47,29.7,30.0,6.099999999999998,8.7,58.0,67.33,74.0,0.0,1013.87,12.33,12.132000000000001
2016-01-04,8,106.62272651012817,72.35359266463303,23.8,22.0,27.57,32.7,33.3,8.900000000000002,11.299999999999997,50.0,63.0,74.0,0.0,1013.33,9.33,6.48
2016-01-05,10,109.82587124444804,74.59787348823309,25.9,22.9,28.0,31.4,33.2,5.5,10.300000000000004,62.0,68.0,73.0,0.0,1011.8,12.33,5.508
2016-01-06,4,120.08077577891224,77.96620218156173,24.9,24.3,27.83,32.2,33.2,7.300000000000004,8.900000000000002,59.0,80.0,91.0,3.2,1010.67,30.33,4.32
2016-01-07,11,86.79061912739532,73.96633421310264,24.8,22.8,26.4,27.2,27.2,2.3999999999999986,4.399999999999999,74.0,82.33,88.0,0.0,1009.7,21.0,7.920000000000001
2016-01-08,4,87.42451537557845,66.8417593328258,22.8,20.0,24.7,27.7,27.7,4.899999999999999,7.699999999999999,64.0,75.67,87.0,0.1,1011.07,15.33,11.052
2016-01-09,7,93.91316376323198,70.80481239631553,22.8,21.5,24.97,27.4,28.8,4.599999999999998,7.300000000000001,79.0,81.0,84.0,0.0,1012.0,14.0,8.64
2016-01-10,5,111.22962154620595,73.48379251957567,23.4,22.5,27.17,31.8,32.1,8.400000000000002,9.600000000000001,62.0,78.33,93.0,0.0,1011.5,9.33,6.588
2016-01-11,11,109.04415746728833,72.56380261505373,26.7,22.2,28.8,32.3,32.7,5.599999999999998,10.500000000000004,59.0,70.67,77.0,0.0,1007.9,18.33,7.920000000000001
2016-01-12,3,119.34183772952599,74.53863602310335,26.2,23.0,28.97,33.5,34.6,7.300000000000001,11.600000000000001,48.0,69.33,81.0,0.0,1007.0,16.67,7.2
2016-01-13,5,115.01717619536015,73.59358363767728,26.9,22.6,29.13,32.0,34.0,5.100000000000001,11.399999999999999,55.0,68.67,81.0,0.0,1007.63,15.33,7.308
2016-01-14,8,88.26054273081988,68.12819988918707,24.1,20.6,25.83,28.8,29.1,4.699999999999999,8.5,37.0,60.33,79.0,0.3,1013.63,13.67,12.132000000000001
2016-01-15,10,110.49136886305114,68.14491673152187,22.4,20.1,27.17,33.4,34.3,11.0,14.199999999999996,52.0,61.33,66.0,0.0,1010.2,15.33,5.867999999999999
2016-01-16,11,114.369526852332,70.70541053367185,24.8,21.2,27.6,32.7,33.7,7.900000000000002,12.500000000000004,53.0,70.0,80.0,0.0,1011.53,19.67,5.652
2016-01-17,5,114.65670279572319,66.53963994202331,24.7,19.5,28.2,34.2,35.4,9.500000000000004,15.899999999999999,35.0,59.33,77.0,0.0,1012.37,24.33,6.732
2016-01-18,10,114.52164104086367,65.84390282003096,26.2,19.3,29.67,35.6,36.9,9.400000000000002,17.599999999999998,28.0,50.67,63.0,0.0,1011.93,24.33,7.668
2016-01-19,3,105.15962821919813,69.10767104428072,26.2,20.7,29.0,32.4,33.1,6.199999999999999,12.400000000000002,54.0,62.33,78.0,0.0,1012.9,19.67,7.668
2016-01-20,4,103.40806031353213,71.96772338240588,25.5,21.8,27.93,32.1,32.6,6.600000000000001,10.8,52.0,63.33,72.0,0.0,1014.07,12.33,6.12
2016-01-21,12,104.02826972481388,71.76149801797489,25.2,22.0,27.6,30.8,32.2,5.600000000000001,10.200000000000003,50.0,67.33,79.0,0.0,1015.97,14.0,10.188
2016-01-22,6,106.49379868783842,67.00493720206858,23.4,20.0,26.97,31.9,32.5,8.5,12.5,42.0,68.67,90.0,0.0,1016.63,11.0,10.08
2016-01-23,4,106.73870462880396,63.82628619730115,23.0,18.5,28.5,34.5,34.8,11.5,16.299999999999997,43.0,53.33,70.0,0.0,1013.43,23.0,8.28
2016-01-24,10,117.04486130586233,72.7469376088431,27.4,22.2,30.67,36.0,36.9,8.600000000000001,14.7,33.0,53.33,65.0,0.0,1010.4,14.0,6.84
2016-01-25,11,124.86587568880014,71.89078845050844,25.5,22.1,30.8,38.0,39.0,12.5,16.9,30.0,50.0,66.0,0.0,1007.07,27.33,11.052
2016-01-26,8,81.00140662756839,68.53449762287738,21.8,20.2,24.13,25.6,25.7,3.8000000000000007,5.5,81.0,86.33,91.0,6.1,1009.4,18.33,5.292
2016-01-27,6,91.93617334320007,63.08071651202944,20.2,18.3,24.07,27.6,29.0,7.400000000000002,10.7,56.0,73.0,92.0,0.7,1014.53,6.33,9.468
2016-01-28,5,97.51372085310841,70.2422591151002,23.2,21.4,25.0,28.3,30.3,5.100000000000001,8.900000000000002,65.0,72.33,79.0,0.7,1014.97,12.33,10.8
2016-01-29,4,134.00381124438405,73.93937335216822,23.9,22.6,29.5,36.4,36.8,12.5,14.199999999999996,51.0,69.0,85.0,0.0,1012.07,20.0,5.4
2016-01-30,14,106.510011193248,69.22176968570028,26.8,20.6,28.53,30.8,31.6,4.0,11.0,66.0,76.0,82.0,39.3,1011.13,24.33,6.12
2016-01-31,5,84.22725903529603,72.50081141024984,22.7,22.0,24.0,26.1,26.4,3.400000000000002,4.399999999999999,84.0,89.0,95.0,63.0,1012.13,14.0,5.760000000000001
2016-02-01,4,92.22825323241626,68.10202239843893,23.6,20.4,25.07,27.4,28.6,3.799999999999997,8.200000000000003,66.0,79.0,91.0,0.4,1016.23,16.67,9.251999999999999
2016-02-02,11,86.36500950346756,62.86082574285205,22.2,18.1,23.93,27.2,27.8,5.0,9.7,62.0,69.33,77.0,0.0,1017.27,15.33,8.388
2016-02-03,5,87.57695392748987,70.31520488064243,23.6,21.0,25.0,27.2,27.7,3.599999999999998,6.699999999999999,70.0,76.33,80.0,0.0,1014.37,7.67,5.4
2016-02-04,5,103.8597296082098,73.67881542752207,22.2,22.0,23.67,25.9,29.6,3.6999999999999993,7.600000000000001,84.0,92.33,98.0,76.60000000000001,1010.63,1.67,2.052
2016-02-05,7,96.5121036878434,70.38956196461608,24.8,20.8,26.5,29.6,29.8,4.800000000000001,9.0,62.0,75.33,87.0,0.0,1013.77,12.0,3.708
2016-02-06,2,98.76190256891196,67.7436876678493,23.8,19.8,26.43,30.4,30.7,6.599999999999998,10.899999999999999,53.0,71.0,83.0,0.0,1018.07,7.67,4.932
2016-02-07,6,107.34255400640818,69.77774247623378,24.0,21.2,26.9,31.5,31.9,7.5,10.7,60.0,74.67,84.0,0.0,1015.5,14.0,10.692
2016-02-08,12,126.78765784753291,73.43042715268606,24.5,22.6,29.43,35.4,36.0,10.899999999999999,13.399999999999999,53.0,67.67,81.0,0.0,1011.63,27.33,8.388
2016-02-09,9,102.59320632284427,78.17890752826173,24.6,24.5,27.5,29.1,30.3,4.5,5.800000000000001,75.0,82.0,92.0,8.700000000000001,1010.63,15.33,5.867999999999999
2016-02-10,9,118.70476628805268,73.48635229322747,26.7,22.4,28.97,33.2,34.6,6.5000000000000036,12.200000000000003,51.0,68.67,84.0,0.0,1013.7,13.67,5.4
2016-02-11,7,99.84439624240031,71.20630548155015,25.8,21.0,27.9,31.6,32.0,5.800000000000001,11.0,49.0,62.0,69.0,0.0,1014.23,4.67,2.7720000000000002
2016-02-12,7,112.09243188179201,72.12368864898308,24.6,21.9,27.97,32.5,33.6,7.899999999999999,11.700000000000003,57.0,68.0,79.0,0.0,1011.9,12.33,6.48
2016-02-13,5,112.5341458422824,75.15336850274488,26.2,23.2,28.3,32.3,33.3,6.099999999999998,10.099999999999998,61.0,70.67,77.0,0.0,1007.9,18.33,6.228
2016-02-14,5,106.43279152387805,75.8363763438345,24.7,23.6,27.03,30.8,31.0,6.100000000000001,7.399999999999999,67.0,81.33,92.0,41.3,1009.6,22.67,7.920000000000001
2016-02-15,4,104.74957152025496,71.32686914537274,25.3,21.1,27.43,31.6,31.6,6.300000000000001,10.5,52.0,73.33,84.0,0.0,1011.97,10.67,2.988
2016-02-16,4,107.34255400640818,71.3613604385443,24.5,21.6,27.0,30.3,31.9,5.800000000000001,10.299999999999997,61.0,74.67,83.0,0.0,1010.93,12.33,6.84
2016-02-17,6,115.9921689423041,74.0268243286032,25.8,22.5,29.63,34.6,35.2,8.8,12.700000000000003,56.0,62.0,67.0,0.0,1008.93,15.0,4.068
2016-02-18,3,115.42877142074956,74.34301372842975,24.4,22.8,27.27,32.0,32.7,7.600000000000001,9.900000000000002,59.0,78.67,94.0,5.3999999999999995,1011.4,30.33,5.652
2016-02-19,6,113.64023625804433,68.51687215375932,25.2,19.8,27.83,32.3,33.3,7.099999999999998,13.499999999999996,53.0,72.0,82.0,0.0,1011.3,4.67,2.988
2016-02-20,5,100.22509467280001,71.38280131867323,25.2,21.6,27.23,30.4,31.0,5.199999999999999,9.399999999999999,64.0,71.0,80.0,0.0,1012.2,9.33,6.732
2016-02-21,7,100.40782899283826,73.49882368041966,26.0,22.6,27.5,29.9,31.0,3.8999999999999986,8.399999999999999,63.0,71.33,76.0,0.0,1013.47,7.67,7.920000000000001
2016-02-22,8,107.59597027148804,73.59358363767728,24.5,22.6,27.57,31.2,32.4,6.699999999999999,9.799999999999997,58.0,71.0,80.0,0.0,1012.23,7.67,7.308
2016-02-23,4,111.42058636636793,74.52237148122717,25.7,23.0,28.27,31.8,32.8,6.100000000000001,9.799999999999997,63.0,73.0,79.0,0.0,1010.8,12.33,7.308
2016-02-24,13,116.15548627541774,73.12918971590233,26.6,22.4,28.83,33.0,33.8,6.399999999999999,11.399999999999999,57.0,71.33,80.0,0.0,1009.23,24.33,7.308
2016-02-25,6,118.56493805960402,80.06460722569068,28.6,25.4,30.57,34.1,35.1,5.5,9.700000000000003,53.0,65.33,72.0,0.0,1006.7,28.67,7.668
2016-02-26,10,122.19889558905614,77.32156396460317,28.1,24.2,30.67,35.0,35.2,6.899999999999999,11.000000000000004,51.0,68.33,83.0,0.0,1005.37,25.67,7.2
2016-02-27,4,95.32866046559991,75.93009999385325,24.8,23.6,26.37,27.9,29.0,3.099999999999998,5.399999999999999,70.0,82.0,91.0,2.0999999999999996,1007.13,25.67,7.2
2016-02-28,3,93.25910279657144,67.00089340646618,23.1,19.7,25.8,29.7,29.9,6.599999999999998,10.2,52.0,66.67,77.0,0.0,1013.97,14.0,6.732
2016-02-29,5,93.96631834595209,61.524140266185476,22.6,17.1,25.3,30.5,30.8,7.899999999999999,13.7,37.0,60.0,72.0,0.0,1018.53,15.0,5.292
2016-03-01,15,90.07990952362891,61.709469832848455,23.0,17.5,25.83,30.7,31.1,7.699999999999999,13.600000000000001,34.0,47.33,57.0,0.0,1018.13,20.0,7.452
2016-03-02,8,85.86713439542407,68.09948838264091,23.7,20.5,24.57,26.2,27.8,2.5,7.300000000000001,63.0,67.0,74.0,0.0,1015.63,14.0,10.692
2016-03-03,10,77.83265761100816,60.6149734327056,19.0,17.5,21.9,24.0,24.8,5.0,7.300000000000001,78.0,83.0,90.0,73.69999999999999,1009.47,14.0,12.132000000000001
2016-03-04,11,84.27733078156,64.76676014818408,19.7,18.7,22.77,26.4,26.6,6.699999999999999,7.900000000000002,61.0,82.33,96.0,9.200000000000001,1010.0,18.33,6.48
2016-03-05,8,90.07771068019558,65.36625043188782,20.4,17.7,23.27,27.8,28.5,7.400000000000002,10.8,48.0,73.67,89.0,0.0,1012.2,12.0,1.332
2016-03-06,3,89.1748845237023,66.31015542349519,22.2,19.5,24.9,28.6,28.6,6.400000000000002,9.100000000000001,52.0,69.33,83.0,0.0,1013.03,20.0,7.668
2016-03-07,8,89.31159794619896,67.79164344126977,21.8,19.9,24.97,28.1,28.8,6.300000000000001,8.900000000000002,49.0,67.33,89.0,0.0,1015.4,25.67,5.508
2016-03-08,4,98.283291964768,66.24698651426922,21.6,19.3,25.23,30.2,30.6,8.599999999999998,11.3,62.0,71.0,79.0,0.0,1015.3,12.33,6.12
2016-03-09,4,76.65651549378514,72.58031017534604,23.6,22.0,24.0,24.2,24.6,0.5999999999999979,2.6000000000000014,85.0,89.67,97.0,24.0,1012.5,24.33,5.4
2016-03-10,4,72.0064211916562,68.73282652609318,21.4,20.6,22.03,22.5,23.5,1.1000000000000014,2.8999999999999986,90.0,93.67,96.0,38.900000000000006,1009.67,15.0,8.388
2016-03-11,5,81.95261586031394,65.70328810775098,20.7,19.3,22.53,25.6,26.0,4.900000000000002,6.699999999999999,67.0,82.33,92.0,0.6,1009.6,27.33,8.28
2016-03-12,6,80.9675941339842,63.74089246090302,19.6,18.5,22.13,25.2,25.8,5.599999999999998,7.300000000000001,60.0,77.0,91.0,10.8,1015.9,19.67,8.64
2016-03-13,9,83.7655075218836,61.85718047812635,20.2,17.7,21.9,25.0,26.6,4.800000000000001,8.900000000000002,66.0,78.33,86.0,0.0,1022.17,11.0,8.64
2016-03-14,8,90.66338238534665,64.07350824129105,20.5,18.5,24.07,28.6,28.8,8.100000000000001,10.3,55.0,71.67,84.0,0.0,1021.3,9.33,7.308
2016-03-15,8,95.65043602808399,64.78998287321289,22.4,18.9,25.3,29.6,30.2,7.200000000000003,11.3,56.0,69.33,81.0,0.0,1020.6,14.0,8.172
2016-03-16,4,107.12288459139054,68.47226644596611,23.0,20.2,25.9,30.9,31.4,7.899999999999999,11.2,65.0,78.67,86.0,0.0,1020.0,20.0,5.508
2016-03-17,4,116.46093423630526,70.1973239399459,24.9,21.0,27.87,33.5,33.8,8.600000000000001,12.799999999999997,52.0,71.67,82.0,0.0,1017.43,18.33,5.867999999999999
2016-03-18,13,115.84083676952487,73.09470315148263,26.0,22.5,29.1,34.0,34.8,8.0,12.299999999999997,51.0,64.33,79.0,0.0,1013.5,17.0,9.107999999999999
2016-03-19,4,102.46978878786756,68.14491673152187,22.6,20.1,25.0,28.8,29.8,6.199999999999999,9.7,74.0,87.33,95.0,49.4,1016.67,14.0,5.867999999999999
2016-03-20,4,81.29663801670404,67.20045558615762,20.3,20.1,21.7,24.2,25.8,3.8999999999999986,5.699999999999999,78.0,84.0,93.0,1.3,1018.47,14.0,10.332
2016-03-21,6,89.18626883017642,66.11748036240317,20.8,19.6,23.13,27.4,27.4,6.599999999999998,7.799999999999997,73.0,89.0,98.0,24.2,1014.87,20.0,9.72
2016-03-22,7,87.94189694404858,69.61972582252885,21.2,20.8,23.2,25.0,27.6,3.8000000000000007,6.800000000000001,63.0,79.67,93.0,19.0,1012.97,24.0,6.372
2016-03-23,8,82.0704305096163,66.8239932470857,21.7,19.8,22.83,25.0,26.1,3.3000000000000007,6.300000000000001,68.0,79.0,88.0,3.9,1015.9,20.0,8.532
2016-03-24,2,88.96389957040007,62.665596848253436,20.6,18.3,23.4,26.6,28.0,6.0,9.7,65.0,77.0,88.0,0.0,1015.2,14.0,11.520000000000001
2016-03-25,5,71.42987175000019,64.6690134172228,19.8,19.0,21.33,22.2,22.5,2.3999999999999986,3.5,78.0,85.0,97.0,9.5,1016.1,14.0,9.828
2016-03-26,8,87.93330291803376,64.2927612948599,19.2,19.0,22.33,26.2,27.3,7.0,8.3,62.0,85.67,98.0,36.3,1010.4,17.0,11.879999999999999
2016-03-27,7,78.77692577541404,67.06501142980704,21.5,20.1,22.77,24.0,25.0,2.5,4.899999999999999,66.0,69.33,72.0,0.0,1011.13,33.33,11.16
2016-03-28,7,83.83811667425584,66.76745685125255,21.4,20.0,23.4,26.6,26.8,5.200000000000003,6.800000000000001,59.0,73.67,84.0,1.6,1013.87,32.0,11.520000000000001
2016-03-29,7,86.58453184351804,64.54965066707427,22.3,18.9,24.1,27.5,27.8,5.199999999999999,8.900000000000002,54.0,70.33,79.0,0.0,1017.13,32.0,9.251999999999999
2016-03-30,6,92.22825323241626,65.86953392646475,20.4,19.0,23.93,28.6,28.6,8.200000000000003,9.600000000000001,60.0,79.0,94.0,0.0,1018.87,15.33,5.148
2016-03-31,3,89.40575606294422,67.11749484577055,21.4,19.8,23.73,27.7,27.8,6.300000000000001,8.0,74.0,82.0,90.0,0.0,1018.53,13.67,7.2
2016-04-01,7,94.92866232880007,69.81975778332361,22.8,21.1,25.03,28.6,29.0,5.800000000000001,7.899999999999999,67.0,81.0,88.0,0.0,1017.63,14.0,8.892000000000001
2016-04-02,3,112.63532797263593,68.64924408793485,23.0,20.4,25.9,31.2,32.4,8.2,12.0,60.0,77.67,91.0,0.0,1012.43,21.33,6.588
2016-04-03,4,90.84291910094417,67.27285242860928,20.7,20.0,25.3,28.2,28.3,7.5,8.3,64.0,79.0,90.0,12.9,1013.47,28.67,8.64
2016-04-04,4,85.64615432540594,67.98541636728366,21.4,20.1,23.53,26.8,27.0,5.400000000000002,6.899999999999999,71.0,80.67,87.0,0.0,1018.43,20.0,6.48
2016-04-05,9,113.70375890649596,72.30530824755893,23.2,22.0,26.57,32.2,32.4,9.000000000000004,10.399999999999999,64.0,79.0,87.0,0.0,1017.1,19.67,6.732
2016-04-06,6,121.55862054239233,76.20447864687182,26.2,23.6,28.97,32.5,34.0,6.300000000000001,10.399999999999999,60.0,75.67,84.0,0.0,1011.67,27.0,5.4
2016-04-07,9,85.17408604105643,72.45144006697848,23.4,22.1,24.0,24.8,26.6,1.4000000000000021,4.5,83.0,89.0,95.0,8.700000000000001,1012.33,27.33,7.2
2016-04-08,5,81.81863765178565,68.33431121559737,22.1,20.4,23.5,25.8,26.0,3.6999999999999993,5.600000000000001,70.0,80.33,89.0,0.0,1013.13,15.33,8.028
2016-04-09,10,81.16509126205929,76.99517,20.6,19.1,22.57,25.1,25.7,4.5,6.599999999999998,84.0,91.33,95.0,9.5,1012.93,0.0,0.0
2016-04-10,9,79.83160378032994,73.1118707560332,23.4,22.3,24.07,25.4,25.4,2.0,3.099999999999998,81.0,87.67,92.0,0.0,1015.23,9.33,6.12
2016-04-11,10,72.12581151780667,70.08005172093728,21.0,20.5,22.27,23.2,23.4,2.1999999999999993,2.8999999999999986,89.0,91.67,95.0,21.8,1017.07,21.33,2.8800000000000003
2016-04-12,8,73.5437576502094,70.66686382516315,22.0,21.1,22.63,23.0,23.8,1.0,2.6999999999999993,87.0,91.33,94.0,3.4,1019.13,4.67,4.932
2016-04-13,10,97.55788234676042,71.7882015633576,21.3,21.1,24.73,28.9,29.0,7.599999999999998,7.899999999999999,77.0,87.33,96.0,0.5,1015.07,6.33,2.052
2016-04-14,5,95.46192471244052,68.46412568898515,21.8,20.1,24.1,28.0,29.0,6.199999999999999,8.899999999999999,68.0,82.33,91.0,5.7,1014.8,30.33,4.788
2016-04-15,11,129.84746272846738,70.87774540163056,24.0,21.4,27.47,34.0,35.2,10.0,13.800000000000004,52.0,75.33,89.0,0.0,1013.17,8.0,6.9479999999999995
2016-04-16,8,119.50858173225315,76.27399719303261,28.2,23.8,30.53,35.1,35.2,6.900000000000002,11.400000000000002,49.0,65.67,81.0,0.0,1011.73,26.0,8.172
2016-04-17,5,130.2615752529007,79.82864711839757,26.5,25.2,30.23,35.4,36.0,8.899999999999999,10.8,50.0,70.67,86.0,0.0,1013.37,21.33,5.4
2016-04-18,13,105.27445277080024,78.30160328531595,28.1,24.6,29.1,29.8,31.5,1.6999999999999993,6.899999999999999,73.0,75.0,76.0,0.0,1013.73,19.67,6.732
2016-04-19,7,119.02244190025611,75.98502034895135,25.4,23.7,28.8,34.1,34.6,8.700000000000003,10.900000000000002,43.0,69.0,92.0,0.0,1011.53,27.33,8.64
2016-04-20,7,95.21244586455909,74.95089488369004,25.8,23.2,27.87,29.6,30.0,3.8000000000000007,6.800000000000001,59.0,70.33,80.0,0.0,1011.97,22.67,7.5600000000000005
2016-04-21,7,101.54550382435896,71.56480185962158,22.9,21.3,24.07,25.5,30.0,2.6000000000000014,8.7,75.0,83.33,88.0,1.7,1010.03,16.67,3.492
2016-04-22,8,75.60781694160022,66.04970143112146,21.0,19.2,21.77,22.8,24.0,1.8000000000000007,4.800000000000001,75.0,82.0,91.0,0.7,1016.67,15.33,6.012
2016-04-23,3,88.36229948483202,68.86798618989309,20.8,20.3,22.67,25.6,27.2,4.800000000000001,6.899999999999999,85.0,90.0,96.0,34.8,1011.67,4.67,4.932
2016-04-24,11,97.91730994099213,68.17516583735222,20.4,20.3,23.07,25.0,28.8,4.600000000000001,8.5,86.0,91.0,96.0,14.5,1007.47,18.33,7.668
2016-04-25,5,78.96716862547183,64.3633655838913,20.3,17.7,21.83,24.6,25.2,4.300000000000001,7.5,82.0,91.0,97.0,58.599999999999994,1003.93,18.33,2.4120000000000004
2016-04-26,11,61.975836240082785,46.616630071714795,12.0,11.4,14.8,18.0,19.4,6.0,7.999999999999998,94.0,94.33,95.0,42.5,1010.33,25.67,9.72
2016-04-27,5,76.67828888761613,41.86097354068038,10.6,9.5,12.47,14.8,15.6,4.200000000000001,6.1,50.0,74.0,90.0,0.6,1017.9,28.67,10.332
2016-04-28,9,80.76098370480004,35.84132747788635,9.4,7.2,12.17,15.6,16.0,6.199999999999999,8.8,47.0,61.0,74.0,0.0,1022.4,27.0,11.628
2016-04-29,8,78.32210378317782,37.966981780850915,8.8,6.8,11.47,14.4,15.0,5.6,8.2,57.0,73.33,92.0,0.0,1023.17,30.33,5.652
2016-04-30,14,75.9030018401592,39.19063612264742,10.8,8.0,13.53,17.2,17.8,6.399999999999999,9.8,46.0,67.67,87.0,0.0,1021.5,27.0,8.28
2016-05-01,7,73.72070357497614,38.20177846285553,9.9,7.5,13.73,18.2,18.4,8.299999999999999,10.899999999999999,54.0,72.0,85.0,0.0,1022.73,32.0,7.920000000000001
2016-05-02,9,71.60981052837238,41.07814800752355,12.2,8.2,15.1,20.8,21.4,8.600000000000001,13.2,56.0,78.67,92.0,0.0,1021.07,24.33,5.760000000000001
2016-05-03,5,71.3027606634241,51.38299968921759,15.1,12.9,17.3,21.0,21.2,5.9,8.299999999999999,63.0,79.0,88.0,0.0,1021.4,16.67,6.588
2016-05-04,6,70.651600151615,47.67514252592788,12.8,10.8,15.9,20.2,21.0,7.399999999999999,10.2,60.0,80.33,92.0,0.1,1020.67,26.0,4.680000000000001
2016-05-05,4,68.14817128571583,48.27485065079314,13.1,11.1,15.77,20.0,20.2,6.9,9.1,66.0,84.67,97.0,0.1,1021.0,12.33,4.788
2016-05-06,12,66.61001248451376,49.72419521139679,13.8,12.3,15.93,19.2,20.4,5.399999999999999,8.099999999999998,81.0,88.33,93.0,0.1,1020.57,15.33,7.2
2016-05-07,7,67.68112654734392,58.4248862044933,17.0,15.9,18.27,20.4,21.3,3.3999999999999986,5.4,79.0,89.0,98.0,0.0,1020.57,14.0,6.228
2016-05-08,5,73.48561695618163,57.070961481887814,17.3,15.9,18.93,22.0,23.4,4.699999999999999,7.499999999999998,74.0,85.33,93.0,0.0,1018.87,14.0,10.692
2016-05-09,11,77.45398633812398,62.96170188928966,18.9,17.9,20.87,24.5,24.7,5.600000000000001,6.800000000000001,69.0,84.0,93.0,1.7,1015.17,24.33,6.372
2016-05-10,8,69.69332033564795,62.34700829404905,18.4,17.8,19.53,20.8,22.4,2.400000000000002,4.599999999999998,84.0,90.0,94.0,1.1,1016.37,23.0,7.668
2016-05-11,8,65.530177512288,54.83887512162815,17.5,14.9,17.73,18.1,18.8,0.6000000000000014,3.9000000000000004,81.0,88.0,93.0,1.4000000000000001,1020.63,18.0,10.08
2016-05-12,4,72.7024917713503,50.54919398896275,13.3,12.3,14.9,16.2,16.8,2.8999999999999986,4.5,69.0,77.67,85.0,0.0,1024.23,16.67,5.508
2016-05-13,11,66.51706448281624,47.23268821228695,12.6,9.9,14.83,19.1,19.6,6.500000000000002,9.700000000000001,78.0,87.0,97.0,0.0,1024.97,12.0,2.8800000000000003
2016-05-14,8,78.56105882301412,51.843432873183374,15.3,13.1,18.57,24.8,25.0,9.5,11.9,58.0,80.33,92.0,0.0,1021.87,11.0,6.588
2016-05-15,11,63.45032510860801,55.94149391951454,15.8,14.6,16.5,17.8,18.4,2.0,3.799999999999999,88.0,91.0,96.0,54.5,1011.97,10.67,5.148
2016-05-16,9,68.8572848786675,50.43383797547373,14.5,13.1,15.87,18.3,18.3,3.8000000000000007,5.200000000000001,70.0,82.33,93.0,1.0,1012.7,27.0,10.44
2016-05-17,7,79.10473029931926,42.012887196852205,10.2,9.9,12.43,13.7,14.6,3.5,4.699999999999999,59.0,73.67,84.0,0.0,1018.27,27.0,12.708
2016-05-18,6,76.2854868297279,37.43293013643934,9.2,7.0,12.2,16.2,16.6,7.0,9.600000000000001,60.0,71.0,82.0,0.0,1021.0,28.67,7.2
2016-05-19,16,70.52697120741682,38.23166259717683,9.4,6.8,12.83,16.8,17.2,7.4,10.399999999999999,61.0,80.67,95.0,0.0,1024.03,21.33,5.292
2016-05-20,9,64.85307013178823,41.92796926280923,10.1,8.5,12.3,16.2,16.6,6.1,8.100000000000001,83.0,89.67,95.0,0.0,1022.3,11.0,5.508
2016-05-21,14,66.0893283595363,51.830729606564866,13.6,13.0,15.07,17.4,18.1,3.799999999999999,5.100000000000001,79.0,87.0,93.0,0.6000000000000001,1019.43,22.67,6.12
2016-05-22,7,65.49079947628422,53.48237953598792,14.2,13.7,15.3,16.1,16.2,1.9000000000000021,2.5,85.0,89.33,94.0,0.2,1017.8,21.33,6.012
2016-05-23,7,71.96183675238969,42.205431887303234,10.0,9.0,13.07,15.2,15.8,5.199999999999999,6.800000000000001,70.0,81.33,87.0,1.0,1024.9,24.0,6.9479999999999995
2016-05-24,7,69.49278277628805,39.30183952270784,9.9,7.1,13.33,18.0,18.6,8.1,11.500000000000002,64.0,81.0,98.0,0.0,1029.9,25.67,4.788
2016-05-25,11,70.86246628434355,46.4944197762644,12.2,11.0,15.7,21.5,22.0,9.3,11.0,64.0,83.67,96.0,0.0,1025.73,20.0,7.668
2016-05-26,10,71.02287327466571,54.587670282203156,15.0,14.0,17.2,21.2,22.2,6.199999999999999,8.2,66.0,84.33,96.0,0.7,1020.57,11.0,5.148
2016-05-27,4,68.24396344750014,51.65440544215031,13.4,12.9,14.83,16.2,17.5,2.799999999999999,4.6,77.0,84.0,89.0,0.0,1022.6,18.33,6.012
2016-05-28,12,71.74749704267764,48.95452071456382,13.7,12.1,16.73,22.5,22.8,8.8,10.700000000000001,71.0,86.33,96.0,0.1,1023.43,14.0,7.920000000000001
2016-05-29,15,63.037809705233954,59.353024962621355,18.0,16.4,18.5,19.1,19.4,1.1000000000000014,3.0,86.0,92.67,98.0,8.1,1016.97,12.0,6.84
2016-05-30,10,67.00710892308709,58.05231477058192,16.4,15.7,17.83,19.3,20.0,2.900000000000002,4.300000000000001,70.0,86.67,96.0,1.8,1012.17,19.67,6.012
2016-05-31,5,72.30640336043172,54.3223325470197,15.6,14.5,17.23,18.8,19.0,3.200000000000001,4.5,67.0,74.67,81.0,0.0,1013.3,32.0,8.64
2016-06-01,9,70.1729497851536,44.68021060092102,11.7,10.2,15.07,17.8,18.6,6.100000000000001,8.400000000000002,66.0,79.67,94.0,0.0,1015.17,30.33,7.5600000000000005
2016-06-02,7,71.8115536307198,46.604342911836554,11.2,10.8,14.13,16.6,17.8,5.400000000000002,7.0,64.0,77.33,88.0,0.0,1014.2,28.67,6.48
2016-06-03,9,82.43630671897279,44.476292844688025,10.8,10.5,12.07,13.0,13.4,2.1999999999999993,2.9000000000000004,66.0,73.67,78.0,0.0,1014.43,28.67,9.72
2016-06-04,7,75.29474143254969,40.01652123340905,8.3,7.2,11.07,14.1,14.2,5.799999999999999,6.999999999999999,67.0,81.33,96.0,0.0,1016.1,20.0,4.212
2016-06-05,10,73.05628702898876,37.47307192409866,8.8,6.1,11.13,14.8,15.2,6.0,9.1,58.0,81.33,96.0,0.0,1017.13,21.33,4.32
2016-06-06,8,76.31822994228186,42.74900096322481,10.2,8.6,11.8,13.4,14.8,3.200000000000001,6.200000000000001,71.0,77.67,85.0,0.0,1017.73,24.33,4.680000000000001
2016-06-07,9,75.54778180757097,35.677128689133504,7.4,6.8,11.87,16.4,16.4,8.999999999999998,9.599999999999998,56.0,73.33,86.0,0.0,1018.5,30.33,9.72
2016-06-08,16,78.56502317498868,38.148527601806364,8.9,8.1,12.07,15.0,16.7,6.1,8.6,38.0,64.33,85.0,0.0,1019.9,28.67,11.268
2016-06-09,8,85.43893185152515,28.4140766067309,5.6,3.8,9.67,13.8,14.2,8.200000000000001,10.399999999999999,39.0,58.67,76.0,0.0,1023.77,28.67,9.972
2016-06-10,8,82.33679908320005,33.70885139931107,8.4,4.8,9.47,11.2,13.0,2.799999999999999,8.2,70.0,76.0,87.0,0.6,1023.83,22.67,5.292
2016-06-11,14,89.07387725206561,26.504876784553407,4.8,3.4,8.6,12.4,12.8,7.6000000000000005,9.4,44.0,61.33,81.0,0.0,1026.27,28.67,11.988000000000001
2016-06-12,5,81.00682566397802,28.013435404555864,4.8,3.3,9.13,14.6,15.0,9.8,11.7,48.0,67.33,82.0,0.0,1028.33,30.33,8.532
2016-06-13,9,71.8120813019774,31.2618280066883,5.0,3.0,10.0,16.6,17.6,11.600000000000001,14.600000000000001,58.0,77.67,94.0,0.0,1030.53,28.67,3.708
2016-06-14,9,68.41997928419187,34.61341363888423,7.0,5.2,11.73,17.6,18.6,10.600000000000001,13.400000000000002,65.0,83.0,94.0,0.0,1027.7,22.67,5.292
2016-06-15,17,70.73465784098724,41.28151669658325,9.0,7.2,14.07,20.4,21.2,11.399999999999999,14.0,57.0,80.67,97.0,0.0,1024.43,15.33,2.988
2016-06-16,7,66.72466279091199,48.22695401620479,12.3,11.4,14.07,15.7,18.8,3.3999999999999986,7.4,81.0,86.0,90.0,0.0,1022.2,12.33,6.012
2016-06-17,8,70.18933725050454,42.81739926044293,9.8,9.4,11.6,12.6,14.6,2.799999999999999,5.199999999999999,79.0,86.67,91.0,4.7,1022.87,22.67,7.5600000000000005
2016-06-18,16,73.11890659020898,38.91008427685671,8.8,7.1,10.03,11.6,12.2,2.799999999999999,5.1,80.0,90.33,99.0,0.0,1025.07,29.0,5.292
2016-06-19,10,74.76792109076052,34.75305175379589,6.4,5.3,7.73,9.2,10.4,2.799999999999999,5.1000000000000005,89.0,94.67,100.0,0.1,1026.13,24.33,5.4
2016-06-20,14,76.57779298403189,39.86108432116358,8.2,7.4,10.2,13.8,13.8,5.600000000000001,6.4,63.0,81.0,91.0,0.0,1028.1,22.67,4.932
2016-06-21,13,66.81022957523203,40.30557585992889,8.4,8.4,11.87,17.2,17.8,8.799999999999999,9.4,64.0,86.0,97.0,0.0,1028.7,12.33,7.920000000000001
2016-06-22,10,69.01731700316802,48.49750123414969,13.0,12.1,14.1,15.7,15.7,2.6999999999999993,3.5999999999999996,80.0,85.67,90.0,1.0,1024.67,14.0,9.107999999999999
2016-06-23,11,66.0893283595363,50.52691938779458,13.0,12.0,14.83,17.3,18.1,4.300000000000001,6.100000000000001,75.0,87.0,93.0,0.0,1022.8,21.0,4.428
2016-06-24,10,67.01512199095794,43.65903603461574,11.2,9.2,14.23,19.2,19.8,8.0,10.600000000000001,65.0,86.33,98.0,0.1,1023.73,12.33,5.292
2016-06-25,12,66.66773223030403,44.133634385183925,10.8,9.0,14.77,19.8,19.8,9.0,10.8,72.0,87.0,96.0,0.1,1022.77,12.33,4.068
2016-06-26,5,72.16413383689523,50.89660516546849,12.9,12.1,16.97,22.2,22.2,9.299999999999999,10.1,60.0,80.33,94.0,0.0,1023.37,9.33,4.212
2016-06-27,10,66.0936040079547,49.305191906331316,12.4,11.6,15.1,18.7,19.2,6.299999999999999,7.6,72.0,87.33,97.0,0.0,1025.6,21.33,4.932
2016-06-28,8,62.564338893466555,50.7800299624622,12.4,11.8,13.6,14.6,15.4,2.1999999999999993,3.5999999999999996,89.0,93.67,97.0,0.0,1025.1,23.0,3.492
2016-06-29,12,59.254401191281616,52.74911361587729,13.0,12.7,14.63,16.6,17.9,3.6000000000000014,5.199999999999999,95.0,96.33,98.0,0.2,1023.77,24.33,3.492
2016-06-30,10,63.207398771702316,47.196178908406594,11.5,11.0,13.83,16.4,17.2,4.899999999999999,6.199999999999999,83.0,91.33,96.0,0.0,1023.83,16.67,6.228
2016-07-01,13,86.92235936396825,50.901229930191526,12.4,11.8,17.53,26.2,27.2,13.799999999999999,15.399999999999999,59.0,83.0,97.0,0.0,1022.57,22.67,3.3480000000000003
2016-07-02,6,84.89343641987199,53.5428779887904,14.7,13.1,19.93,26.4,26.8,11.7,13.700000000000001,58.0,81.0,96.0,0.2,1021.0,15.33,3.6
2016-07-03,10,93.61612722280027,53.326915170365425,15.9,13.5,21.77,29.4,29.6,13.499999999999998,16.1,42.0,70.67,91.0,0.0,1019.3,21.33,5.4
2016-07-04,5,89.82977954144863,57.36863108077289,18.6,15.5,22.6,28.6,29.0,10.0,13.5,43.0,66.67,79.0,0.0,1017.2,17.0,6.588
2016-07-05,7,86.88593237278664,62.27920799332206,19.2,17.7,22.6,28.0,28.0,8.8,10.3,45.0,68.67,81.0,0.0,1015.13,9.33,7.092
2016-07-06,7,76.98044686848885,45.92442883483591,13.9,11.8,17.27,23.3,24.1,9.4,12.3,61.0,70.67,88.0,21.8,1011.53,30.0,15.48
2016-07-07,3,74.9466454876792,41.50694139838223,11.0,9.8,13.67,18.0,18.4,7.0,8.599999999999998,53.0,68.67,82.0,0.0,1018.93,28.67,13.572000000000001
2016-07-08,6,71.39234466731776,41.2343420431164,9.2,7.6,13.73,19.2,19.4,10.0,11.799999999999999,57.0,76.67,94.0,0.0,1023.33,25.67,3.8520000000000003
2016-07-09,2,66.7865846112001,49.93249661870268,12.2,11.7,12.83,13.5,16.0,1.3000000000000007,4.300000000000001,77.0,88.0,94.0,9.4,1020.6,13.67,4.32
2016-07-10,8,65.6073862872001,48.19684004273863,11.5,11.0,14.23,18.6,19.0,7.100000000000001,8.0,73.0,88.0,96.0,2.4000000000000004,1014.33,20.0,4.572
2016-07-11,9,61.81737436982415,51.883720666811136,13.6,12.5,14.53,15.8,15.8,2.200000000000001,3.3000000000000007,88.0,94.0,98.0,69.2,1012.63,9.33,4.068
2016-07-12,16,63.688055630928105,51.926750222511465,15.7,13.9,16.23,17.2,18.9,1.5,4.999999999999998,78.0,91.0,98.0,16.0,1011.87,26.0,11.988000000000001
2016-07-13,10,67.12469204344663,43.82169799117358,10.5,9.5,14.17,17.8,18.2,7.300000000000001,8.7,66.0,85.33,97.0,0.3,1017.17,18.33,6.12
2016-07-14,13,61.646248657465264,50.3867266794978,14.0,13.0,14.9,16.5,18.0,2.5,5.0,87.0,93.33,98.0,7.699999999999999,1012.0,17.0,9.828
2016-07-15,15,66.0936040079547,50.25918924405326,15.2,12.7,16.93,19.2,19.2,4.0,6.5,67.0,87.33,98.0,1.9,1010.53,24.0,8.172
2016-07-16,14,73.54983677489196,40.11608657754147,11.8,9.2,13.83,15.3,16.1,3.5,6.900000000000002,51.0,78.0,96.0,0.8999999999999999,1015.07,25.67,13.32
2016-07-17,16,90.43736385262692,32.6169502354074,7.3,6.5,9.47,11.7,12.1,4.3999999999999995,5.6,48.0,65.33,80.0,0.0,1021.4,27.0,16.092
2016-07-18,9,80.5384390795601,38.219575143603244,8.6,7.4,10.93,14.4,14.5,5.800000000000001,7.1,59.0,71.33,89.0,0.0,1025.5,32.0,7.452
2016-07-19,9,76.44941961612653,37.15126161383442,8.4,6.0,10.7,15.0,15.1,6.6,9.1,62.0,76.33,86.0,0.0,1025.67,9.33,4.428
2016-07-20,5,77.57863609052805,34.68804204243797,7.4,5.0,9.83,13.9,14.2,6.5,9.2,54.0,78.0,91.0,0.0,1025.57,24.0,4.680000000000001
2016-07-21,7,70.83483632185627,38.02988723813176,8.3,7.0,10.93,15.4,16.4,7.1,9.399999999999999,66.0,81.67,90.0,0.0,1024.4,27.33,6.228
2016-07-22,10,70.1055298191039,39.13622483674999,8.6,7.2,11.27,15.8,15.8,7.200000000000001,8.600000000000001,65.0,84.0,95.0,0.0,1024.33,12.33,5.292
2016-07-23,12,71.87487560156424,40.46060629186046,8.2,7.4,13.1,21.0,22.3,12.8,14.9,55.0,82.0,98.0,0.1,1019.27,24.33,4.212
2016-07-24,9,70.61924389763197,48.5624301340668,12.8,11.3,16.07,20.4,21.2,7.599999999999998,9.899999999999999,64.0,81.0,92.0,0.0,1019.0,20.0,5.04
2016-07-25,7,77.48842237353605,49.37351026588507,13.6,12.1,17.83,24.6,24.6,11.000000000000002,12.500000000000002,62.0,79.0,95.0,0.0,1018.23,9.33,6.9479999999999995
2016-07-26,8,67.07030282291196,50.504504083223665,16.2,13.0,17.03,18.4,21.2,2.1999999999999993,8.2,86.0,90.0,94.0,20.2,1010.77,17.0,9.468
2016-07-27,11,80.71859179653953,41.24225194550627,11.4,10.4,13.03,14.4,14.9,3.0,4.5,61.0,68.67,78.0,0.6,1018.73,27.0,20.88
2016-07-28,9,76.69686188961293,34.62226566059539,8.0,5.4,11.13,14.6,14.9,6.6,9.5,64.0,76.67,89.0,0.0,1026.67,25.67,5.867999999999999
2016-07-29,12,69.6640232963849,36.88410077934739,8.2,6.5,11.33,16.9,18.6,8.7,12.100000000000001,60.0,80.67,93.0,0.0,1025.0,20.0,6.228
2016-07-30,6,75.77254650140753,43.74880493068198,12.5,9.8,16.13,23.4,23.7,10.899999999999999,13.899999999999999,62.0,75.33,82.0,0.0,1021.43,15.33,7.5600000000000005
2016-07-31,12,91.12316722949552,53.6092206699204,17.0,13.6,21.33,29.2,29.2,12.2,15.6,41.0,68.33,84.0,0.0,1017.63,21.33,5.292
2016-08-01,9,73.31320345358417,53.432535929643144,16.4,13.7,18.9,20.3,22.7,3.900000000000002,9.0,71.0,79.0,85.0,0.0,1016.0,18.33,6.12
2016-08-02,7,73.1716370439642,49.25859453421844,12.6,11.9,13.7,14.7,14.8,2.0999999999999996,2.9000000000000004,75.0,82.33,88.0,0.0,1026.27,18.0,6.228
2016-08-03,17,71.77477291332946,46.01251635738706,12.2,11.2,16.07,21.6,21.8,9.400000000000002,10.600000000000001,63.0,79.67,91.0,0.0,1024.27,14.0,10.08
2016-08-04,11,77.18769811833707,53.53562029215838,14.8,13.9,17.87,23.0,24.6,8.2,10.700000000000001,72.0,83.33,89.0,0.0,1019.17,14.0,6.9479999999999995
2016-08-05,7,92.97418838831447,56.22434067674432,17.8,14.9,21.83,29.0,29.1,11.2,14.200000000000001,48.0,74.67,90.0,0.0,1016.1,27.33,6.012
2016-08-06,12,67.61838386382416,50.21802234654005,15.7,12.7,17.67,20.6,20.7,4.900000000000002,8.0,83.0,87.0,90.0,0.0,1014.57,15.33,8.28
2016-08-07,6,69.36049120037673,48.78368615416025,12.3,11.1,14.9,19.4,19.6,7.099999999999998,8.500000000000002,54.0,81.33,95.0,21.4,1020.47,16.67,4.068
2016-08-08,15,74.44243522137504,42.237337654605355,12.6,9.6,14.47,18.2,19.3,5.6,9.700000000000001,54.0,68.33,83.0,0.0,1020.83,14.0,9.972
2016-08-09,8,70.4519471959933,43.9312629861934,12.2,10.0,14.03,16.4,18.0,4.199999999999999,8.0,74.0,79.67,91.0,0.0,1021.8,22.67,8.172
2016-08-10,10,70.13326800647667,42.06502004335399,11.5,9.1,14.53,17.0,17.2,5.5,8.1,66.0,81.33,92.0,2.0,1024.83,20.0,7.668
2016-08-11,6,67.75806411307849,47.25414011205556,11.0,11.0,13.6,17.4,17.6,6.399999999999999,6.600000000000001,70.0,84.67,93.0,0.2,1025.77,16.67,6.12
2016-08-12,11,69.64939135080412,45.027999351988974,10.8,10.0,14.53,20.4,21.1,9.599999999999998,11.100000000000001,57.0,83.33,98.0,0.0,1023.53,21.33,6.012
2016-08-13,10,75.88829857315204,42.743031734691975,12.6,9.0,17.03,23.8,23.8,11.200000000000001,14.8,47.0,76.0,95.0,0.0,1017.53,16.67,6.012
2016-08-14,12,81.4901028561514,49.53782655203762,14.2,11.6,18.5,25.7,26.1,11.5,14.500000000000002,45.0,71.33,87.0,0.0,1013.47,27.0,4.572
2016-08-15,6,76.61828175672495,52.610706952986526,15.0,13.5,18.7,23.8,24.2,8.8,10.7,66.0,77.33,91.0,0.0,1008.9,22.67,6.9479999999999995
2016-08-16,6,77.06442246534402,57.85712575977263,16.8,15.5,20.6,24.0,24.2,7.199999999999999,8.7,59.0,72.0,80.0,0.0,1009.93,16.67,5.4
2016-08-17,8,71.07384434040927,56.40784802344697,16.2,14.7,17.63,19.8,21.4,3.6000000000000014,6.699999999999999,68.0,80.33,94.0,16.3,1009.83,21.33,4.680000000000001
2016-08-18,10,73.25044320739227,39.7504900791121,11.4,7.3,16.37,21.2,21.4,9.799999999999999,14.099999999999998,41.0,73.0,89.0,0.1,1020.1,25.67,4.788
2016-08-19,5,74.76317865725466,47.92329430006429,12.2,11.8,14.4,16.8,16.8,4.600000000000001,5.0,67.0,73.67,80.0,0.0,1017.73,14.0,8.748000000000001
2016-08-20,6,60.14690029052139,51.25276324807591,14.4,12.8,15.0,15.9,15.9,1.5,3.0999999999999996,95.0,95.67,96.0,8.6,1012.6,15.33,6.372
2016-08-21,7,71.08331001128747,43.10260800112708,11.8,9.8,12.9,13.8,14.7,2.0,4.899999999999999,78.0,85.33,95.0,8.6,1022.27,20.0,9.0
2016-08-22,12,76.33370205265604,35.86628455657393,9.8,6.2,12.33,17.2,17.1,7.399999999999999,10.900000000000002,44.0,69.0,87.0,0.0,1026.97,19.67,6.732
2016-08-23,9,75.89861383000019,62.3402,10.8,6.0,14.43,21.3,22.5,10.5,16.5,40.0,63.0,77.0,0.0,1024.67,0.0,0.0
2016-08-24,7,79.61233504920006,63.57077000000001,11.9,7.1,16.93,25.2,25.5,13.299999999999999,18.4,41.0,61.0,77.0,0.0,1021.8,0.0,0.0
2016-08-25,10,83.98937802796574,46.024527929618,15.4,10.4,19.13,26.2,27.0,10.799999999999999,16.6,49.0,70.33,81.0,0.0,1018.53,18.33,5.867999999999999
2016-08-26,6,110.47952675533037,53.104259185121784,18.0,12.9,23.3,32.5,32.6,14.5,19.700000000000003,44.0,73.33,96.0,0.0,1015.03,24.33,3.6
2016-08-27,9,105.82144189440021,64.42593111441309,22.9,18.4,26.77,32.8,33.0,9.899999999999999,14.600000000000001,46.0,64.0,77.0,0.0,1012.5,21.33,5.4
2016-08-28,11,78.66612061661418,63.08023895870197,20.0,18.0,22.3,25.0,25.0,5.0,7.0,74.0,76.33,78.0,0.0,1011.53,19.67,6.732
2016-08-29,9,61.318382255660865,61.439162064104046,17.8,17.1,18.53,19.4,19.4,1.5999999999999979,2.299999999999997,92.0,95.33,98.0,15.100000000000001,1015.77,10.67,5.508
2016-08-30,8,77.43169356420071,63.06174252262158,19.0,17.5,21.13,24.2,24.7,5.199999999999999,7.199999999999999,68.0,84.33,94.0,7.1000000000000005,1012.47,15.33,3.8520000000000003
2016-08-31,5,67.92586163548808,56.91342572693794,15.9,15.4,17.53,18.9,21.2,2.9999999999999982,5.799999999999999,82.0,88.0,94.0,20.3,1012.03,21.33,7.2
2016-09-01,11,72.66615510638404,58.08487300571356,16.5,14.5,18.43,20.6,22.3,4.100000000000001,7.800000000000001,68.0,79.0,94.0,0.2,1020.97,3.0,1.9080000000000001
2016-09-02,3,68.31843500918228,51.27049146921169,14.8,12.9,15.73,17.4,18.2,2.599999999999998,5.299999999999999,80.0,83.33,87.0,0.0,1024.13,15.33,6.84
2016-09-03,3,61.87857182892492,56.162208966004684,15.4,14.5,15.8,16.2,16.5,0.7999999999999989,2.0,91.0,93.33,95.0,4.4,1024.7,12.0,4.32
2016-09-04,6,59.66775573738025,57.225233952492,15.1,14.7,15.93,17.3,17.5,2.200000000000001,2.8000000000000007,93.0,95.67,98.0,22.4,1022.93,6.0,3.3480000000000003
2016-09-05,2,72.12018975158598,72.74411,16.6,15.3,18.47,22.2,23.3,5.599999999999998,8.0,78.0,90.33,97.0,0.5,1019.77,0.0,0.0
2016-09-06,10,73.58579238227188,46.76754263742102,13.3,12.3,15.7,17.2,17.2,3.8999999999999986,4.899999999999999,51.0,75.0,98.0,29.3,1015.7,24.33,17.28
2016-09-07,8,78.07658915052033,44.965543977462154,12.0,11.7,13.4,15.2,15.7,3.1999999999999993,4.0,66.0,70.67,76.0,0.5,1015.37,30.33,18.720000000000002
2016-09-08,9,73.5397319936495,47.496714200856395,14.9,12.1,16.73,19.7,19.8,4.799999999999999,7.700000000000001,62.0,70.67,75.0,0.0,1019.7,28.67,12.24
2016-09-09,7,77.08879541425648,46.77948042361825,15.1,10.4,18.57,24.0,24.2,8.9,13.799999999999999,50.0,71.67,87.0,0.0,1022.1,28.67,4.680000000000001
2016-09-10,7,86.60437432255159,50.69185576494435,16.2,11.8,20.13,27.6,27.6,11.400000000000002,15.8,46.0,73.67,88.0,0.0,1022.17,24.33,3.6
2016-09-11,6,78.91799725802092,49.02846322602184,17.8,12.0,20.93,24.9,25.1,7.099999999999998,13.100000000000001,66.0,77.33,85.0,0.0,1019.27,18.33,7.2
2016-09-12,11,106.30894180854389,52.04330182931328,16.6,13.3,22.47,31.8,31.8,15.2,18.5,51.0,74.0,88.0,0.0,1010.27,12.33,7.2
2016-09-13,7,88.11201747759667,59.717377024533725,18.1,17.3,20.13,22.9,27.4,4.799999999999997,10.099999999999998,66.0,84.33,98.0,32.3,1003.47,26.0,14.4
2016-09-14,2,77.51355492019204,48.98774190902317,14.2,13.5,16.13,18.6,18.6,4.400000000000002,5.100000000000001,52.0,58.0,61.0,0.0,1009.7,28.67,21.708000000000002
2016-09-15,4,76.121740844524,46.0996510015869,14.1,11.7,16.0,18.9,19.3,4.799999999999999,7.600000000000001,52.0,62.0,70.0,0.0,1017.73,27.0,13.788
2016-09-16,13,76.07494894317949,39.90915776916398,12.6,8.4,16.53,22.8,23.6,10.200000000000001,15.200000000000001,55.0,71.33,83.0,0.0,1020.63,13.67,8.748000000000001
2016-09-17,9,88.62942201676807,46.611449213787175,13.9,11.6,19.5,27.6,28.4,13.700000000000001,16.799999999999997,49.0,70.0,85.0,0.0,1015.63,19.67,11.16
2016-09-18,6,75.31190295123824,54.91052712266456,15.4,14.7,19.73,23.2,23.4,7.799999999999999,8.7,60.0,74.67,88.0,0.0,1014.8,19.67,8.28
2016-09-19,5,72.17125451509389,53.97202616743968,15.2,14.3,16.4,17.4,18.4,2.1999999999999993,4.099999999999998,58.0,75.67,86.0,0.0,1019.4,21.33,8.28
2016-09-20,7,73.71138092377521,48.48701018188083,13.8,11.9,15.93,19.4,20.9,5.599999999999998,8.999999999999998,64.0,70.33,78.0,0.0,1022.93,25.67,7.920000000000001
2016-09-21,10,77.45699696425606,52.24078254429504,15.5,13.3,19.23,24.0,24.4,8.5,11.099999999999998,47.0,72.0,89.0,0.0,1023.33,10.67,6.732
2016-09-22,8,80.95329007435367,49.04878090055994,16.6,12.3,20.3,25.8,26.0,9.2,13.7,51.0,67.33,82.0,0.0,1020.27,24.33,8.892000000000001
2016-09-23,9,74.1556269085305,48.97052434794454,18.2,12.3,18.57,19.2,21.4,1.0,9.099999999999998,62.0,69.33,75.0,0.0,1019.87,18.33,9.107999999999999
2016-09-24,8,76.18486656807593,47.45187450412895,13.7,11.6,15.53,18.8,18.8,5.100000000000001,7.200000000000001,47.0,63.33,76.0,0.0,1022.77,19.67,8.748000000000001
2016-09-25,14,76.1544802875589,45.90508524399062,13.2,10.6,14.4,15.8,16.5,2.6000000000000014,5.9,66.0,71.67,78.0,0.0,1022.7,19.67,6.9479999999999995
2016-09-26,11,72.22208065925359,42.59144574692968,12.6,9.2,15.73,21.2,21.4,8.6,12.2,58.0,76.67,88.0,0.0,1020.9,16.67,7.092
2016-09-27,8,76.93948088560003,43.66591695035139,13.2,10.1,16.77,23.4,24.0,10.2,13.9,43.0,69.0,82.0,0.0,1020.63,14.0,9.360000000000001
2016-09-28,11,84.75369984278504,48.15034332238164,14.6,11.6,19.07,26.6,27.3,12.000000000000002,15.700000000000001,48.0,69.33,80.0,0.0,1017.13,26.0,7.092
2016-09-29,10,74.58887985047889,48.37279699612843,16.8,12.3,17.87,20.0,20.5,3.1999999999999993,8.2,50.0,66.67,76.0,0.1,1019.7,13.67,10.908
2016-09-30,7,75.52823413893438,42.998595496795346,13.7,9.8,17.17,21.4,22.2,7.699999999999999,12.399999999999999,49.0,64.33,73.0,0.0,1020.9,14.0,9.251999999999999
2016-10-01,12,76.62901748173596,49.801495138130534,14.9,13.2,18.6,22.4,23.7,7.499999999999998,10.5,54.0,67.33,80.0,0.0,1023.23,10.67,13.68
2016-10-02,9,81.90751036185594,51.050638087888565,16.0,13.2,20.03,25.9,26.4,9.899999999999999,13.2,51.0,67.0,75.0,0.0,1022.37,12.33,9.251999999999999
2016-10-03,11,79.61904332003206,53.95227095463402,17.2,14.7,20.27,23.8,25.4,6.600000000000001,10.7,57.0,68.0,76.0,0.0,1019.13,14.0,11.628
2016-10-04,9,72.6368048267322,56.17301609230333,17.0,15.7,18.83,21.7,22.1,4.699999999999999,6.400000000000002,64.0,78.0,86.0,0.0,1017.37,14.0,12.492
2016-10-05,11,75.38648875252782,51.92475867581828,16.3,14.1,18.87,21.2,23.3,4.899999999999999,9.200000000000001,62.0,73.0,83.0,0.0,1015.4,14.0,14.04
2016-10-06,7,69.76493710346622,53.10340329450239,15.7,14.7,17.37,19.4,19.9,3.6999999999999993,5.199999999999999,68.0,80.67,92.0,3.3,1011.93,14.0,15.48
2016-10-07,8,78.75893566000002,52.181749554890196,16.4,13.1,20.0,24.0,25.0,7.600000000000001,11.9,58.0,71.0,81.0,0.1,1013.83,9.33,5.867999999999999
2016-10-08,6,77.12655434058108,58.15181138726892,17.7,16.3,19.93,23.7,23.9,6.0,7.599999999999998,36.0,64.33,81.0,0.0,1013.5,22.67,10.188
2016-10-09,7,76.12296286797195,46.75810981572498,16.2,10.6,18.4,22.4,22.4,6.199999999999999,11.799999999999999,43.0,60.67,71.0,0.0,1021.27,21.0,5.4
2016-10-10,9,80.7242695161072,41.402154527226706,14.6,9.1,19.0,25.8,26.2,11.200000000000001,17.1,31.0,58.33,74.0,0.0,1022.7,10.67,9.107999999999999
2016-10-11,11,88.43653434382819,57.22370499094056,16.2,15.7,21.27,27.8,28.8,11.600000000000001,13.100000000000001,45.0,64.33,79.0,0.0,1016.77,15.33,8.388
2016-10-12,7,84.7680802373368,60.25990867278433,20.4,17.1,22.93,27.2,27.4,6.800000000000001,10.299999999999997,51.0,67.67,76.0,0.0,1013.27,24.33,9.360000000000001
2016-10-13,9,81.39394638657613,63.54117542326173,20.0,18.3,22.1,24.5,25.9,4.5,7.599999999999998,70.0,79.0,94.0,15.799999999999999,1008.17,22.67,7.5600000000000005
2016-10-14,7,79.19823610913281,61.921305617533456,20.6,17.7,22.67,25.2,25.2,4.599999999999998,7.5,65.0,77.33,87.0,0.0,1014.43,16.67,8.388
2016-10-15,8,95.15811364610666,59.81315502525472,18.8,16.9,23.43,28.8,29.7,10.0,12.8,60.0,73.33,83.0,0.0,1014.1,14.0,9.251999999999999
2016-10-16,9,82.12527706951607,68.01851777616858,21.0,20.0,21.67,22.6,25.9,1.6000000000000014,5.899999999999999,87.0,92.0,95.0,8.8,1008.57,20.0,5.508
2016-10-17,11,66.34865490273026,64.22172733728385,19.6,18.4,20.23,20.8,22.2,1.1999999999999993,3.8000000000000007,97.0,97.67,98.0,99.69999999999999,1011.13,3.33,6.012
2016-10-18,6,61.826213510398475,59.87805464996094,17.6,16.9,18.63,19.6,19.9,2.0,3.0,94.0,95.67,97.0,13.8,1013.87,9.0,9.0
2016-10-19,11,63.45229932891117,65.82081090415794,19.6,19.0,20.0,20.6,21.0,1.0,2.0,96.0,96.67,97.0,20.7,1009.7,18.33,5.292
2016-10-20,4,79.1880155368877,60.70784624244345,19.7,17.3,21.37,23.8,25.2,4.100000000000001,7.899999999999999,64.0,78.67,98.0,3.1,1009.8,22.67,9.468
2016-10-21,6,74.36307351769617,54.28803907087687,17.6,14.9,19.33,22.0,22.4,4.399999999999999,7.499999999999998,62.0,72.0,81.0,0.0,1017.37,19.67,12.24
2016-10-22,5,77.38608394057206,47.446777573893336,15.7,11.5,19.17,23.4,24.3,7.699999999999999,12.8,54.0,70.0,83.0,0.0,1020.53,14.0,8.172
2016-10-23,8,93.37285223934414,61.44761594440415,17.8,17.0,23.3,29.0,29.7,11.2,12.7,56.0,69.0,84.0,0.0,1016.57,7.67,4.932
2016-10-24,6,95.41029177614486,64.1072639893802,22.0,18.7,24.33,28.2,29.2,6.199999999999999,10.5,69.0,79.67,85.0,0.0,1013.97,20.0,9.107999999999999
2016-10-25,6,76.97715958076795,63.40262058556934,21.2,18.7,21.73,22.2,24.6,1.0,5.900000000000002,81.0,86.0,89.0,0.0,1014.2,12.33,12.852
2016-10-26,8,86.05490474000003,64.60353257920991,19.2,18.9,23.07,26.8,27.1,7.600000000000001,8.200000000000003,71.0,80.67,90.0,2.0,1009.23,10.67,9.0
2016-10-27,13,72.90089432606288,55.76773055755626,16.0,15.5,18.7,22.2,22.4,6.199999999999999,6.899999999999999,53.0,78.67,94.0,24.3,1004.9,28.67,12.132000000000001
2016-10-28,3,77.45032149892802,49.051509713315724,13.4,12.7,15.23,16.3,18.1,2.9000000000000004,5.400000000000002,54.0,61.0,66.0,0.0,1016.27,30.33,11.879999999999999
2016-10-29,5,75.99551932522346,44.3999982645534,13.8,10.2,18.0,22.8,23.3,9.0,13.100000000000001,54.0,68.33,82.0,0.0,1024.57,13.67,8.172
2016-10-30,5,82.633283039326,52.214822516042965,16.4,13.8,20.93,26.2,27.0,9.8,13.2,50.0,60.67,75.0,0.0,1020.83,11.0,10.08
2016-10-31,5,102.01590643209467,56.35094109364063,18.9,15.1,24.57,32.2,32.8,13.300000000000004,17.699999999999996,42.0,59.67,78.0,0.0,1012.27,27.33,6.84
2016-11-01,10,75.43462921452331,68.92601511576368,21.6,20.4,22.67,23.8,24.0,2.1999999999999993,3.6000000000000014,74.0,83.33,95.0,2.2,1007.33,14.0,5.508
2016-11-02,7,76.71944730098713,58.05442016323793,19.7,16.7,20.9,22.4,24.0,2.6999999999999993,7.300000000000001,44.0,71.67,86.0,15.8,1007.77,21.33,15.48
2016-11-03,7,76.5863030338075,44.7137360519475,17.0,10.4,18.67,21.8,22.0,4.800000000000001,11.6,42.0,54.67,61.0,0.0,1020.13,32.0,8.532
2016-11-04,9,83.43588499498343,47.909161790724916,17.2,11.2,20.93,27.2,27.9,10.0,16.7,29.0,52.67,65.0,0.0,1022.83,24.33,5.760000000000001
2016-11-05,12,91.12809366614181,49.61566266610835,20.7,12.3,24.27,30.6,31.3,9.900000000000002,19.0,32.0,48.67,58.0,0.0,1021.8,24.33,7.452
2016-11-06,7,94.43206061135425,60.985413394306484,20.6,16.9,24.93,31.0,31.2,10.399999999999999,14.3,41.0,57.67,70.0,0.0,1017.2,12.33,5.508
2016-11-07,10,113.9684127000001,62.301598076091295,22.6,17.9,27.73,34.4,35.0,11.799999999999997,17.1,43.0,61.0,81.0,0.0,1013.4,25.67,8.748000000000001
2016-11-08,7,99.43519452535536,63.53623705209475,23.8,18.1,26.57,30.9,31.1,7.099999999999998,13.0,59.0,68.67,81.0,0.0,1012.63,25.67,6.012
2016-11-09,2,79.43394619186836,68.24220362944487,22.4,20.2,23.3,24.6,25.3,2.200000000000003,5.100000000000001,81.0,88.0,94.0,2.9,1009.07,18.33,6.372
2016-11-10,8,97.4071755135197,64.40335202742762,21.2,18.6,23.9,28.0,29.5,6.800000000000001,10.899999999999999,66.0,80.67,94.0,32.3,1009.23,24.33,6.9479999999999995
2016-11-11,9,75.14227748319996,56.837897231596315,20.8,15.6,21.27,21.8,22.0,1.0,6.4,55.0,66.0,79.0,5.0,1011.8,15.33,8.892000000000001
2016-11-12,5,78.39571784483209,41.99423541638014,15.9,9.1,19.87,24.4,24.8,8.499999999999998,15.700000000000001,36.0,50.0,60.0,0.0,1017.93,12.33,7.812
2016-11-13,6,91.14517762986014,53.58033185128802,17.4,14.2,23.23,29.9,30.3,12.5,16.1,51.0,57.33,61.0,0.0,1014.23,14.0,8.748000000000001
2016-11-14,5,100.27327078791333,58.058819912673485,20.2,16.1,25.27,31.2,31.8,11.0,15.7,55.0,64.33,77.0,0.0,1010.43,22.67,8.748000000000001
2016-11-15,10,105.39416570177822,64.36379458411656,22.6,18.6,26.57,32.6,33.1,10.0,14.5,45.0,62.67,78.0,0.0,1006.77,18.33,7.092
2016-11-16,3,85.58830214492586,68.00154698935864,22.4,20.4,23.7,25.6,27.0,3.200000000000003,6.600000000000001,74.0,80.33,85.0,0.0,1006.2,19.67,9.828
2016-11-17,3,73.0148200604189,54.16285078367752,17.3,15.1,20.5,22.8,23.3,5.5,8.200000000000001,79.0,86.33,94.0,16.0,1011.47,17.0,15.120000000000001
2016-11-18,9,71.07384434040927,45.91570225212449,15.0,10.8,17.2,21.2,21.4,6.199999999999999,10.599999999999998,64.0,80.33,97.0,4.3,1018.87,25.67,7.920000000000001
2016-11-19,9,76.7965480203842,47.11375995831528,15.6,11.1,18.9,22.6,23.8,7.000000000000002,12.700000000000001,51.0,67.0,81.0,0.0,1019.3,17.0,6.84
2016-11-20,9,84.17707073258455,51.856324716103316,17.0,13.3,21.47,26.7,27.5,9.7,14.2,56.0,62.67,71.0,0.0,1014.5,15.33,7.668
2016-11-21,5,83.16760879467682,61.623692852304465,21.0,17.7,23.4,25.4,26.8,4.399999999999999,9.100000000000001,55.0,68.67,80.0,0.0,1012.77,19.67,9.612
2016-11-22,3,77.60743590294848,54.20748113486218,18.0,14.5,19.6,22.8,24.2,4.800000000000001,9.7,47.0,62.67,77.0,0.0,1016.6,24.33,9.0
2016-11-23,7,82.5889270310059,52.610706952986526,17.2,13.5,21.6,26.8,27.0,9.600000000000001,13.5,43.0,60.33,78.0,0.0,1014.7,21.33,6.9479999999999995
2016-11-24,1,85.56931010108795,51.02583657716053,19.4,13.1,23.33,28.2,28.8,8.8,15.700000000000001,48.0,53.0,56.0,0.0,1015.6,21.33,8.64
2016-11-25,7,95.96541448291225,61.41450308712052,19.6,17.4,24.93,30.6,31.2,11.0,13.8,49.0,61.0,78.0,0.0,1015.07,15.33,7.668
2016-11-26,5,116.50301340299211,66.77640802695944,21.8,19.7,27.03,33.4,34.0,11.599999999999998,14.3,57.0,70.33,82.0,0.0,1012.97,16.67,7.668
2016-11-27,9,104.57574844540987,73.09095287693304,25.4,22.3,26.9,27.8,31.3,2.400000000000002,9.0,70.0,75.67,79.0,2.6,1009.57,24.33,6.228
2016-11-28,10,77.75765374616552,67.64917876322934,22.5,19.9,23.37,24.3,24.8,1.8000000000000007,4.900000000000002,73.0,84.33,94.0,22.799999999999997,1011.93,16.67,6.012
2016-11-29,7,81.08579874208161,59.56525074972585,20.1,16.3,22.7,25.4,26.0,5.299999999999997,9.7,50.0,69.33,85.0,0.0,1017.77,12.0,5.652
2016-11-30,4,80.00139644134879,51.19665980077323,19.6,13.1,22.0,25.0,25.7,5.399999999999999,12.6,52.0,61.67,68.0,0.0,1021.53,14.0,8.172
2016-12-01,6,82.97837254459517,55.28661420185714,18.8,15.1,22.83,27.4,27.4,8.599999999999998,12.299999999999999,52.0,56.67,59.0,0.0,1019.53,14.0,10.188
2016-12-02,2,99.78098537202716,62.67183084239099,21.1,17.7,25.83,31.0,31.9,9.899999999999999,14.2,50.0,62.67,79.0,0.0,1015.47,24.33,5.867999999999999
2016-12-03,8,81.29663801670404,67.60648483646355,21.0,20.0,23.33,24.5,25.8,3.5,5.800000000000001,77.0,84.0,94.0,32.8,1009.33,19.67,7.092
2016-12-04,7,75.92073851910392,62.12805596921084,20.2,17.5,21.43,23.3,24.2,3.1000000000000014,6.699999999999999,69.0,84.0,95.0,13.299999999999999,1009.93,13.67,6.12
2016-12-05,5,87.80004264836799,55.895139464223405,19.7,15.0,23.3,28.0,28.1,8.3,13.100000000000001,59.0,71.0,83.0,0.0,1010.47,21.33,7.452
2016-12-06,3,100.54054804123837,60.391378388586475,21.8,16.7,25.77,31.9,32.2,10.099999999999998,15.500000000000004,38.0,61.67,82.0,0.0,1009.2,24.33,5.867999999999999
2016-12-07,5,92.53359630283202,69.9792466816379,26.0,21.2,26.93,28.8,30.3,2.8000000000000007,9.100000000000001,45.0,61.0,71.0,0.0,1009.8,15.33,9.360000000000001
2016-12-08,8,99.46730932261434,63.77211915536624,22.9,18.3,25.23,29.6,32.0,6.700000000000003,13.7,50.0,61.33,78.0,4.4,1009.43,15.33,6.732
2016-12-09,3,80.31332454086407,59.04630861031306,21.5,16.8,23.1,24.9,25.8,3.3999999999999986,9.0,53.0,64.0,78.0,0.0,1012.27,14.0,11.520000000000001
2016-12-10,6,101.79342577051833,65.29205527958197,19.9,19.1,25.23,30.8,32.0,10.900000000000002,12.899999999999999,57.0,65.33,71.0,0.0,1007.7,16.67,8.028
2016-12-11,6,105.72631024363739,71.55138690204892,27.1,21.8,29.3,33.6,33.8,6.5,11.999999999999996,39.0,58.33,76.0,0.0,1004.5,23.0,8.388
2016-12-12,5,106.92970711379213,63.68110249407733,22.0,18.4,26.63,33.0,33.8,11.0,15.399999999999999,44.0,60.0,69.0,0.0,1006.63,12.33,7.920000000000001
2016-12-13,6,106.16966850847443,70.2938665324948,26.4,21.2,29.2,33.0,33.4,6.600000000000001,12.2,45.0,61.67,76.0,0.0,1005.47,26.0,7.5600000000000005
2016-12-14,7,82.63453912513125,60.25990867278433,21.4,17.1,23.2,26.8,27.2,5.400000000000002,10.099999999999998,40.0,57.33,72.0,0.0,1014.4,21.33,9.360000000000001
2016-12-15,4,79.87981595680012,53.615940553478445,19.5,14.2,22.07,25.2,26.0,5.699999999999999,11.8,44.0,51.0,57.0,0.0,1022.43,12.33,8.64
2016-12-16,8,85.3322758869776,57.35730743260754,19.1,16.1,23.7,28.0,28.5,8.899999999999999,12.399999999999999,49.0,55.33,66.0,0.0,1022.57,10.67,11.520000000000001
2016-12-17,7,100.29627805000035,64.17557631436337,21.7,18.6,26.57,32.0,32.5,10.3,13.899999999999999,49.0,59.0,70.0,0.0,1016.67,18.33,7.812
2016-12-18,7,113.11039185640027,72.64041092586356,26.2,22.2,29.57,34.7,35.5,8.500000000000004,13.3,43.0,57.0,70.0,0.0,1011.97,25.67,7.452
2016-12-19,12,98.7953283218561,76.3169418585226,25.5,23.8,26.43,27.8,30.6,2.3000000000000007,6.800000000000001,62.0,72.0,83.0,4.2,1008.9,27.0,7.812
2016-12-20,6,103.60244138482538,72.7469376088431,25.0,22.2,27.1,30.0,32.2,5.0,10.000000000000004,47.0,66.67,79.0,0.0,1010.77,28.67,6.84
2016-12-21,10,112.20918345971207,69.76841419312328,25.2,20.9,27.8,32.3,33.2,7.099999999999998,12.300000000000004,57.0,71.0,80.0,0.0,1010.73,18.33,6.732
2016-12-22,5,121.70548541920016,71.80354431671284,25.4,21.9,29.67,35.0,36.0,9.600000000000001,14.100000000000001,48.0,63.0,76.0,0.0,1011.23,24.33,8.28
2016-12-23,8,115.60626711070016,77.22705933625772,25.6,24.2,29.63,34.0,34.5,8.399999999999999,10.3,50.0,66.0,84.0,6.5,1010.07,26.0,8.028
2016-12-24,1,104.7366926232004,72.64041092586356,26.8,22.2,28.67,30.6,32.0,3.8000000000000007,9.8,63.0,70.0,75.0,0.0,1011.07,20.0,7.452
2016-12-25,6,120.16499987540942,69.0056289546898,23.9,20.9,28.9,35.0,35.2,11.100000000000001,14.300000000000004,52.0,66.33,78.0,0.0,1010.0,13.67,11.052
2016-12-26,15,135.2227693230925,68.9536994385403,27.2,20.8,31.27,37.2,38.0,10.000000000000004,17.2,42.0,63.33,79.0,8.2,1004.5,25.67,9.828
2016-12-27,4,104.5191263389476,73.32290061726445,22.4,22.2,25.63,28.5,30.3,6.100000000000001,8.100000000000001,73.0,85.33,94.0,19.5,1009.9,19.67,4.212
2016-12-28,5,81.94016124927919,71.73889390768042,22.7,21.7,23.83,25.2,25.9,2.5,4.199999999999999,84.0,88.67,94.0,4.4,1013.53,9.33,6.12
2016-12-29,9,90.04679221013438,74.23462408143816,23.1,22.5,24.97,27.2,27.5,4.099999999999998,5.0,86.0,90.33,93.0,9.4,1013.17,4.67,3.3480000000000003
2016-12-30,6,124.56526726827336,71.83586393504831,22.5,21.4,26.97,33.3,33.5,10.799999999999997,12.100000000000001,64.0,82.33,95.0,2.3000000000000003,1010.4,9.33,3.3480000000000003
2016-12-31,9,102.93597974338104,75.42620090266044,25.0,22.8,26.87,30.0,30.2,5.0,7.399999999999999,68.0,83.67,94.0,28.6,1009.2,15.33,1.9080000000000001
2017-01-01,4,111.66647913282392,72.6885243790922,26.4,22.3,28.97,32.7,33.2,6.300000000000004,10.900000000000002,65.0,70.33,76.0,0.6,1008.43,28.67,8.64
2017-01-02,12,107.68425376099195,78.09416123992423,28.0,24.6,29.03,30.2,31.8,2.1999999999999993,7.199999999999999,68.0,76.0,83.0,0.0,1010.4,18.33,8.748000000000001
2017-01-03,8,122.61304050000017,74.15724812179084,25.2,22.6,29.6,34.8,35.0,9.599999999999998,12.399999999999999,56.0,70.0,83.0,0.0,1010.23,7.67,4.428
2017-01-04,8,115.98920388073601,67.814915257007,27.0,20.2,29.23,32.4,33.4,5.399999999999999,13.2,66.0,74.0,81.0,51.4,1006.9,19.67,8.28
2017-01-05,9,106.1354238138243,70.86504336148795,22.2,21.5,26.57,30.8,31.2,8.600000000000001,9.7,69.0,79.0,94.0,28.0,1008.77,18.33,8.28
2017-01-06,7,86.61406510366584,70.78623134731004,23.8,21.6,25.2,27.0,27.4,3.1999999999999993,5.799999999999997,64.0,77.33,94.0,10.8,1014.97,14.0,10.332
2017-01-07,9,94.60229838711581,70.66686382516315,22.6,21.1,24.97,29.0,29.4,6.399999999999999,8.299999999999997,59.0,75.33,87.0,0.0,1014.7,9.33,4.932
2017-01-08,7,113.53256433732686,75.68706348336818,25.4,23.3,28.97,33.6,33.8,8.200000000000003,10.499999999999996,54.0,68.33,76.0,0.0,1010.1,15.33,4.572
2017-01-09,6,99.69944770729388,73.08808354321195,27.8,22.4,28.87,30.4,30.4,2.599999999999998,8.0,68.0,75.67,82.0,7.6,1006.7,21.33,7.5600000000000005
2017-01-10,4,94.40559549701644,72.12728911640534,23.0,21.8,26.17,28.5,29.0,5.5,7.199999999999999,70.0,79.67,95.0,28.5,1006.23,26.0,5.4
2017-01-11,4,104.1181343121663,73.49882368041966,24.0,22.6,26.47,31.0,31.0,7.0,8.399999999999999,53.0,77.67,95.0,16.6,1011.9,15.33,7.920000000000001
2017-01-12,7,99.02150880742731,67.55344253290289,23.2,19.9,26.5,30.7,30.9,7.5,11.0,49.0,69.67,86.0,0.0,1015.2,14.0,6.372
2017-01-13,7,111.32469361964813,63.63424087558533,23.0,18.5,27.27,33.0,34.0,10.0,15.5,54.0,64.33,77.0,0.0,1012.0,26.0,9.107999999999999
2017-01-14,8,102.43764149242983,75.61168308625864,28.0,23.4,28.7,29.8,31.4,1.8000000000000007,8.0,69.0,71.33,75.0,0.0,1008.9,16.67,6.228
2017-01-16,6,107.45432899105504,70.77982520790354,26.2,21.4,27.9,30.0,31.8,3.8000000000000007,10.400000000000002,72.0,75.67,83.0,0.0,1007.63,14.0,7.452
2017-01-17,3,106.24466067964808,70.02005291181601,21.8,21.2,24.8,30.4,30.6,8.599999999999998,9.400000000000002,61.0,85.0,98.0,40.0,1004.4,24.0,9.107999999999999
2017-01-18,4,103.69288211690515,74.3861700784747,26.3,23.2,28.3,31.4,31.6,5.099999999999998,8.400000000000002,63.0,71.67,78.0,0.0,1007.63,21.0,12.6
2017-01-19,11,91.07670186044808,64.58028710317507,24.8,18.9,26.57,29.2,29.4,4.399999999999999,10.5,55.0,66.0,77.0,0.0,1016.17,14.0,9.107999999999999
2017-01-20,3,92.95659916700825,65.09653530709753,22.8,19.2,26.0,29.4,30.2,6.599999999999998,11.0,51.0,63.0,74.0,0.0,1019.03,14.0,10.08
2017-01-21,9,92.42817677655155,65.55357078291603,23.0,19.4,26.0,28.6,29.5,5.600000000000001,10.100000000000001,59.0,68.67,78.0,0.0,1018.03,14.0,10.188
2017-01-22,5,101.91846140213585,67.90007330110919,23.5,20.4,26.77,30.2,31.9,6.699999999999999,11.5,59.0,66.33,75.0,0.0,1014.37,14.0,10.44
2017-01-23,6,109.63653009000025,72.6721565105714,24.8,22.4,27.67,30.8,32.5,6.0,10.100000000000001,60.0,73.0,82.0,0.0,1013.03,12.33,10.548
2017-01-24,4,110.47421947292807,72.70438079898416,25.2,22.3,28.57,32.9,33.6,7.699999999999999,11.3,51.0,66.0,84.0,0.0,1010.6,27.33,8.532
2017-01-25,6,98.65063819731833,71.20208467141629,23.8,21.8,26.87,30.3,30.5,6.5,8.7,57.0,72.67,87.0,1.8,1009.17,27.33,10.8
2017-01-26,6,91.21913070772581,68.10029152821157,22.0,20.3,23.33,26.0,28.5,4.0,8.2,61.0,77.33,94.0,4.6,1012.4,16.67,8.028
2017-01-27,6,85.13777458831622,62.78793901392471,21.8,17.5,23.67,27.2,27.9,5.399999999999999,10.399999999999999,48.0,62.0,74.0,1.6,1017.53,22.67,4.428
2017-01-28,11,90.98266810529563,61.57118935712765,22.0,17.2,25.3,29.3,29.5,7.300000000000001,12.3,54.0,64.67,74.0,0.0,1019.4,19.67,5.760000000000001
2017-01-29,12,105.17906534719818,69.22782996263702,23.5,20.7,26.53,30.4,32.0,6.899999999999999,11.3,62.0,70.67,78.0,0.0,1018.93,10.67,7.092
2017-01-30,8,116.53156864067017,73.57070378484357,25.6,22.6,28.8,32.4,34.4,6.799999999999997,11.799999999999997,51.0,67.67,82.0,0.0,1017.23,19.67,7.452
2017-01-31,6,108.3974979118384,74.86509207147304,26.6,23.1,28.47,31.6,32.5,5.0,9.399999999999999,65.0,71.33,75.0,0.0,1014.57,12.0,6.588
2017-02-01,3,104.7379995558622,74.48484760438598,23.3,22.9,25.9,27.9,31.0,4.599999999999998,8.100000000000001,68.0,78.67,91.0,5.0,1011.17,15.33,6.12
2017-02-02,3,108.89053147750035,75.41820931325124,25.6,23.2,28.1,31.9,32.5,6.299999999999997,9.3,59.0,72.0,82.0,0.0,1007.23,24.0,4.788
2017-02-03,2,112.65141133822057,74.03585021433358,26.8,22.8,27.63,28.2,32.2,1.3999999999999986,9.400000000000002,78.0,79.33,81.0,3.7,1007.63,20.0,7.452
2017-02-04,7,121.42033265117713,72.43473050036164,26.4,21.8,30.07,35.1,35.4,8.700000000000003,13.599999999999998,47.0,66.33,83.0,0.0,1008.9,10.67,4.212
2017-02-05,6,104.08581933040013,80.24194806124578,26.4,25.5,28.4,31.4,32.0,5.0,6.5,59.0,69.0,76.0,0.0,1007.3,26.0,8.388
2017-02-06,4,84.92659757520977,70.66040327565567,23.0,21.6,25.57,27.6,27.8,4.600000000000001,6.199999999999999,49.0,62.33,70.0,0.0,1010.4,28.67,11.268
2017-02-07,5,89.69436397046411,62.044815629686916,22.5,17.7,24.3,27.2,29.2,4.699999999999999,11.5,57.0,64.0,68.0,0.0,1013.2,22.67,7.920000000000001
2017-02-08,4,88.51903937516067,62.06588817812364,21.8,17.8,25.1,28.8,29.0,7.0,11.2,51.0,62.33,74.0,0.0,1014.5,16.67,8.748000000000001
2017-02-09,9,106.64247226054033,68.23528625954134,23.2,20.4,27.8,33.0,33.4,9.8,13.0,51.0,62.33,71.0,0.0,1013.47,19.67,8.532
2017-02-10,3,114.42432781999003,74.54043434758808,25.6,23.1,29.2,34.0,34.4,8.399999999999999,11.299999999999997,51.0,65.33,79.0,0.0,1011.97,11.0,8.892000000000001
2017-02-11,7,83.12491303514749,73.59003998247695,23.4,22.4,25.1,26.0,26.3,2.6000000000000014,3.900000000000002,75.0,82.67,91.0,2.4,1010.83,10.67,4.932
2017-02-12,6,114.37421533046002,72.90460428301247,23.0,22.2,26.03,30.8,32.1,7.800000000000001,9.900000000000002,65.0,82.33,95.0,2.5,1007.57,15.33,6.012
2017-02-13,7,106.24466067964808,73.7275682807206,25.2,22.8,26.93,28.0,30.6,2.8000000000000007,7.800000000000001,82.0,85.0,91.0,4.3,1007.4,15.33,9.72
2017-02-14,3,96.13553155041815,74.95089488369004,23.2,23.2,26.0,28.0,29.1,4.800000000000001,5.900000000000002,73.0,82.67,95.0,5.3,1011.27,6.33,7.5600000000000005
2017-02-15,7,129.77917328416112,74.95512075278,23.5,22.8,26.63,28.4,34.4,4.899999999999999,11.599999999999998,75.0,80.67,90.0,12.1,1016.03,27.33,3.132
2017-02-16,11,132.7861513147842,72.88304128130773,25.6,22.2,29.57,34.4,35.8,8.799999999999997,13.599999999999998,54.0,74.0,92.0,1.4,1014.57,27.33,6.12
2017-02-17,5,104.94462662160007,71.73600795057754,22.4,21.8,26.33,30.6,31.0,8.200000000000003,9.2,64.0,79.0,94.0,8.3,1012.23,22.67,7.308
2017-02-18,5,125.28883289336477,75.54332590952146,27.0,23.2,30.73,35.8,36.0,8.799999999999997,12.8,49.0,66.33,83.0,0.0,1010.67,22.67,4.212
2017-02-19,10,121.95193241482777,77.29187522076361,26.8,24.2,30.0,34.2,34.9,7.400000000000002,10.7,62.0,70.0,75.0,0.5,1013.47,8.0,7.452
2017-02-20,8,130.63908395151986,75.98741096797288,24.3,23.4,28.37,34.6,34.8,10.3,11.399999999999999,52.0,78.67,96.0,3.9,1016.53,13.67,4.212
2017-02-21,9,115.11511710691195,79.81598319090496,28.0,25.2,29.93,33.0,33.4,5.0,8.2,61.0,73.0,81.0,0.0,1015.83,24.33,5.508
2017-02-22,6,108.49443503023728,73.66096312941264,25.2,22.5,27.4,29.4,31.4,4.199999999999999,8.899999999999999,73.0,80.67,95.0,1.2,1012.93,16.67,5.652
2017-02-23,5,105.12830444694401,70.97268145813774,24.8,21.5,28.13,31.4,32.2,6.599999999999998,10.700000000000003,50.0,69.0,80.0,0.0,1011.67,32.0,7.668
2017-02-24,8,111.16491397000016,76.03205691503254,26.6,23.6,28.2,30.8,32.5,4.199999999999999,8.899999999999999,66.0,75.0,85.0,0.0,1010.73,21.33,6.48
2017-02-25,1,108.85551119540784,74.969558756847,25.9,23.0,28.1,30.6,32.2,4.700000000000003,9.200000000000003,64.0,74.33,81.0,0.0,1011.47,15.0,4.788
2017-02-26,4,108.4783820445892,73.48274433808493,26.0,22.6,28.6,31.8,32.6,5.800000000000001,10.0,54.0,70.67,82.0,0.0,1012.6,14.0,8.028
2017-02-27,8,111.78757678083727,71.37656715161276,25.4,21.7,28.23,32.5,33.5,7.100000000000001,11.8,54.0,68.33,79.0,0.0,1011.7,10.67,8.028
2017-02-28,7,114.7178665173442,70.02005291181601,25.2,21.2,28.33,33.2,34.0,8.000000000000004,12.8,51.0,68.33,82.0,0.0,1007.2,27.33,9.107999999999999
2017-03-01,6,104.96957946833102,78.17392900724934,25.6,24.6,27.97,30.7,31.6,5.099999999999998,7.0,59.0,73.67,82.0,0.1,1005.27,21.0,7.920000000000001
2017-03-02,8,120.28738542633623,77.35213877583351,27.6,24.2,30.33,35.4,35.6,7.799999999999997,11.400000000000002,49.0,64.0,75.0,0.0,1007.67,24.33,6.9479999999999995
2017-03-03,3,125.2133890624143,78.01729594997808,27.6,24.5,31.13,36.0,36.1,8.399999999999999,11.600000000000001,52.0,65.67,79.0,0.0,1008.97,26.0,7.2
2017-03-04,4,102.82211993395885,75.68861784241048,25.0,23.4,26.27,27.6,30.0,2.6000000000000014,6.600000000000001,78.0,85.67,94.0,4.2,1007.97,16.67,5.760000000000001
2017-03-05,5,86.51977128094107,74.52703623063276,23.6,23.1,24.93,26.0,26.9,2.3999999999999986,3.799999999999997,82.0,88.33,93.0,21.3,1008.8,15.33,9.0
2017-03-06,4,101.67927143440834,69.1710329813595,23.7,20.4,25.9,29.8,30.5,6.100000000000001,10.100000000000001,64.0,78.33,88.0,0.1,1013.6,12.33,4.680000000000001
2017-03-07,3,103.69288211690515,69.58372395511037,24.5,21.0,27.5,31.4,31.6,6.899999999999999,10.600000000000001,59.0,71.67,81.0,0.0,1014.6,14.0,8.892000000000001
2017-03-08,4,111.13774032746164,74.33677236402178,24.6,23.0,28.2,33.0,33.2,8.399999999999999,10.200000000000003,56.0,69.67,82.0,0.0,1013.73,11.0,8.64
2017-03-09,5,113.2791707402541,72.91162995601367,26.4,22.5,29.47,34.0,34.2,7.600000000000001,11.700000000000003,53.0,65.33,81.0,0.0,1007.53,28.67,10.548
2017-03-10,5,84.07559850881864,68.92601511576368,22.7,20.4,23.9,26.0,26.4,3.3000000000000007,6.0,76.0,87.67,96.0,52.099999999999994,1010.77,20.0,5.508
2017-03-11,5,91.65714519654367,60.9817854922149,22.5,17.3,24.43,27.2,28.8,4.699999999999999,11.5,60.0,74.67,89.0,0.0,1014.87,15.33,8.388
2017-03-12,12,73.52702682979209,69.52297109098478,22.0,21.0,22.8,23.2,23.6,1.1999999999999993,2.6000000000000014,78.0,88.0,97.0,75.39999999999999,1009.2,24.33,9.251999999999999
2017-03-13,5,79.60422067609564,54.51247511448623,18.6,14.1,21.27,24.0,25.4,5.399999999999999,11.299999999999999,47.0,67.33,91.0,0.5,1015.63,28.67,5.760000000000001
2017-03-14,5,88.87068420626625,55.517940469585966,18.9,13.7,22.2,28.7,28.9,9.8,15.2,43.0,64.67,76.0,0.0,1016.43,21.0,2.7720000000000002
2017-03-15,4,111.82155147250916,63.39827560048293,20.7,17.4,26.27,33.4,33.6,12.7,16.200000000000003,53.0,67.67,80.0,0.0,1013.9,6.33,2.8800000000000003
2017-03-16,11,84.49677664921612,66.61310693956924,23.3,19.4,24.97,26.4,26.6,3.099999999999998,7.200000000000003,81.0,84.0,87.0,8.5,1010.07,21.0,5.652
2017-03-17,5,79.21160013092336,53.37648274491595,18.4,14.3,20.47,23.4,25.2,5.0,10.899999999999999,55.0,71.67,89.0,1.3,1018.07,21.33,10.188
2017-03-18,6,79.18919727465914,51.94139481355836,18.5,13.3,20.63,24.6,25.2,6.100000000000001,11.899999999999999,58.0,67.33,76.0,0.0,1021.37,15.33,7.452
2017-03-19,6,84.36489151508785,58.269577196638345,19.4,16.3,22.47,26.1,26.9,6.700000000000003,10.599999999999998,60.0,75.0,84.0,0.0,1020.57,14.0,9.72
2017-03-20,7,85.34809318242341,62.949615303972756,20.6,18.2,22.97,26.2,27.3,5.599999999999998,9.100000000000001,60.0,72.67,80.0,0.0,1021.3,14.0,9.0
2017-03-21,4,92.51884475260792,63.695503914901316,20.9,18.2,24.5,29.2,29.4,8.3,11.2,50.0,70.0,82.0,0.0,1022.03,14.0,6.228
2017-03-23,14,88.01515719676271,69.56865953531,22.9,20.7,24.5,27.6,28.0,4.700000000000003,7.300000000000001,58.0,73.33,83.0,0.0,1017.0,17.0,5.652
2017-03-24,4,94.2870218218608,61.35272506408008,21.2,17.3,24.47,29.0,29.6,7.800000000000001,12.3,58.0,72.33,83.0,0.0,1015.0,21.33,7.092
2017-03-25,9,87.64684255486542,64.56695514251791,21.8,18.5,23.6,26.6,27.3,4.800000000000001,8.8,76.0,84.33,89.0,2.1,1015.63,9.33,5.652
2017-03-26,8,89.23148897679985,68.27622104871327,21.9,20.5,24.3,27.6,28.0,5.700000000000003,7.5,64.0,78.0,90.0,0.0,1015.47,12.33,9.612
2017-03-27,5,94.1459573975998,66.853786275456,22.3,19.8,24.37,27.8,29.0,5.5,9.2,65.0,79.0,87.0,0.0,1016.43,14.0,8.388
2017-03-28,6,89.6686900828481,63.161217761790475,21.4,18.3,24.2,27.4,28.6,6.0,10.3,55.0,71.0,87.0,0.0,1020.13,14.0,9.107999999999999
2017-03-29,6,85.84178363692823,62.853745247438745,22.0,18.3,24.1,27.2,27.6,5.199999999999999,9.3,56.0,70.0,82.0,0.0,1020.77,14.0,10.548
2017-03-30,9,88.20002382859833,61.3197283009793,21.0,17.3,24.07,27.5,28.7,6.5,11.399999999999999,52.0,64.67,75.0,0.0,1018.77,11.0,7.2
2017-03-31,7,84.93234182152965,60.53947570844541,20.1,17.3,23.37,27.2,27.6,7.099999999999998,10.3,50.0,65.33,83.0,0.0,1020.7,12.33,10.188
2017-04-01,6,86.66875768656276,62.658472955364495,21.0,18.2,23.4,26.7,28.1,5.699999999999999,9.900000000000002,50.0,66.33,75.0,0.0,1023.47,14.0,10.332
2017-04-02,6,89.19035910479752,61.14774112723967,21.0,17.7,23.97,27.3,28.5,6.300000000000001,10.8,63.0,70.67,79.0,0.0,1019.83,12.33,11.879999999999999
2017-04-03,8,101.64727276108827,66.17592033981893,21.7,19.3,25.4,31.2,31.4,9.5,12.099999999999998,50.0,70.0,84.0,0.0,1015.17,18.33,6.372
2017-04-04,6,102.31517659387812,69.34130933563765,22.0,20.6,24.77,29.2,31.0,7.199999999999999,10.399999999999999,55.0,74.67,88.0,0.0,1012.53,18.33,5.652
2017-04-05,6,91.09796412508801,76.06999766977239,23.8,23.6,25.87,28.6,28.8,4.800000000000001,5.199999999999999,60.0,73.0,81.0,0.0,1009.9,24.33,6.228
2017-04-06,7,87.03410271491528,68.58996308724849,22.4,20.5,25.0,27.6,27.8,5.200000000000003,7.300000000000001,58.0,72.33,81.0,0.0,1013.57,22.67,7.920000000000001
2017-04-07,8,91.78475888387202,59.405506857036045,20.8,16.7,23.93,28.4,29.4,7.599999999999998,12.7,58.0,68.0,76.0,0.0,1015.93,14.0,9.0
2017-04-08,5,92.05231916106447,69.90585188772197,22.4,21.2,24.73,27.2,29.0,4.800000000000001,7.800000000000001,69.0,73.33,77.0,0.0,1015.6,12.33,9.828
2017-04-09,9,82.85402492598386,74.30213835679407,24.0,22.8,25.13,25.8,26.2,1.8000000000000007,3.3999999999999986,80.0,84.0,89.0,1.0,1015.8,15.33,5.867999999999999
2017-04-10,6,105.92039663536595,72.8617955851762,23.0,22.2,25.87,30.6,31.2,7.600000000000001,9.0,61.0,78.67,95.0,1.5,1012.53,8.0,6.228
2017-04-11,12,79.2123847585245,59.86929055126402,18.4,17.1,22.53,25.0,25.2,6.600000000000001,8.099999999999998,52.0,73.67,87.0,26.299999999999997,1013.23,27.0,11.052
2017-04-12,5,75.96137846996805,57.31457065316636,19.6,15.5,20.77,22.4,22.9,2.799999999999997,7.399999999999999,51.0,65.0,74.0,0.0,1020.7,21.0,6.732
2017-04-13,8,81.71154283505592,49.18647995844995,15.8,11.9,19.2,26.0,26.2,10.2,14.299999999999999,53.0,70.67,82.0,0.0,1020.5,10.67,6.372
2017-04-14,5,79.19823610913281,60.30479038961015,19.0,16.6,21.03,24.9,25.2,5.899999999999999,8.599999999999998,67.0,77.33,83.0,0.0,1017.77,14.0,5.508
2017-04-15,6,76.2842593638614,66.95151370362437,20.3,19.5,21.9,23.6,24.4,3.3000000000000007,4.899999999999999,82.0,86.33,91.0,0.0,1017.87,10.67,5.292
2017-04-16,7,67.9997342304459,63.800345868170616,19.5,18.5,20.57,21.2,21.4,1.6999999999999993,2.8999999999999986,82.0,88.67,94.0,8.1,1017.2,14.0,8.388
2017-04-17,3,78.59936093999994,57.08050095940124,19.0,15.8,21.53,24.8,25.0,5.800000000000001,9.2,62.0,79.0,94.0,0.2,1019.83,15.33,9.72
2017-04-18,7,77.26162213969967,59.072697194212076,18.5,16.7,20.6,23.6,24.6,5.100000000000001,7.900000000000002,69.0,82.33,90.0,0.0,1020.13,14.0,10.332
2017-04-19,7,93.42276943301347,60.77917697386845,19.4,17.1,22.6,28.0,29.2,8.600000000000001,12.099999999999998,56.0,74.67,84.0,0.0,1017.17,12.33,7.452
2017-04-20,4,87.19961395919988,64.19942058494271,21.6,18.3,23.73,27.6,28.0,6.0,9.7,61.0,70.0,77.0,0.0,1011.9,15.33,5.4
2017-04-21,5,87.74460556679922,59.46444300664611,22.2,16.5,22.93,24.0,27.4,1.8000000000000007,10.899999999999999,77.0,82.67,87.0,0.1,1008.57,19.67,7.2
2017-04-22,7,79.48257293790422,61.38639164275934,17.0,16.3,19.6,24.1,25.3,7.100000000000001,9.0,51.0,77.0,94.0,11.7,1016.5,15.33,2.4120000000000004
2017-04-23,4,79.21274475302815,48.72076544822232,16.9,12.0,19.8,24.9,25.2,8.0,13.2,59.0,72.67,81.0,0.0,1020.87,17.0,7.920000000000001
2017-04-24,3,68.6155417667519,57.17528156063779,17.1,15.1,18.23,19.8,20.8,2.6999999999999993,5.700000000000001,80.0,85.0,89.0,1.0,1017.93,21.33,4.932
2017-04-25,4,67.98784420239991,64.75903218896212,18.6,18.0,19.33,20.8,22.0,2.1999999999999993,4.0,86.0,92.0,96.0,8.1,1011.13,16.67,2.7720000000000002
2017-04-26,6,71.79797561355551,53.81045185243,18.8,15.1,19.17,19.7,19.9,0.8999999999999986,4.799999999999999,51.0,75.67,91.0,56.9,1006.37,22.67,17.028000000000002
2017-04-27,9,76.80511575064608,42.46031792248922,13.0,10.6,15.93,19.4,19.6,6.399999999999999,9.000000000000002,44.0,57.33,69.0,0.0,1016.83,27.0,17.532
2017-04-28,4,76.14960269173892,40.129137077872336,12.4,8.4,16.2,21.8,22.8,9.4,14.4,43.0,62.67,77.0,0.0,1022.47,27.0,8.28
2017-04-29,7,78.564857102605,44.5927431781581,13.0,9.3,17.23,24.7,24.9,11.7,15.599999999999998,47.0,69.67,82.0,0.0,1024.07,18.33,4.32
2017-04-30,8,84.04048212236586,46.90151067981006,13.8,9.8,18.77,26.8,27.0,13.0,17.2,47.0,70.67,86.0,0.0,1024.43,17.0,2.988
2017-05-01,9,77.35577879804775,47.621524139263975,13.1,10.4,17.97,23.2,24.6,10.1,14.200000000000001,63.0,81.0,99.0,0.0,1023.33,10.67,3.6
2017-05-02,7,90.90834186716823,57.031650105531554,17.0,14.3,20.77,27.8,28.6,10.8,14.3,54.0,75.0,89.0,0.0,1019.7,25.67,2.52
2017-05-03,3,87.97534922289336,59.31272579392762,20.0,15.7,22.53,27.6,27.8,7.600000000000001,12.100000000000001,61.0,76.33,87.0,0.0,1018.47,15.33,3.492
2017-05-04,7,74.82178475852321,63.61818489967716,19.0,17.9,21.13,23.8,24.0,4.800000000000001,6.100000000000001,77.0,87.67,98.0,2.9,1017.37,18.33,4.572
2017-05-05,7,78.31834750000023,60.79427591133833,18.4,16.9,20.7,24.8,25.0,6.400000000000002,8.100000000000001,71.0,87.0,96.0,0.2,1016.73,10.67,6.012
2017-05-06,7,83.73890378996448,63.095705774181674,19.0,18.2,21.57,26.0,26.4,7.0,8.2,66.0,84.67,94.0,0.0,1019.1,12.33,8.388
2017-05-07,10,99.8356323636962,61.5182817540268,19.9,17.7,22.8,28.5,30.1,8.600000000000001,12.400000000000002,58.0,79.0,92.0,0.0,1017.5,10.67,10.08
2017-05-08,4,90.79179743470982,61.73436734292114,20.2,17.1,22.77,27.9,28.7,7.699999999999999,11.599999999999998,50.0,73.33,91.0,0.0,1013.17,16.67,4.788
2017-05-09,11,73.30033414720127,61.66232024645268,19.6,17.4,21.2,22.2,23.0,2.599999999999998,5.600000000000001,76.0,81.67,91.0,0.0,1013.6,15.33,6.84
2017-05-10,3,74.07664986436336,54.40410309476513,16.4,14.3,18.83,22.4,22.6,6.0,8.3,57.0,74.67,85.0,0.6,1021.13,15.33,7.092
2017-05-11,8,71.31234998972808,42.57377086510868,11.7,9.7,15.57,20.4,20.8,8.7,11.100000000000001,58.0,78.0,92.0,0.0,1021.47,9.33,9.72
2017-05-12,3,65.32747911289982,55.2166841198971,15.6,14.5,16.47,17.0,18.8,1.4000000000000004,4.300000000000001,81.0,88.33,96.0,8.1,1016.47,10.67,6.228
2017-05-13,5,63.47897808305727,58.45953681185555,17.8,16.5,18.1,18.7,19.2,0.8999999999999986,2.6999999999999993,87.0,91.67,96.0,27.3,1010.73,21.0,10.908
2017-05-14,9,67.76652721748545,57.98829839692843,16.6,15.9,17.77,19.9,20.7,3.299999999999997,4.799999999999999,78.0,86.67,96.0,12.9,1009.93,31.67,7.452
2017-05-15,8,68.92645523353339,54.39260829325027,14.6,13.8,17.33,21.0,21.4,6.4,7.599999999999998,69.0,86.33,95.0,0.2,1016.2,27.33,4.680000000000001
2017-05-16,4,71.10216151196806,55.297353203464894,15.8,13.9,18.23,21.4,21.6,5.599999999999998,7.700000000000001,62.0,81.0,92.0,0.1,1018.63,13.67,3.6
2017-05-17,2,80.43589576405249,54.49941019669071,15.3,13.5,18.77,25.2,25.6,9.899999999999999,12.100000000000001,55.0,79.67,93.0,0.0,1018.17,13.67,3.492
2017-05-18,6,76.67529059054075,56.31631986335398,17.8,15.8,19.63,22.6,24.4,4.800000000000001,8.599999999999998,71.0,82.33,93.0,0.2,1015.23,12.33,12.96
2017-05-19,5,77.06864874637638,59.014386614121925,18.8,17.3,20.67,23.4,24.4,4.599999999999998,7.099999999999998,70.0,77.67,85.0,0.2,1009.7,9.0,19.08
2017-05-20,3,81.52934941680006,61.78354962456259,19.8,17.5,21.57,24.4,26.0,4.599999999999998,8.5,70.0,76.0,81.0,0.0,1012.3,9.0,7.2
2017-05-21,4,70.99554887938768,54.99518903460685,15.4,14.7,19.03,21.4,21.6,5.999999999999998,6.900000000000002,66.0,81.33,97.0,10.9,1014.17,22.67,8.028
2017-05-22,6,75.73351625680013,52.527779000204085,12.6,11.0,17.07,23.6,24.0,11.000000000000002,13.0,57.0,81.0,93.0,0.1,1019.27,10.67,0.9720000000000001
2017-05-23,5,67.87399957405249,55.20771132379697,14.6,13.6,16.8,19.4,20.4,4.799999999999999,6.799999999999999,83.0,85.67,91.0,0.0,1020.3,13.67,2.8800000000000003
2017-05-24,8,85.01726639703439,57.640927618877086,16.4,15.1,19.77,26.0,26.7,9.600000000000001,11.6,63.0,84.67,96.0,1.4,1016.5,25.67,4.068
2017-05-25,4,69.90835009411998,65.7600946543536,19.6,19.3,21.13,22.2,22.4,2.599999999999998,3.099999999999998,81.0,89.33,98.0,21.5,1014.0,19.67,8.028
2017-05-26,8,66.87852641984836,59.98006390213163,18.2,17.1,20.2,21.2,22.2,3.0,5.099999999999998,96.0,96.33,97.0,44.3,1013.33,17.0,10.548
2017-05-27,5,59.74874837570364,58.26858421910431,16.6,16.0,17.2,17.6,17.8,1.0,1.8000000000000007,95.0,95.67,96.0,33.7,1021.57,14.0,7.308
2017-05-28,10,63.87827470460813,57.764526882991,17.1,16.2,18.17,20.0,20.2,2.8999999999999986,4.0,91.0,93.0,95.0,13.100000000000001,1020.3,14.0,10.8
2017-05-29,6,67.3096942907032,59.10687711573951,17.8,16.7,19.03,20.4,21.0,2.599999999999998,4.300000000000001,81.0,88.67,95.0,2.7,1018.37,22.67,10.188
2017-05-30,10,60.88215326552094,57.779923571465254,16.0,15.2,16.9,17.7,18.0,1.6999999999999993,2.8000000000000007,90.0,94.33,99.0,0.7,1021.43,15.33,4.212
2017-05-31,5,62.611766028736156,55.930810259837834,15.6,14.9,16.0,16.2,17.6,0.5999999999999996,2.700000000000001,89.0,92.0,94.0,3.8,1018.97,12.33,6.732
2017-06-01,8,60.492627551204635,55.735116534102204,15.3,15.1,16.3,16.8,17.2,1.5,2.0999999999999996,92.0,94.67,96.0,69.8,1013.47,14.0,8.64
2017-06-02,13,70.73465784098724,51.57948050572999,15.6,13.1,17.33,20.8,21.2,5.200000000000001,8.1,58.0,80.67,95.0,1.5999999999999999,1018.97,24.33,7.2
2017-06-03,3,75.11319380848433,47.49822387343702,11.7,10.3,16.17,23.4,23.6,11.7,13.3,55.0,78.67,92.0,0.0,1018.63,7.67,3.492
2017-06-04,4,64.31595213819483,60.234450171241335,16.3,15.6,17.0,17.8,18.2,1.5,2.5999999999999996,85.0,89.67,96.0,5.9,1014.83,4.67,2.052
2017-06-05,12,65.86848541415458,56.799211222474206,16.6,14.9,17.0,17.6,18.4,1.0,3.4999999999999982,82.0,87.33,96.0,0.0,1014.97,14.0,4.788
2017-06-06,7,62.39404643260913,55.42722298010808,15.2,14.7,16.37,17.8,18.0,2.6000000000000014,3.3000000000000007,89.0,92.33,97.0,2.2,1015.07,17.0,6.84
2017-06-07,7,64.15440063999999,56.98061942847228,15.8,14.7,17.07,19.1,20.0,3.3000000000000007,5.300000000000001,87.0,92.0,96.0,2.1,1014.33,18.33,3.708
2017-06-08,9,61.975836240082785,56.09767230656177,16.6,15.3,17.5,18.5,19.4,1.8999999999999986,4.099999999999998,88.0,94.33,98.0,91.8,1006.23,24.33,9.0
2017-06-09,11,67.04822801945458,45.61421757135695,11.4,11.2,13.27,15.6,16.0,4.199999999999999,4.800000000000001,84.0,87.67,90.0,2.9,1014.87,28.67,11.268
2017-06-10,10,76.168357930338,42.953818713594586,11.2,10.6,13.27,17.2,17.4,6.0,6.799999999999999,55.0,68.33,79.0,0.0,1018.27,30.33,15.48
2017-06-11,9,72.42411140080026,42.21806813933556,10.3,8.4,14.57,19.8,21.0,9.5,12.6,55.0,75.0,93.0,0.0,1017.87,30.33,4.788
2017-06-12,13,67.79576000700509,46.036896220852086,11.4,9.4,14.27,19.6,20.6,8.200000000000001,11.200000000000001,68.0,86.33,98.0,0.0,1019.13,18.0,2.988
2017-06-13,6,69.67883331206015,51.008429359860415,12.8,11.7,15.67,20.7,21.4,7.899999999999999,9.7,65.0,84.33,95.0,0.1,1019.37,21.33,2.988
2017-06-14,8,63.547393567199876,50.15498634539205,12.6,11.8,14.2,16.4,17.0,3.799999999999999,5.199999999999999,81.0,91.0,97.0,0.1,1023.6,9.0,4.32
2017-06-15,7,77.21239001603197,50.34245581725882,12.7,11.6,17.33,24.1,24.6,11.400000000000002,13.000000000000002,61.0,83.0,97.0,0.0,1023.07,10.67,3.492
2017-06-16,8,82.21601980514627,54.070897661112745,16.1,14.0,19.87,26.0,26.2,9.899999999999999,12.2,54.0,76.67,88.0,0.0,1016.4,19.67,6.228
2017-06-17,11,90.5909045853761,57.70028154664688,17.3,15.5,21.5,28.4,28.6,11.099999999999998,13.100000000000001,50.0,74.0,90.0,0.0,1012.3,18.33,5.760000000000001
2017-06-18,12,80.92062954156395,44.54018329913974,15.1,10.3,18.37,20.2,25.7,5.1,15.399999999999999,81.0,84.0,89.0,0.0,1010.37,11.0,8.388
2017-06-19,9,80.82711622904347,40.009426010428726,9.1,8.4,10.53,12.0,13.0,2.9000000000000004,4.6,63.0,78.33,91.0,13.9,1022.87,27.0,8.532
2017-06-20,8,74.23524819230818,33.35524535663798,6.2,4.2,10.33,15.4,15.6,9.2,11.399999999999999,59.0,78.33,95.0,0.0,1027.9,21.33,4.212
2017-06-21,9,72.41293207758663,41.09644174832489,8.4,7.9,12.87,21.0,21.6,12.6,13.700000000000001,59.0,76.67,89.0,0.0,1026.4,11.0,4.788
2017-06-22,8,82.98236427258489,46.15715604460875,11.9,10.2,17.67,26.1,26.4,14.200000000000001,16.2,54.0,77.67,95.0,0.0,1020.1,12.33,4.932
2017-06-23,9,92.0015722302684,49.067145144846435,12.9,11.1,19.43,28.0,28.6,15.1,17.5,55.0,78.33,94.0,0.0,1021.53,21.33,3.708
2017-06-24,8,83.15310063976828,58.24346854530782,16.0,14.2,20.43,25.3,26.6,9.3,12.400000000000002,61.0,73.33,86.0,0.0,1021.9,7.67,1.332
2017-06-25,11,84.345738713374,55.0866806869383,16.2,14.3,20.63,26.7,27.0,10.5,12.7,47.0,72.67,86.0,0.1,1022.73,22.67,5.508
2017-06-26,4,76.30048731792735,49.41482231446888,14.2,11.8,18.93,23.6,23.8,9.400000000000002,12.0,53.0,72.33,89.0,0.0,1021.53,20.0,5.508
2017-06-27,12,87.39759106852793,50.77606832386152,15.6,12.4,19.6,27.2,27.9,11.6,15.499999999999998,47.0,72.33,87.0,0.0,1019.23,20.0,5.508
2017-06-28,11,87.31929763303644,57.06968028394071,17.4,15.1,21.2,27.4,27.9,10.0,12.799999999999999,51.0,72.0,84.0,0.0,1019.0,27.33,5.148
2017-06-29,9,83.80825556659336,58.09954369433499,16.9,15.8,20.23,26.4,26.6,9.5,10.8,56.0,78.67,90.0,0.0,1019.03,27.33,6.48
2017-06-30,9,66.81445585437922,54.041645809809275,16.2,14.1,17.87,19.6,20.3,3.400000000000002,6.200000000000001,80.0,87.67,94.0,6.4,1019.17,18.33,6.84
2017-07-01,8,71.48599423850526,47.45376087184482,12.1,11.0,14.57,17.2,18.0,5.1,7.0,53.0,77.67,91.0,0.0,1026.87,19.67,5.760000000000001
2017-07-02,7,70.37059793868424,36.31105117849935,8.2,5.9,11.87,16.2,17.6,8.0,11.700000000000001,69.0,80.33,94.0,0.0,1031.6,10.67,5.148
2017-07-03,11,71.656064649184,39.54407707047616,9.5,7.6,13.97,20.4,20.8,10.899999999999999,13.200000000000001,54.0,77.0,93.0,0.0,1031.87,12.33,6.012
2017-07-04,9,76.12006605366399,47.528414034141434,12.2,10.4,16.8,23.6,23.8,11.400000000000002,13.4,50.0,74.0,91.0,0.0,1028.57,7.67,3.708
2017-07-05,5,80.12468371575295,49.18283059139033,16.2,12.3,19.27,25.4,25.7,9.2,13.399999999999999,41.0,64.33,80.0,0.0,1026.47,14.0,8.532
2017-07-06,8,78.01449676741532,50.67456263624278,14.3,12.0,18.87,24.6,24.6,10.3,12.600000000000001,47.0,68.33,80.0,0.0,1024.97,21.0,4.212
2017-07-07,10,83.03426888900951,49.342307460888556,13.4,11.4,18.73,26.4,26.6,12.999999999999998,15.200000000000001,42.0,72.33,95.0,0.0,1024.57,11.0,4.212
2017-07-08,11,82.83969406392958,56.77518850842643,15.8,15.0,20.2,26.4,26.6,10.599999999999998,11.600000000000001,48.0,70.67,89.0,0.0,1023.6,15.33,5.292
2017-07-09,9,80.04770037900965,57.30292629461992,16.7,14.7,19.53,23.6,25.5,6.900000000000002,10.8,59.0,76.33,87.0,0.0,1022.37,16.67,3.24
2017-07-10,6,86.48754543751912,57.70484878693679,16.2,15.1,20.3,26.9,27.3,10.7,12.200000000000001,54.0,78.67,95.0,0.2,1021.6,8.0,3.9600000000000004
2017-07-11,3,68.6155417667519,59.54266538153075,17.6,16.1,18.67,20.6,20.8,3.0,4.699999999999999,73.0,85.0,92.0,0.0,1022.7,10.67,4.680000000000001
2017-07-12,11,84.0780857671001,57.80342528323644,16.4,15.9,20.03,26.3,26.5,9.900000000000002,10.6,65.0,84.0,94.0,0.9,1024.17,12.33,8.028
2017-07-13,10,90.79179743470982,54.75836953638336,15.8,14.3,21.2,28.5,28.7,12.7,14.399999999999999,39.0,73.33,96.0,0.0,1021.43,18.0,6.228
2017-07-14,5,85.61302517042033,57.13675010473198,17.8,15.0,21.8,27.6,27.9,9.8,12.899999999999999,47.0,64.33,80.0,0.0,1019.1,15.0,4.572
2017-07-15,9,87.2193945441118,61.623692852304465,19.7,17.7,22.83,28.5,28.7,8.8,11.0,38.0,61.0,80.0,0.0,1013.67,6.33,9.612
2017-07-16,7,76.40458677802181,66.53963994202331,16.4,19.5,20.73,23.0,23.4,6.600000000000001,3.8999999999999986,53.0,65.67,87.0,0.2,1012.23,18.33,6.732
2017-07-17,11,94.14693753532792,36.36750159824798,8.4,7.0,8.5,8.6,8.6,0.1999999999999993,1.5999999999999996,71.0,85.0,92.0,17.1,1025.5,22.67,9.251999999999999
2017-07-18,17,89.152786322368,24.25347045789011,4.7,2.9,8.07,12.2,12.4,7.499999999999999,9.5,46.0,66.0,78.0,0.0,1030.57,30.33,14.508000000000001
2017-07-19,4,78.65176275028493,28.168379691908278,4.0,2.2,8.87,15.2,15.9,11.2,13.7,48.0,68.33,87.0,0.0,1028.4,28.67,4.932
2017-07-21,13,71.04674063328687,36.18870461834641,7.9,6.3,12.77,19.6,20.0,11.700000000000001,13.7,49.0,77.67,95.0,0.0,1021.6,22.67,6.588
2017-07-22,13,71.92051830750913,36.92719729821209,8.0,6.0,13.63,20.9,21.4,12.899999999999999,15.399999999999999,56.0,77.67,94.0,0.0,1022.6,7.67,4.680000000000001
2017-07-24,4,96.49398000485246,51.4259086804206,16.3,12.8,21.43,30.1,30.9,13.8,18.099999999999998,39.0,64.67,79.0,0.0,1018.3,21.33,6.012
2017-07-25,8,84.61105300861243,59.44058040861896,18.4,16.4,22.27,26.7,27.2,8.3,10.8,60.0,70.33,77.0,0.0,1021.07,14.0,6.588
2017-07-27,9,78.02301876087955,56.67480103122973,16.2,15.0,19.47,24.6,24.9,8.400000000000002,9.899999999999999,66.0,85.67,98.0,0.1,1024.47,18.33,5.508
2017-07-28,10,82.07400092675206,51.89213527178585,14.8,13.1,19.43,26.0,26.2,11.2,13.1,47.0,75.0,94.0,0.2,1022.87,27.33,6.48
2017-07-29,11,84.07879432330398,53.89019487909407,16.8,13.9,20.97,27.0,27.4,10.2,13.499999999999998,39.0,63.67,76.0,0.0,1024.03,16.67,6.12
2017-07-30,8,86.35073249989085,55.33745574998252,16.9,14.1,21.57,27.8,28.0,10.900000000000002,13.9,51.0,66.33,81.0,0.0,1024.23,16.67,4.212
2017-07-31,9,85.88447292982563,55.42661725269786,16.4,14.1,21.2,27.4,27.4,11.0,13.299999999999999,53.0,73.67,87.0,0.0,1020.27,18.33,4.068
2017-08-01,4,87.85009302760281,56.050983038594005,16.6,14.6,21.2,27.5,28.0,10.899999999999999,13.4,48.0,72.67,91.0,0.0,1015.97,16.67,4.932
2017-08-02,6,72.12357611017602,58.383861164602884,17.4,16.1,19.47,21.2,21.4,3.8000000000000007,5.299999999999997,75.0,77.0,78.0,0.0,1015.97,18.33,7.668
2017-08-03,7,68.23725271340437,52.9912208152009,15.5,14.0,17.03,19.2,19.6,3.6999999999999993,5.600000000000001,67.0,83.67,96.0,23.4,1017.7,16.67,9.107999999999999
2017-08-04,11,69.43849599956808,46.14099957681996,13.4,11.2,15.53,18.4,19.1,4.999999999999998,7.900000000000002,67.0,81.0,89.0,0.0,1025.23,26.0,9.72
2017-08-05,4,73.34225010179469,47.16475415652025,12.8,10.9,16.23,22.0,22.2,9.2,11.299999999999999,50.0,75.67,91.0,0.0,1025.9,6.33,5.867999999999999
2017-08-06,5,77.68683531199878,44.72135535856428,12.5,9.8,16.97,23.6,24.4,11.100000000000001,14.599999999999998,39.0,67.67,82.0,0.0,1023.0,11.0,5.760000000000001
2017-08-07,10,82.2738807361249,45.7878166396791,14.1,10.1,18.43,25.8,26.6,11.700000000000001,16.5,30.0,65.67,84.0,0.0,1017.13,24.33,5.148
2017-08-08,5,70.09290344224542,53.64612393727124,16.7,14.4,17.93,18.9,20.8,2.1999999999999993,6.4,73.0,81.33,90.0,4.9,1010.6,17.0,10.08
2017-08-09,10,69.35270968628134,46.984715294837976,12.8,11.5,15.7,17.8,18.0,5.0,6.5,78.0,81.67,86.0,0.0,1016.13,30.33,9.360000000000001
2017-08-10,6,70.19392647982838,44.33676656585619,12.8,10.0,16.17,21.6,21.8,8.8,11.8,64.0,84.67,97.0,0.7999999999999999,1019.63,22.67,7.308
2017-08-11,3,68.77208962839919,55.241634205354366,17.1,15.4,17.9,19.4,20.4,2.299999999999997,4.999999999999998,80.0,83.67,86.0,8.5,1016.1,12.33,13.428
2017-08-12,9,68.75410722978309,59.03161250396138,17.2,16.5,18.33,20.5,20.8,3.3000000000000007,4.300000000000001,81.0,84.67,87.0,0.2,1011.1,14.0,8.64
2017-08-13,4,67.39929838518697,58.48979571041993,18.0,15.8,19.1,20.8,21.7,2.8000000000000007,5.899999999999999,89.0,91.67,96.0,39.9,1009.03,8.0,5.508
2017-08-14,10,72.24211738191521,47.81404895274166,13.9,12.3,16.13,18.4,19.2,4.499999999999998,6.899999999999999,63.0,74.67,82.0,2.7,1015.57,27.0,12.852
2017-08-15,9,73.85947437827215,45.966714365225286,12.3,9.6,15.9,22.8,23.2,10.5,13.6,62.0,81.0,93.0,0.1,1019.77,7.67,3.492
2017-08-16,7,74.58452908746756,56.1322917933152,15.4,13.5,18.2,23.2,23.4,7.799999999999999,9.899999999999999,53.0,79.33,96.0,0.0,1019.7,12.33,1.8
2017-08-17,8,75.09045455771192,52.130804909313326,14.4,10.6,17.27,22.7,23.3,8.299999999999999,12.700000000000001,60.0,75.0,89.0,0.0,1020.2,4.67,0.8280000000000001
2017-08-18,9,84.22089771854391,47.818552095646176,13.4,11.0,18.43,26.0,26.7,12.6,15.7,51.0,79.0,98.0,0.2,1016.6,8.0,5.148
2017-08-19,6,81.57397510230408,52.144607366256494,18.6,12.5,21.07,25.8,26.2,7.199999999999999,13.7,61.0,69.0,77.0,0.0,1010.53,15.33,3.708
2017-08-20,10,71.88509456188815,48.217368591920234,12.9,11.6,16.77,20.4,20.6,7.499999999999998,9.000000000000002,56.0,76.0,89.0,23.900000000000002,1016.6,22.67,6.9479999999999995
2017-08-21,12,76.68916249369605,38.793061180236904,10.2,7.0,13.37,18.1,18.6,7.900000000000002,11.600000000000001,48.0,62.0,82.0,0.0,1029.73,21.33,5.148
2017-08-22,8,76.24045948438511,36.788791485459626,11.0,6.6,15.07,21.6,23.0,10.600000000000001,16.4,44.0,63.33,74.0,0.0,1026.83,12.33,6.732
2017-08-23,13,89.31256632880005,52.303866057149165,16.1,13.3,21.3,28.8,29.0,12.7,15.7,51.0,65.0,79.0,0.0,1019.23,18.33,6.588
2017-08-24,7,108.66953649979563,58.201149551691636,20.2,15.7,24.33,32.4,32.9,12.2,17.2,42.0,68.67,83.0,0.0,1015.97,10.67,5.652
2017-08-25,10,101.59471543120017,64.6154027526869,23.4,18.5,26.2,31.6,32.0,8.200000000000003,13.5,48.0,65.0,78.0,0.0,1015.23,6.33,5.508
2017-08-26,5,88.04900069534769,64.0401023146737,22.3,18.3,24.8,28.3,28.6,6.0,10.3,50.0,65.33,82.0,0.0,1015.1,24.33,5.867999999999999
2017-08-27,8,71.61523607689833,64.1459323973092,19.2,18.2,21.1,22.3,22.5,3.1000000000000014,4.300000000000001,78.0,84.33,93.0,0.2,1016.47,23.0,4.932
2017-08-28,4,89.93722070262422,59.09312425362064,17.4,15.7,21.27,27.0,27.8,9.600000000000001,12.100000000000001,65.0,84.0,98.0,0.0,1016.33,19.67,3.8520000000000003
2017-08-29,8,120.32962007931725,62.80040807349669,21.6,17.7,25.63,33.4,34.4,11.799999999999997,16.7,45.0,71.67,86.0,0.0,1012.43,20.0,5.508
2017-08-30,7,79.79709795694926,50.782834661662505,14.6,12.9,20.13,25.2,25.4,10.6,12.499999999999998,74.0,79.67,89.0,0.7,1014.6,16.67,8.028
2017-08-31,11,74.10003535316812,48.91794302187335,13.2,12.0,16.3,21.7,21.9,8.5,9.899999999999999,59.0,71.0,82.0,0.4,1024.6,17.0,7.452
2017-09-01,5,83.2538226643828,54.527149659835274,16.5,14.5,20.3,26.6,26.8,10.100000000000001,12.3,52.0,69.33,79.0,0.0,1023.13,14.0,8.028
2017-09-02,7,102.03689858951772,56.75520347240539,18.8,14.7,23.17,31.2,31.8,12.399999999999999,17.1,44.0,67.33,80.0,0.0,1020.1,9.33,4.068
2017-09-03,6,100.96520407213663,61.6330882890895,22.0,17.3,25.67,32.2,32.7,10.200000000000003,15.400000000000002,43.0,58.67,76.0,0.0,1017.37,24.0,6.228
2017-09-04,5,103.00202606554916,68.49794649476353,23.7,20.5,27.5,32.7,33.5,9.000000000000004,13.0,40.0,56.33,77.0,0.0,1014.27,23.0,8.388
2017-09-05,8,78.69432814000002,58.16018698801763,19.3,15.9,21.67,24.5,25.0,5.199999999999999,9.1,70.0,75.0,83.0,0.0,1019.23,18.33,6.9479999999999995
2017-09-06,6,72.32062146039853,57.180157661972224,16.2,15.7,18.6,22.2,22.5,6.0,6.800000000000001,63.0,81.67,93.0,2.5,1021.1,13.67,8.532
2017-09-07,4,106.19187575979912,61.08829589778459,18.5,17.1,23.2,30.8,31.7,12.3,14.599999999999998,48.0,74.67,89.0,0.6,1016.77,10.67,6.48
2017-09-08,6,85.8410392053425,63.709667023048716,22.5,18.3,24.07,26.7,27.2,4.199999999999999,8.899999999999999,69.0,77.33,83.0,0.0,1014.1,14.0,6.9479999999999995
2017-09-09,8,93.54239699507202,62.549717456116966,19.8,17.7,23.0,28.8,28.8,9.0,11.100000000000001,57.0,80.0,93.0,0.0,1014.07,14.0,6.228
2017-09-10,10,124.39119054940795,64.53129532984823,21.4,18.5,25.93,34.6,34.8,13.200000000000003,16.299999999999997,44.0,73.0,89.0,0.0,1011.07,14.0,5.760000000000001
2017-09-11,10,84.8129022849673,66.81946633222356,21.9,20.2,23.3,25.7,27.3,3.8000000000000007,7.100000000000001,65.0,69.67,74.0,0.0,1012.73,22.67,14.652000000000001
2017-09-12,9,71.6548164752663,56.59146031228984,16.8,15.7,18.8,20.4,20.6,3.599999999999998,4.900000000000002,75.0,76.67,79.0,0.0,1020.97,17.0,10.692
2017-09-13,8,75.14357821015541,58.83756652514723,17.0,16.5,19.47,23.0,24.1,6.0,7.600000000000001,76.0,87.67,96.0,1.4,1020.3,14.0,9.360000000000001
2017-09-14,7,76.21671748116408,61.4800338092389,20.3,17.5,21.0,21.4,24.3,1.0999999999999979,6.800000000000001,80.0,84.0,87.0,0.0,1011.63,15.33,8.28
2017-09-15,4,61.975836240082785,55.94966015162327,15.8,14.8,17.2,19.2,19.4,3.3999999999999986,4.599999999999998,90.0,94.33,97.0,32.4,1020.97,14.0,6.12
2017-09-16,7,59.643731213943425,54.03455374626339,16.0,14.2,16.37,17.1,17.3,1.1000000000000014,3.1000000000000014,94.0,95.67,97.0,86.3,1023.47,14.0,7.452
2017-09-17,9,67.7840779421413,58.42350392125209,16.9,15.7,18.57,21.0,21.5,4.100000000000001,5.800000000000001,77.0,89.67,98.0,21.0,1022.5,14.0,5.148
2017-09-18,2,75.06543856139835,53.71087629771761,16.0,13.8,19.17,22.8,23.4,6.800000000000001,9.599999999999998,62.0,76.33,90.0,0.0,1023.1,14.0,6.012
2017-09-19,10,85.58830214492586,57.69651233528275,16.6,15.3,20.47,26.8,27.0,10.2,11.7,65.0,80.33,90.0,0.0,1020.73,7.67,4.788
2017-09-20,7,127.13419894368062,59.986128374851646,18.4,15.9,23.9,33.8,34.2,15.399999999999999,18.300000000000004,51.0,79.67,98.0,0.0,1017.93,9.33,3.132
2017-09-21,10,116.76013773720011,61.4812942312984,23.7,17.1,27.77,35.0,35.5,11.3,18.4,31.0,61.0,85.0,0.0,1015.77,15.33,5.4
2017-09-22,8,94.70032210908207,60.71512418192416,22.0,17.1,24.27,26.5,29.6,4.5,12.5,67.0,73.33,84.0,0.0,1013.87,12.33,7.668
2017-09-23,4,66.08488895712821,59.70887180388479,17.5,16.5,19.0,19.9,20.1,2.3999999999999986,3.6000000000000014,82.0,88.67,94.0,7.4,1020.4,14.0,6.48
2017-09-24,8,74.6068147380279,54.58628742675266,17.7,15.1,20.17,22.8,23.3,5.100000000000001,8.200000000000001,66.0,78.0,87.0,0.0,1022.23,14.0,13.068
2017-09-25,5,95.65659126498569,57.523151967438416,18.4,15.7,23.43,29.9,30.1,11.5,14.400000000000002,53.0,70.33,85.0,0.0,1020.27,11.0,7.452
2017-09-26,8,99.91182653598703,64.41635071646549,20.9,18.5,24.87,30.7,30.9,9.8,12.399999999999999,50.0,71.33,87.0,0.0,1016.4,22.67,6.12
2017-09-27,9,82.89576800496906,64.23782698490493,21.2,18.3,22.5,24.2,26.3,3.0,8.0,69.0,80.33,87.0,0.0,1013.67,25.67,5.292
2017-09-28,6,71.11200692971167,58.219376340052506,18.8,16.4,19.33,20.0,20.2,1.1999999999999993,3.8000000000000007,70.0,77.67,83.0,0.6,1020.57,15.33,10.908
2017-09-29,7,72.27186870931284,56.604870464506405,16.7,15.6,17.73,18.7,19.1,2.0,3.5000000000000018,73.0,74.67,77.0,0.0,1021.27,12.33,9.72
2017-09-30,8,70.09515975130809,56.75394492828127,16.1,15.5,18.37,22.0,22.3,5.899999999999999,6.800000000000001,76.0,88.0,96.0,13.7,1010.87,20.0,8.388
2017-10-01,5,103.80413387677697,58.02301362968795,19.3,15.5,23.27,30.3,31.2,11.0,15.7,50.0,75.33,89.0,0.0,1001.73,30.33,5.04
2017-10-02,6,72.94030824364752,57.598593315136895,17.5,16.2,18.6,20.6,22.0,3.1000000000000014,5.800000000000001,54.0,76.33,94.0,33.6,1004.47,28.67,11.520000000000001
2017-10-03,10,76.94903822281606,50.702161656991144,16.8,13.3,19.1,23.2,23.4,6.399999999999999,10.099999999999998,45.0,59.0,69.0,0.0,1012.27,30.33,11.16
2017-10-04,5,86.55847921471599,51.32101016003028,19.1,12.8,23.2,29.5,30.1,10.399999999999999,17.3,33.0,44.0,52.0,0.0,1016.03,34.67,6.228
2017-10-05,5,94.79874510690661,57.63061523030227,20.9,15.4,24.77,31.5,31.8,10.600000000000001,16.4,40.0,53.67,62.0,0.0,1011.33,21.33,5.4
2017-10-06,10,74.68887238030005,67.25834513731813,21.4,19.6,22.5,23.3,23.5,1.9000000000000021,3.8999999999999986,71.0,80.0,87.0,2.5,1012.8,10.67,5.04
2017-10-07,9,76.36850346440602,57.237614232608294,19.8,16.3,20.93,22.6,23.8,2.8000000000000007,7.5,56.0,71.67,87.0,0.0,1021.23,14.0,14.508000000000001
2017-10-08,5,75.03957960764973,57.83559407227157,17.2,16.5,19.43,23.1,23.3,5.900000000000002,6.800000000000001,65.0,75.33,86.0,0.0,1018.3,11.0,13.932
2017-10-09,8,88.21943267596811,60.1143285464234,18.4,17.0,22.33,27.2,27.8,8.8,10.8,66.0,77.33,89.0,0.0,1010.53,26.0,9.0
2017-10-10,8,77.11970100361587,65.41270023463008,21.8,19.2,22.5,22.9,24.4,1.0999999999999979,5.199999999999999,69.0,77.0,86.0,0.0,1012.67,22.67,8.532
2017-10-11,6,63.663394572767714,61.419707323319244,18.2,17.6,18.87,20.0,20.3,1.8000000000000007,2.6999999999999993,90.0,93.67,96.0,77.30000000000001,1012.37,18.0,9.468
2017-10-12,9,65.08703234768232,61.3973836751191,17.9,17.3,19.27,21.0,21.2,3.1000000000000014,3.8999999999999986,90.0,94.33,97.0,36.9,1013.57,12.33,6.9479999999999995
2017-10-13,4,67.86920415339134,63.30774029036504,20.1,18.0,20.77,21.4,22.4,1.2999999999999972,4.399999999999999,91.0,95.33,98.0,64.9,1009.9,22.67,6.012
2017-10-14,6,69.26645059360007,57.545998716235985,16.7,15.9,18.6,20.8,21.0,4.100000000000001,5.1,69.0,84.0,95.0,7.9,1016.9,22.67,8.892000000000001
2017-10-15,10,77.98650708390015,51.3084516340236,16.7,11.9,20.1,24.2,24.5,7.5,12.6,41.0,64.0,84.0,0.0,1021.53,3.0,3.132
2017-10-16,8,83.48317143956803,52.09502425698986,16.6,13.5,21.57,26.4,27.1,9.799999999999997,13.600000000000001,58.0,65.0,71.0,0.0,1020.93,9.33,8.28
2017-10-17,11,98.11376646745616,60.27714539822596,19.5,17.0,24.67,31.1,31.6,11.600000000000001,14.600000000000001,40.0,62.0,83.0,0.0,1015.7,15.33,8.388
2017-10-18,7,87.56748387795723,67.25834513731813,23.0,19.6,25.33,28.0,28.2,5.0,8.599999999999998,61.0,68.67,81.0,0.0,1011.1,20.0,5.04
2017-10-19,10,79.13143781263305,64.31114512243312,19.9,19.0,21.87,24.3,25.2,4.400000000000002,6.199999999999999,69.0,83.33,94.0,44.8,1011.4,24.33,11.772
2017-10-20,8,80.10876196392005,51.889936257436794,19.2,13.9,21.67,25.2,25.6,6.0,11.700000000000001,59.0,69.33,76.0,0.0,1015.7,13.67,12.132000000000001
2017-10-21,7,70.4100343227041,63.387336054284276,19.1,18.1,20.83,22.2,22.3,3.099999999999998,4.199999999999999,86.0,87.0,88.0,3.0,1010.13,12.33,6.48
2017-10-22,5,75.42401990823606,53.274807429748364,14.8,14.3,19.2,21.6,21.9,6.800000000000001,7.599999999999998,40.0,64.0,88.0,0.6,1015.9,27.33,10.548
2017-10-23,4,76.76943938228538,47.84888989266161,16.3,11.2,18.33,22.1,22.2,5.800000000000001,11.0,42.0,52.67,65.0,0.0,1021.27,21.33,5.867999999999999
2017-10-24,5,81.43638049129613,48.84349489451348,14.6,12.3,19.8,26.4,26.4,11.799999999999999,14.099999999999998,47.0,62.0,75.0,0.0,1018.8,11.0,9.468
2017-10-25,5,81.36644377719176,59.339505461072775,18.2,16.7,21.2,25.6,26.1,7.400000000000002,9.400000000000002,55.0,69.67,81.0,0.0,1014.87,12.33,9.251999999999999
2017-10-26,8,89.15220855346801,60.821879960516355,19.8,17.0,23.3,27.6,28.2,7.800000000000001,11.2,61.0,74.67,90.0,0.0,1010.87,15.33,6.588
2017-10-27,4,85.64615432540594,65.93108392839082,21.4,19.3,23.27,26.8,27.0,5.400000000000002,7.699999999999999,65.0,80.67,91.0,12.0,1005.93,24.33,7.308
2017-10-28,11,72.37823055497203,60.459010793016155,19.2,17.3,20.23,21.4,21.9,2.1999999999999993,4.599999999999998,70.0,78.0,91.0,5.4,1005.37,27.0,10.548
2017-10-29,2,81.71533413116337,58.46041127118625,19.3,16.3,22.03,25.3,26.1,6.0,9.8,64.0,74.33,88.0,0.3,1012.67,12.33,9.0
2017-10-30,13,88.01515719676271,63.848193951528096,20.1,18.2,24.13,28.0,28.0,7.899999999999999,9.8,63.0,73.33,87.0,0.0,1008.67,16.67,5.760000000000001
2017-10-31,1,78.22045538060644,57.545998716235985,20.4,15.9,22.2,24.4,24.6,4.0,8.700000000000001,42.0,59.33,78.0,0.0,1014.33,17.0,8.892000000000001
2017-11-01,5,80.98474158853156,49.19212571376349,17.4,12.0,21.47,26.6,26.8,9.200000000000003,14.8,42.0,49.67,61.0,0.0,1018.87,24.33,6.84
2017-11-02,8,76.84670590317315,54.530714563419,18.6,14.8,23.47,29.8,22.2,11.2,7.399999999999999,44.0,51.33,59.0,0.0,1016.67,9.33,10.332
2017-11-03,3,76.12006605366399,63.419897780495596,21.0,18.3,22.0,23.4,23.8,2.3999999999999986,5.5,70.0,74.0,77.0,4.0,1010.47,24.33,8.028
2017-11-04,8,68.15330379658452,63.76473381382443,19.3,18.2,20.53,21.7,21.8,2.3999999999999986,3.6000000000000014,87.0,90.33,95.0,28.2,1010.27,16.67,6.012
2017-11-05,6,78.13289694515359,50.594123603845965,18.5,12.9,20.93,24.0,24.6,5.5,11.700000000000001,53.0,64.33,76.0,0.0,1017.03,14.0,8.532
2017-11-06,8,80.55482009649344,56.351709727490864,17.2,15.6,21.17,24.8,25.8,7.600000000000001,10.200000000000001,57.0,68.67,82.0,0.0,1018.47,12.33,10.692
2017-11-07,4,87.74510757908794,57.148540838064456,18.4,15.8,23.23,27.9,28.7,9.5,12.899999999999999,50.0,63.0,77.0,0.0,1015.73,12.33,9.468
2017-11-08,10,73.37284181715313,65.91426615013742,20.0,19.4,20.27,20.4,23.0,0.3999999999999986,3.6000000000000014,76.0,81.33,87.0,2.7,1013.1,16.67,8.388
2017-11-09,5,96.5121036878434,60.71512418192416,19.6,17.1,23.53,27.4,29.8,7.799999999999997,12.7,61.0,75.33,96.0,5.1,1010.9,20.0,7.668
2017-11-10,5,70.70754228842536,67.70033165244371,20.8,18.3,21.0,21.2,22.6,0.3999999999999986,4.300000000000001,77.0,88.33,96.0,10.3,1010.8,9.0,0.6120000000000001
2017-11-11,5,88.43653434382819,55.31597559537092,18.6,15.1,22.5,28.6,28.8,10.0,13.700000000000001,35.0,64.33,88.0,0.0,1008.9,19.67,10.08
2017-11-12,3,80.2856644521793,55.81777162202224,18.7,15.4,22.83,26.4,26.6,7.699999999999999,11.200000000000001,39.0,45.33,56.0,0.0,1008.6,27.0,10.908
2017-11-13,8,90.53227480388637,54.60257655839166,19.5,14.5,23.17,29.0,29.6,9.5,15.100000000000001,38.0,62.33,81.0,0.0,1013.0,24.33,7.812
2017-11-14,8,92.86933515725411,56.178811571117116,21.6,15.1,25.4,30.4,31.0,8.799999999999997,15.9,44.0,55.67,65.0,0.0,1014.17,14.0,7.308
2017-11-15,4,107.32538630466783,61.26808363654364,21.4,17.7,27.5,35.1,35.6,13.700000000000003,17.900000000000002,26.0,49.33,80.0,0.0,1009.3,28.67,11.268
2017-11-16,3,87.64645648461561,61.58242574164535,23.0,17.1,26.0,28.3,28.9,5.300000000000001,11.799999999999997,58.0,60.33,65.0,0.0,1007.77,18.33,5.148
2017-11-17,13,81.68488552645752,60.92935194776005,17.4,16.9,21.4,25.8,26.0,8.400000000000002,9.100000000000001,62.0,78.33,96.0,14.0,1010.2,9.33,5.652
2017-11-18,2,89.47773155011234,65.75791954071317,20.4,19.1,23.83,27.9,28.4,7.5,9.299999999999997,56.0,73.0,85.0,4.9,1006.6,21.33,6.228
2017-11-19,6,79.03759067761854,52.88901184813468,19.2,13.8,21.2,24.2,25.2,5.0,11.399999999999999,41.0,57.67,68.0,0.0,1010.83,24.33,8.028
2017-11-20,9,88.81042863029998,53.357051222906286,20.2,14.0,24.3,28.6,29.5,8.400000000000002,15.5,55.0,58.0,63.0,0.0,1012.5,11.0,8.028
2017-11-21,4,82.99002785220362,57.608488420699075,19.8,16.3,22.33,25.8,26.5,6.0,10.2,67.0,74.67,87.0,1.2,1011.2,16.67,12.6
2017-11-22,3,76.68414054125131,53.8871406329091,16.6,14.3,19.4,23.2,23.8,6.599999999999998,9.5,45.0,68.33,94.0,3.7,1014.23,19.67,8.532
2017-11-23,5,87.86013482080004,48.819963628485084,16.2,11.6,21.43,28.2,29.0,12.0,17.4,46.0,60.0,67.0,0.0,1013.83,27.33,5.760000000000001
2017-11-24,3,92.4742816803008,56.682180020110444,21.6,15.7,23.8,26.2,29.8,4.599999999999998,14.100000000000001,61.0,65.67,71.0,0.0,1012.43,19.67,10.332
2017-11-25,6,70.7761670400963,56.46699627908536,18.3,15.5,18.8,19.7,21.6,1.3999999999999986,6.100000000000001,71.0,82.0,94.0,16.0,1015.93,14.0,9.360000000000001
2017-11-26,9,76.2842593638614,64.74139644740566,18.4,17.3,20.57,24.1,24.4,5.700000000000003,7.099999999999998,71.0,86.33,98.0,47.7,1010.07,15.33,1.1880000000000002
2017-11-27,8,95.33277459848128,59.91308713336826,19.8,15.9,23.2,28.6,29.8,8.8,13.9,48.0,72.67,91.0,0.1,1012.7,9.0,3.24
2017-11-28,5,81.81162258812799,63.50542846305596,22.7,18.4,24.17,25.8,26.4,3.1000000000000014,8.0,61.0,66.0,70.0,0.0,1017.83,14.0,8.64
2017-11-29,3,82.60971910714386,57.86400877710687,19.4,16.3,21.33,23.4,26.6,4.0,10.3,60.0,68.67,75.0,0.0,1017.57,12.33,11.412
2017-11-30,8,77.03106858826806,61.299525336472975,19.2,18.1,21.67,23.3,24.1,4.100000000000001,6.0,63.0,70.0,75.0,0.0,1013.93,14.0,17.028000000000002
2017-12-01,8,82.83969406392958,62.069146295250405,19.5,18.1,22.63,26.0,26.6,6.5,8.5,59.0,70.67,79.0,0.0,1013.33,12.33,12.132000000000001
2017-12-02,4,99.01444443111386,63.61467982500517,20.7,18.6,25.8,31.2,31.4,10.5,12.799999999999997,48.0,65.33,81.0,0.0,1012.73,13.67,10.332
2017-12-03,4,88.98358481014257,69.28299468309608,22.4,20.7,24.67,28.2,28.6,5.800000000000001,7.900000000000002,55.0,68.67,79.0,0.0,1009.6,18.33,6.84
2017-12-04,7,77.05825602748787,65.69888696750334,21.2,19.2,22.5,24.4,24.6,3.1999999999999993,5.400000000000002,74.0,85.0,91.0,2.5999999999999996,1011.6,18.33,7.308
2017-12-05,9,78.54049246000007,61.87945935490561,19.4,18.1,22.0,24.8,25.0,5.400000000000002,6.899999999999999,70.0,81.0,92.0,3.6,1016.8,14.0,13.212
2017-12-06,7,104.97715441110405,67.25150593341208,20.9,20.0,26.23,31.0,31.8,10.100000000000001,11.8,60.0,72.0,89.0,0.0,1012.9,12.33,8.748000000000001
2017-12-07,8,91.51347281697453,68.665765321218,22.8,20.6,25.13,28.2,28.4,5.399999999999999,7.799999999999997,68.0,79.67,88.0,79.9,1008.07,13.67,8.748000000000001
2017-12-08,5,93.35071260124798,67.70884911330009,23.2,19.8,26.0,29.4,29.6,6.199999999999999,9.8,51.0,70.0,87.0,0.0,1008.6,16.67,5.04
2017-12-09,4,100.93064519181071,63.528969568538194,21.8,17.9,25.53,31.7,31.9,9.899999999999999,14.0,43.0,64.67,79.0,0.0,1009.5,21.0,4.788
2017-12-10,5,113.22881780256533,65.9379133465572,23.6,19.4,27.1,33.4,34.6,9.799999999999997,15.200000000000003,39.0,62.67,80.0,0.0,1004.33,22.67,8.28
2017-12-11,6,80.17199785344448,63.15904915380642,23.5,18.6,24.23,25.5,25.8,2.0,7.199999999999999,49.0,61.33,73.0,0.7,1009.87,18.0,12.852
2017-12-12,9,80.89844434028814,54.87490467764411,19.2,14.7,22.67,26.0,26.4,6.800000000000001,11.7,50.0,56.0,65.0,0.0,1015.97,16.33,8.388
2017-12-13,3,107.80885237004796,60.37840465479467,20.0,17.1,26.6,34.4,34.6,14.399999999999999,17.5,42.0,56.0,69.0,0.0,1013.43,12.33,8.892000000000001
2017-12-14,7,108.67586067496913,70.59474653405307,25.2,21.2,28.57,32.6,33.8,7.400000000000002,12.599999999999998,54.0,62.33,73.0,0.0,1011.53,13.67,6.12
2017-12-15,7,106.83521753942414,68.19820377445697,25.6,20.3,28.5,33.2,33.2,7.600000000000001,12.900000000000002,47.0,64.0,74.0,0.0,1012.07,24.33,7.5600000000000005
2017-12-16,9,120.8337825405122,71.99061723609367,24.6,21.8,29.13,35.6,36.2,11.0,14.400000000000002,42.0,61.0,73.0,0.0,1009.6,21.0,6.012
2017-12-17,5,128.36201817332216,74.46589662747428,23.1,22.9,27.37,30.8,35.0,7.699999999999999,12.100000000000001,59.0,75.33,92.0,7.3,1008.23,22.67,6.228
2017-12-18,3,76.6648394217646,61.5201319713528,21.0,18.1,22.03,23.7,23.9,2.6999999999999993,5.799999999999997,56.0,70.33,88.0,1.2,1019.33,17.0,15.48
2017-12-19,10,90.3429091511714,63.60235153871035,19.6,18.5,23.13,27.4,28.8,7.799999999999997,10.3,66.0,70.67,77.0,0.0,1017.73,14.0,9.251999999999999
2017-12-20,5,90.43500669342677,69.6274924070801,22.4,21.0,24.53,26.8,28.0,4.400000000000002,7.0,78.0,82.33,86.0,0.2,1013.37,21.33,8.64
2017-12-21,7,106.96354288563023,70.07889988689016,23.6,21.0,25.97,30.1,31.6,6.5,10.600000000000001,61.0,76.67,85.0,0.0,1011.17,12.33,6.372
2017-12-22,8,113.2791707402541,69.64657927199696,24.6,21.0,29.0,34.0,34.2,9.399999999999999,13.200000000000003,50.0,65.33,79.0,0.0,1009.63,13.67,8.532
2017-12-23,8,103.45822114315693,70.99992692438971,26.0,21.6,27.47,29.8,31.1,3.8000000000000007,9.5,65.0,75.67,85.0,1.4,1004.6,22.67,8.892000000000001
2017-12-24,5,78.50821200000026,66.8417593328258,21.8,20.0,22.93,24.2,25.0,2.3999999999999986,5.0,65.0,82.0,98.0,39.9,1009.6,16.67,11.052
2017-12-25,3,82.33546725222408,58.664530943564195,20.2,16.3,23.17,26.3,26.8,6.100000000000001,10.5,48.0,62.0,83.0,0.2,1014.7,14.0,8.28
2017-12-26,8,99.1519246139371,58.96517510176675,20.3,16.3,25.3,31.6,31.8,11.3,15.5,46.0,62.33,75.0,0.0,1013.23,10.67,7.308
2017-12-27,5,117.05861878913886,67.62837283425696,23.2,20.2,27.67,33.6,33.8,10.400000000000002,13.599999999999998,53.0,72.33,83.0,0.0,1012.2,18.33,9.251999999999999
2017-12-28,5,113.68596812284352,69.92269215956851,25.1,21.0,27.83,32.3,33.4,7.199999999999996,12.399999999999999,61.0,71.33,79.0,0.0,1012.2,16.67,7.092
2017-12-29,5,101.67927143440834,72.38516848079033,24.4,22.2,26.23,28.1,30.5,3.700000000000003,8.3,75.0,78.33,82.0,16.5,1010.1,11.0,9.107999999999999
2017-12-30,2,103.25213248304252,69.07882009181228,23.3,20.7,27.0,30.2,31.4,6.899999999999999,10.7,58.0,72.67,88.0,0.0,1007.87,12.33,7.812
2017-12-31,5,107.56283497475229,67.83676218255283,24.2,20.2,27.93,32.2,33.2,8.000000000000004,13.000000000000004,55.0,65.0,74.0,0.0,1007.07,18.33,8.172
2018-01-01,6,102.23985815804794,69.31230789073842,24.2,20.8,27.43,30.7,31.4,6.5,10.599999999999998,62.0,71.0,81.0,13.8,1007.0,17.0,7.812
2018-01-02,5,93.09959177753619,70.58744128030072,24.0,21.4,24.2,24.6,28.1,0.6000000000000014,6.700000000000003,86.0,89.33,94.0,8.6,1004.07,17.0,8.532
2018-01-03,4,97.61578357123028,67.4093203797361,23.0,19.9,25.47,30.4,30.6,7.399999999999999,10.700000000000003,45.0,69.67,83.0,0.5,1006.4,26.33,6.9479999999999995
2018-01-04,10,104.78758901487213,64.00274588758768,24.7,18.4,27.83,33.2,34.0,8.500000000000004,15.600000000000001,36.0,55.67,68.0,0.0,1010.63,28.67,6.732
2018-01-05,3,107.05110632355684,69.73842933991214,27.2,21.0,30.2,35.4,36.0,8.2,15.0,39.0,46.67,51.0,0.0,1010.17,24.33,8.028
2018-01-06,6,91.23550358068391,72.03816955551906,23.0,22.0,26.43,29.3,29.8,6.300000000000001,7.800000000000001,57.0,62.33,69.0,0.1,1012.17,16.67,8.28
2018-01-07,3,85.43606741929636,57.318316206848664,22.2,15.9,24.93,28.2,28.4,6.0,12.499999999999998,45.0,57.0,70.0,0.0,1017.43,15.33,9.72
2018-01-08,13,89.86385395030757,62.55025165069189,21.7,18.1,24.77,27.8,29.6,6.100000000000001,11.5,54.0,60.33,65.0,0.0,1019.27,14.0,9.72
2018-01-09,3,95.24423269616136,62.231398471324376,22.2,18.1,25.93,30.0,30.6,7.800000000000001,12.5,58.0,64.67,73.0,0.0,1020.4,12.33,11.268
2018-01-10,3,118.55845634847468,71.7080284090294,23.6,21.9,25.13,27.8,32.9,4.199999999999999,11.0,66.0,80.67,90.0,14.2,1018.13,21.0,8.892000000000001
2018-01-11,2,102.45562428367613,71.18804181741595,23.5,21.8,26.07,28.4,31.1,4.899999999999999,9.3,70.0,74.0,80.0,19.900000000000002,1015.6,12.33,10.908
2018-01-12,3,105.18822898304444,72.4253823318568,24.2,22.0,24.87,26.2,30.5,2.0,8.5,84.0,84.33,85.0,0.8,1011.87,16.67,6.12
2018-01-13,8,110.11909891053958,72.60456557026264,23.8,22.2,27.87,32.6,32.8,8.8,10.599999999999998,59.0,71.33,82.0,0.0,1007.73,15.33,7.668
2018-01-14,5,109.5494038783473,73.7983591802096,25.2,22.6,27.53,31.2,32.4,6.0,9.799999999999997,63.0,73.67,81.0,0.0,1006.63,25.67,6.12
2018-01-15,8,101.58345130463374,76.6277145537141,24.2,24.0,26.17,27.4,29.8,3.1999999999999993,5.800000000000001,79.0,85.67,95.0,18.799999999999997,1006.53,26.0,9.251999999999999
2018-01-16,6,91.66958354785179,72.52411496615271,24.4,22.2,25.97,26.8,28.7,2.400000000000002,6.5,70.0,76.0,86.0,0.8,1013.7,15.33,8.172
2018-01-17,5,100.53853639700193,70.4702702193487,23.7,21.4,26.7,30.2,30.7,6.5,9.3,66.0,74.33,80.0,0.0,1013.73,12.33,9.251999999999999
2018-01-18,4,114.2134394212514,75.14269035822113,25.2,23.4,28.1,32.4,32.9,7.199999999999999,9.5,59.0,75.67,87.0,0.0,1009.33,24.33,9.828
2018-01-19,4,100.77046821905196,70.03329235140984,24.0,20.6,26.83,31.3,31.7,7.300000000000001,11.099999999999998,47.0,66.0,78.0,7.6,1014.03,13.67,3.492
2018-01-20,4,103.01181663837272,62.89382928836242,24.8,17.9,28.0,33.2,33.6,8.400000000000002,15.700000000000003,40.0,55.67,70.0,0.0,1013.97,13.67,6.588
2018-01-21,5,77.85063998489588,69.92269215956851,21.9,21.0,23.1,24.4,24.8,2.5,3.8000000000000007,71.0,82.67,92.0,9.5,1012.4,14.0,7.092
2018-01-22,7,85.90931282761183,69.74123344918502,21.8,20.8,23.2,24.6,26.7,2.8000000000000007,5.899999999999999,83.0,90.67,96.0,13.3,1008.27,15.33,5.867999999999999
2018-01-23,4,90.43500669342677,72.72757207997425,24.6,22.2,25.73,27.8,28.0,3.1999999999999993,5.800000000000001,70.0,82.33,89.0,4.1,1007.0,26.0,6.9479999999999995
2018-01-24,3,113.3042661608645,70.38593362418952,24.4,21.2,27.73,32.6,33.2,8.200000000000003,12.000000000000004,59.0,72.33,86.0,0.0,1009.0,32.0,7.092
2018-01-25,4,87.03769808419213,69.31051824112373,24.4,20.9,25.1,26.4,27.6,2.0,6.700000000000003,62.0,75.67,88.0,24.0,1014.73,13.67,9.107999999999999
2018-01-26,7,84.44480980852185,61.94131780313402,22.0,17.9,24.0,26.2,27.2,4.199999999999999,9.3,60.0,69.33,77.0,0.0,1016.73,14.0,10.332
2018-01-27,7,96.36639782251196,64.6270135626327,21.7,18.9,25.87,30.9,31.3,9.2,12.400000000000002,50.0,61.0,70.0,0.0,1013.17,11.0,8.892000000000001
2018-01-28,4,97.61578357123028,73.860244608847,24.4,22.7,26.67,29.4,30.6,5.0,7.900000000000002,64.0,69.67,77.0,0.2,1009.1,17.0,7.092
2018-01-29,3,88.18445425839992,71.09966860029417,23.4,21.6,25.27,27.2,28.0,3.8000000000000007,6.399999999999999,48.0,74.0,94.0,13.799999999999999,1010.3,24.33,8.28
2018-01-30,7,91.86753337919608,67.9420395356201,22.0,20.2,25.47,29.0,29.3,7.0,9.100000000000001,57.0,69.33,76.0,0.0,1011.33,14.0,7.668
2018-01-31,7,92.93252937270006,68.27404922082798,22.8,20.7,26.0,29.3,29.5,6.5,8.8,57.0,70.0,79.0,0.0,1013.37,12.33,12.852
2018-02-01,3,96.85812833404805,66.86515332496147,22.9,20.0,25.7,29.8,30.4,6.900000000000002,10.399999999999999,55.0,70.0,78.0,0.0,1013.4,11.0,10.908
2018-02-02,7,98.13197084356008,62.799036469514704,23.0,18.1,26.2,31.2,31.4,8.2,13.299999999999997,42.0,63.67,75.0,0.0,1011.43,21.33,8.64
2018-02-03,7,90.1866885968416,68.51381134144215,25.1,20.6,26.4,28.9,29.5,3.799999999999997,8.899999999999999,54.0,62.33,68.0,0.0,1012.23,14.0,9.612
2018-02-04,2,92.02777836189155,65.15367644798552,21.4,19.1,23.93,28.0,29.4,6.600000000000001,10.299999999999997,53.0,68.67,84.0,0.0,1015.13,11.0,8.64
2018-02-05,3,94.3094474825767,65.05803559219619,22.6,19.0,25.63,30.3,30.7,7.699999999999999,11.7,44.0,61.67,76.0,0.0,1013.2,17.0,8.028
2018-02-06,7,100.54054804123837,67.17809204494316,23.5,19.8,27.03,31.8,32.2,8.3,12.400000000000002,47.0,61.67,75.0,0.0,1010.2,7.67,6.9479999999999995
2018-02-07,7,107.97497237040008,67.79330640077458,23.6,20.2,26.87,31.4,33.0,7.799999999999997,12.8,51.0,67.0,80.0,0.0,1009.83,21.33,8.388
2018-02-08,6,113.7113051759893,68.12834704118042,24.2,20.2,28.27,34.6,34.9,10.400000000000002,14.7,44.0,61.33,74.0,0.0,1009.6,11.0,6.84
2018-02-09,7,124.08309507017643,67.67509323322176,25.3,20.2,30.1,36.0,36.5,10.7,16.3,41.0,62.33,87.0,0.0,1007.77,15.33,9.0
2018-02-10,3,97.35872968060832,71.51400010757035,25.6,21.4,27.3,30.2,30.2,4.599999999999998,8.8,64.0,73.0,81.0,35.2,1009.47,6.0,4.32
2018-02-11,6,87.8897778991769,66.40716382416963,23.3,19.6,24.63,25.4,27.4,2.099999999999998,7.799999999999997,81.0,83.33,86.0,9.5,1012.17,14.0,8.28
2018-02-12,6,79.16381088131202,63.71585746389722,19.8,18.5,21.53,25.0,25.2,5.199999999999999,6.699999999999999,57.0,81.0,93.0,2.7,1016.03,15.0,8.748000000000001
2018-02-13,7,81.62233974009612,53.31904653770187,20.6,13.7,22.6,25.7,26.4,5.099999999999998,12.7,54.0,64.0,71.0,0.0,1020.73,21.33,6.372
2018-02-14,9,86.42717495257884,59.28412408069185,21.0,16.7,23.93,27.0,28.0,6.0,11.3,54.0,66.67,75.0,0.0,1021.9,14.0,9.468
2018-02-15,12,86.27182861233537,59.670213059019055,21.8,16.9,24.47,27.4,28.6,5.599999999999998,11.700000000000003,52.0,58.33,71.0,0.0,1022.1,9.0,9.828
2018-02-16,4,93.22593314924798,63.33269213832326,22.2,18.5,25.67,30.4,30.6,8.2,12.100000000000001,45.0,60.0,71.0,0.0,1020.97,12.33,10.548
2018-02-17,4,98.21238295720008,65.61077651829882,22.8,19.2,26.0,30.6,31.5,7.800000000000001,12.3,48.0,63.0,76.0,0.0,1017.27,13.67,7.668
2018-02-18,7,103.86860824336013,67.47578693215584,23.2,20.0,27.27,33.4,33.4,10.2,13.399999999999999,37.0,58.33,75.0,0.0,1011.87,27.0,7.668
2018-02-19,8,89.41349576535241,70.51436053943328,25.4,21.2,26.67,28.4,29.0,3.0,7.800000000000001,63.0,65.33,67.0,0.0,1007.23,28.67,6.48
2018-02-20,4,82.84918254529629,72.07862621377012,23.6,22.0,23.6,23.6,26.1,0.0,4.100000000000001,86.0,89.0,91.0,14.0,1003.57,24.0,8.028
2018-02-21,9,96.38887535462429,68.04513749293713,21.6,20.2,24.2,28.8,29.2,7.199999999999999,9.0,60.0,82.0,93.0,16.3,1006.77,27.33,7.2
2018-02-22,7,87.11192553601859,63.30464429033607,20.4,17.8,22.63,27.0,27.8,6.600000000000001,10.0,54.0,72.67,89.0,15.0,1011.33,19.67,4.788
2018-02-23,4,91.54208115231772,63.51263980270968,22.4,18.3,24.4,28.4,28.8,6.0,10.5,55.0,74.33,85.0,0.0,1015.3,24.33,7.668
2018-02-24,6,96.06273227955596,67.04939454017698,22.8,20.0,24.87,27.8,29.8,5.0,9.8,65.0,74.33,81.0,0.0,1016.9,12.33,9.828
2018-02-25,2,97.1256224617801,66.21676044260055,22.4,19.4,25.13,28.4,29.8,6.0,10.400000000000002,66.0,76.67,88.0,0.0,1016.33,21.33,7.092
2018-02-26,6,94.33771180032664,66.35356224293382,24.4,19.6,26.27,29.6,29.8,5.200000000000003,10.2,57.0,70.33,77.0,0.0,1014.57,19.67,8.532
2018-02-27,9,101.12430146500235,70.31467877841354,23.2,21.2,25.83,30.2,30.5,7.0,9.3,62.0,77.33,89.0,0.0,1012.17,12.33,7.452
2018-02-28,5,98.53994268456788,68.12834704118042,21.6,20.2,24.33,27.8,29.4,6.199999999999999,9.2,71.0,84.33,95.0,26.4,1011.93,15.33,6.84
2018-03-01,7,104.32164628719997,74.15032210533033,24.6,22.8,26.4,29.6,31.0,5.0,8.2,63.0,78.0,87.0,0.0,1012.9,10.67,6.732
2018-03-02,3,99.69944770729388,73.93032080123268,25.0,22.8,27.07,30.2,30.4,5.199999999999999,7.599999999999998,56.0,75.67,90.0,0.0,1014.6,15.33,8.172
2018-03-03,9,96.36301002083184,69.28910284067678,24.4,20.4,26.4,29.8,29.8,5.400000000000002,9.400000000000002,60.0,75.0,83.0,0.0,1014.13,10.67,4.32
2018-03-04,7,109.10784117955194,73.36253121874944,24.6,22.2,27.5,31.3,32.8,6.699999999999999,10.599999999999998,58.0,70.0,77.0,0.0,1009.6,12.33,4.068
2018-03-05,4,111.05245357810232,71.66543099729844,22.4,21.0,25.0,27.8,31.5,5.400000000000002,10.5,74.0,83.33,94.0,8.2,1008.47,4.67,1.9080000000000001
2018-03-06,4,89.61776214167631,71.7936406576091,25.4,21.7,25.73,26.0,28.2,0.6000000000000014,6.5,70.0,76.33,81.0,0.0,1010.47,15.0,5.867999999999999
2018-03-07,6,83.049834006492,63.39813457094301,21.2,17.7,23.33,26.6,26.7,5.400000000000002,9.0,50.0,70.0,96.0,0.7,1013.73,13.67,4.068
2018-03-08,7,86.36283474452789,58.74993063267028,21.2,16.1,23.47,27.9,28.1,6.699999999999999,12.0,52.0,65.0,74.0,0.0,1014.57,19.67,6.588
2018-03-09,6,86.36500950346756,62.609769753022675,21.6,17.9,23.87,27.6,27.8,6.0,9.900000000000002,59.0,69.33,75.0,0.0,1012.93,14.0,7.5600000000000005
2018-03-10,1,113.64023625804433,66.53963994202331,21.2,19.5,25.7,32.4,33.3,11.2,13.799999999999997,52.0,72.0,87.0,0.0,1009.73,18.33,6.732
2018-03-11,8,118.04516047900886,71.57143040600945,25.6,21.7,28.6,34.0,34.7,8.399999999999999,13.000000000000004,39.0,67.33,86.0,0.0,1007.63,18.33,6.9479999999999995
2018-03-12,3,79.3124636090561,58.77260933955786,19.4,16.5,22.83,24.7,25.4,5.300000000000001,8.899999999999999,45.0,57.0,64.0,7.5,1010.1,24.33,9.612
2018-03-13,5,88.15562751259539,56.77518850842643,19.5,15.0,22.63,28.8,28.8,9.3,13.8,45.0,63.33,74.0,0.0,1011.13,24.33,5.292
2018-03-14,11,97.9200781792962,62.92752802298433,22.4,17.9,26.07,32.6,32.6,10.200000000000003,14.700000000000003,35.0,54.0,69.0,0.0,1010.27,12.33,6.48
2018-03-15,4,87.02216703899333,70.90123198435086,22.2,21.7,24.4,26.2,27.3,4.0,5.600000000000001,71.0,81.33,96.0,35.199999999999996,1008.3,27.33,11.268
2018-03-16,5,83.70549394340811,59.97728614104735,21.6,16.5,24.07,27.3,27.3,5.699999999999999,10.8,50.0,63.0,72.0,0.0,1012.93,15.33,5.760000000000001
2018-03-17,11,107.24411648320027,63.35596657853235,21.1,18.0,25.3,32.4,33.0,11.299999999999997,15.0,44.0,66.0,81.0,0.0,1012.07,11.0,5.867999999999999
2018-03-18,4,127.57116143852801,72.35359266463303,24.0,22.0,29.33,36.2,36.4,12.200000000000003,14.399999999999999,45.0,66.0,83.0,0.0,1008.6,15.33,6.48
2018-03-19,7,91.3580306273364,64.83930830688963,19.2,18.4,24.6,29.0,29.0,9.8,10.600000000000001,59.0,71.33,85.0,7.7,1008.07,20.0,4.32
2018-03-20,6,72.42403372281603,62.34705476203916,18.6,17.4,20.0,21.0,22.6,2.3999999999999986,5.200000000000003,76.0,82.0,92.0,6.2,1013.13,16.67,4.932
2018-03-21,8,78.00267069298192,59.272332536914455,18.5,16.5,20.17,23.0,24.8,4.5,8.3,69.0,79.67,87.0,0.0,1016.1,25.67,7.812
2018-03-22,4,80.88712052168964,57.031650105531554,18.8,14.3,21.6,25.6,26.0,6.800000000000001,11.7,51.0,66.33,74.0,0.0,1014.73,4.67,2.52
2018-03-23,4,106.5611530867265,62.676961557923455,20.8,17.2,22.33,23.2,33.1,2.3999999999999986,15.900000000000002,54.0,64.33,74.0,0.0,1011.17,4.67,3.3480000000000003
2018-03-24,6,96.81908476652826,69.47715285706695,22.7,20.7,24.7,26.4,29.2,3.6999999999999993,8.5,76.0,83.0,87.0,0.2,1010.03,10.67,6.012
2018-03-25,8,75.19073278739006,67.37486410415303,20.9,19.9,21.67,22.3,24.1,1.4000000000000021,4.200000000000003,78.0,87.33,96.0,29.900000000000002,1011.97,9.0,7.092
2018-03-26,5,73.55796398078598,57.6844822594065,19.2,15.8,20.1,21.0,22.8,1.8000000000000007,7.0,74.0,78.67,85.0,0.3,1019.33,19.67,7.668
2018-03-27,11,71.02757668586815,66.68000190722154,19.8,19.6,21.1,22.3,22.9,2.5,3.299999999999997,88.0,90.0,93.0,0.5,1018.8,14.0,7.092
2018-03-28,4,87.24529758721647,69.85766909031669,21.0,20.6,23.1,25.5,27.1,4.5,6.5,79.0,87.0,91.0,0.6000000000000001,1017.1,10.67,3.9600000000000004
2018-03-29,5,86.40558105120476,71.45637932785667,22.7,21.0,23.83,26.0,26.9,3.3000000000000007,5.899999999999999,79.0,87.67,93.0,2.4,1016.4,6.0,2.2680000000000002
2018-03-30,8,99.69477285926396,72.81522923758172,23.2,21.3,25.4,29.6,29.8,6.400000000000002,8.5,65.0,82.0,91.0,0.0,1014.9,4.67,1.1880000000000002
2018-03-31,7,75.68536789600918,79.00883000000002,23.1,20.9,23.53,24.0,24.4,0.8999999999999986,3.5,89.0,91.67,95.0,8.1,1012.27,0.0,0.0
2018-04-01,13,82.40106745360028,70.88334506942826,21.1,20.7,23.07,25.8,26.0,4.699999999999999,5.300000000000001,78.0,89.0,96.0,10.5,1009.43,13.67,2.16
2018-04-02,4,71.89269664685565,67.11103954058831,20.8,19.9,21.6,22.4,23.4,1.5999999999999979,3.5,86.0,92.67,97.0,23.799999999999997,1008.83,21.33,8.28
2018-04-03,2,85.35016431606411,68.47226644596611,21.0,20.2,22.87,26.4,26.8,5.399999999999999,6.600000000000001,68.0,84.0,93.0,5.4,1011.03,21.33,5.508
2018-04-04,9,87.38877442181088,68.51687215375932,21.2,19.8,22.97,26.1,27.2,4.900000000000002,7.399999999999999,77.0,85.33,91.0,1.5999999999999999,1012.43,6.33,2.988
2018-04-05,7,88.46702485947452,64.12604139116453,21.2,17.9,23.6,27.3,27.8,6.100000000000001,9.900000000000002,63.0,78.33,90.0,0.0,1012.5,10.67,3.492
2018-04-06,9,92.93523438284974,64.11430485970331,20.4,17.7,23.4,28.8,28.8,8.400000000000002,11.100000000000001,57.0,78.33,91.0,0.0,1013.8,14.0,2.7720000000000002
2018-04-07,9,98.83470501289615,63.99643537849543,21.6,17.6,24.93,30.4,30.4,8.799999999999997,12.799999999999997,55.0,74.0,88.0,0.0,1013.9,12.0,2.628
2018-04-08,6,96.55970147835907,65.12626317219969,23.5,18.9,25.9,29.8,30.0,6.300000000000001,11.100000000000001,56.0,73.33,83.0,0.0,1016.27,9.33,6.84
2018-04-09,9,103.99401591720027,70.90844064181654,22.8,21.0,26.07,31.4,31.5,8.599999999999998,10.5,47.0,73.0,87.0,0.0,1017.13,6.0,3.492
2018-04-10,5,104.42394246004079,67.69255095492039,22.9,19.5,26.03,31.6,31.9,8.700000000000003,12.399999999999999,47.0,70.33,86.0,0.0,1016.1,15.33,3.3480000000000003
2018-04-11,8,111.87313680082637,69.7631525474199,24.7,20.2,27.7,33.6,33.9,8.900000000000002,13.7,47.0,65.67,82.0,0.0,1014.23,22.67,2.2680000000000002
2018-04-12,10,106.68038621009775,72.75368139059808,26.6,22.0,29.03,33.6,33.7,7.0,11.700000000000003,46.0,60.33,72.0,0.0,1013.83,26.0,4.680000000000001
2018-04-13,6,88.25363463452821,66.87246228300461,19.8,19.2,22.67,27.6,27.6,7.800000000000001,8.400000000000002,68.0,81.0,93.0,5.6000000000000005,1019.63,9.33,3.708
2018-04-14,5,73.49823377987221,60.88948359945908,19.2,17.1,20.07,21.6,22.2,2.400000000000002,5.099999999999998,71.0,75.0,80.0,0.0,1026.0,14.0,7.092
2018-04-15,9,81.44070456824969,63.185878093109785,19.9,18.2,21.97,25.1,26.0,5.200000000000003,7.800000000000001,62.0,74.67,83.0,0.0,1027.3,15.33,8.028
2018-04-16,7,82.57110730485338,62.63047891884618,20.7,18.1,22.97,26.4,26.6,5.699999999999999,8.5,59.0,68.33,74.0,0.0,1025.8,10.67,9.360000000000001
2018-04-17,13,86.97653206355128,58.058819912673485,20.6,16.1,23.4,28.2,28.4,7.599999999999998,12.299999999999997,48.0,63.67,73.0,0.0,1023.6,17.0,8.748000000000001
2018-04-18,8,92.60106405107203,62.96170188928966,21.2,17.9,24.4,29.2,29.8,8.0,11.900000000000002,53.0,66.0,82.0,0.0,1021.37,15.33,6.372
2018-04-19,10,95.63775589360013,62.52080334546662,22.2,17.6,25.4,30.9,31.0,8.7,13.399999999999999,44.0,62.0,71.0,0.0,1018.8,26.0,5.652
2018-04-20,7,101.86797961221548,65.40616691207583,22.9,18.7,26.27,31.9,32.1,9.0,13.400000000000002,43.0,64.67,77.0,0.0,1016.47,24.33,4.572
2018-04-21,5,80.80021805207579,67.06910855462303,21.1,19.5,23.43,25.7,25.7,4.599999999999998,6.199999999999999,70.0,80.67,95.0,27.5,1016.03,11.0,4.932
2018-04-22,4,102.55902949340845,63.72317890078841,19.9,17.8,23.43,30.0,30.2,10.100000000000001,12.399999999999999,55.0,83.0,98.0,0.2,1014.77,22.67,3.8520000000000003
2018-04-23,5,101.21018169027118,67.46078099538049,23.1,19.8,25.4,29.3,30.9,6.199999999999999,11.099999999999998,60.0,73.67,83.0,0.0,1015.17,24.33,5.867999999999999
2018-04-24,8,91.43508343870008,70.11062922436525,24.8,21.1,26.0,27.7,28.5,2.8999999999999986,7.399999999999999,70.0,78.0,83.0,0.0,1018.03,18.33,7.308
2018-04-25,4,101.67927143440834,70.51452613482395,23.5,21.0,26.03,30.4,30.5,6.899999999999999,9.5,59.0,78.33,92.0,0.0,1018.73,24.33,4.680000000000001
2018-04-26,8,91.01550968921885,72.47680707227775,23.6,21.8,25.13,27.4,28.0,3.799999999999997,6.199999999999999,76.0,84.33,92.0,0.0,1018.3,18.0,4.068
2018-04-27,6,94.40559549701644,67.26370084312879,21.6,19.7,24.53,28.8,29.0,7.199999999999999,9.3,55.0,79.67,93.0,0.0,1016.47,22.67,5.760000000000001
2018-04-28,5,105.52234458535625,68.43796497429899,22.9,20.0,26.17,31.9,31.9,9.0,11.899999999999999,47.0,72.0,86.0,0.0,1017.13,24.33,4.212
2018-04-29,5,104.53719763651215,68.60100722228276,22.6,20.3,26.33,31.4,31.6,8.799999999999997,11.3,53.0,73.0,88.0,0.0,1015.87,19.67,5.867999999999999
2018-04-30,4,86.40368532327822,68.40829213908435,23.2,20.4,25.33,26.8,27.2,3.6000000000000014,6.800000000000001,70.0,80.33,93.0,20.6,1014.07,21.0,7.668
2018-05-01,3,70.75112183188809,64.51571028915339,19.0,18.4,20.57,22.9,22.9,3.8999999999999986,4.5,83.0,91.0,96.0,5.800000000000001,1019.23,15.33,5.148
2018-05-02,4,77.28542755785604,62.777195158402485,18.7,18.4,21.17,23.8,24.6,5.100000000000001,6.200000000000003,75.0,82.0,90.0,0.1,1019.43,12.33,12.24
2018-05-03,6,79.136519363008,67.11103954058831,20.5,19.9,22.43,25.2,25.2,4.699999999999999,5.300000000000001,73.0,83.0,92.0,0.0,1014.57,13.67,8.28
2018-05-04,4,83.37284773729392,75.42899,20.6,17.7,23.0,26.4,26.4,5.799999999999997,8.7,69.0,81.33,91.0,0.2,1015.47,0.0,0.0
2018-05-05,11,81.67798179271584,66.75148626238467,21.0,19.1,22.7,25.1,25.9,4.100000000000001,6.799999999999997,74.0,84.0,89.0,0.0,1018.83,9.33,3.492
2018-05-06,6,78.08896834123654,68.93935698840147,21.9,20.1,22.43,23.5,24.9,1.6000000000000014,4.799999999999997,76.0,84.33,90.0,0.0,1022.8,9.33,3.492
2018-05-07,2,77.29436341630024,62.069146295250405,20.6,18.1,21.83,24.2,24.5,3.599999999999998,6.399999999999999,68.0,78.0,84.0,0.0,1024.07,14.0,12.132000000000001
2018-05-08,9,86.08015915774172,62.541161721880385,20.2,17.9,22.57,27.0,27.4,6.800000000000001,9.5,55.0,74.67,85.0,0.0,1021.87,9.33,7.812
2018-05-09,7,84.41143628943817,63.01598201866983,20.8,18.0,23.47,27.1,27.3,6.300000000000001,9.3,56.0,67.33,82.0,0.0,1019.5,7.67,6.9479999999999995
2018-05-10,7,90.3429091511714,67.72018363853564,22.0,19.2,24.13,28.2,28.8,6.199999999999999,9.600000000000001,54.0,70.67,82.0,0.0,1014.73,12.0,2.16
2018-05-11,6,74.25241151942168,66.85598224354459,19.4,18.2,21.43,23.7,23.8,4.300000000000001,5.600000000000001,77.0,87.33,94.0,9.4,1010.4,13.67,0.9720000000000001
2018-05-12,4,74.10232545187205,56.658964306902064,17.4,15.9,19.57,22.8,22.8,5.400000000000002,6.9,55.0,76.0,88.0,0.2,1014.63,27.0,12.492
2018-05-13,5,74.42061303119999,54.01315077133427,14.0,12.7,18.23,22.9,23.0,8.899999999999999,10.3,51.0,76.0,98.0,0.0,1018.87,7.67,2.16
2018-05-14,2,81.76625248651139,51.941524344617896,15.2,13.1,18.87,26.0,26.2,10.8,13.1,51.0,71.33,91.0,0.0,1017.7,12.33,6.372
2018-05-15,11,70.25887093833825,58.42350392125209,18.8,15.7,19.47,20.7,20.7,1.8999999999999986,5.0,80.0,80.67,82.0,0.4,1013.67,24.33,5.148
2018-05-16,4,75.0019122933598,54.99518903460685,16.2,14.7,18.87,21.2,21.4,5.0,6.699999999999999,42.0,65.33,85.0,0.2,1017.3,22.67,8.028
2018-05-17,6,74.18670877950399,47.30183198510839,12.7,9.8,16.13,20.7,21.3,8.0,11.5,56.0,69.0,85.0,0.0,1018.8,10.67,2.628
2018-05-18,6,64.97069099285669,53.859369008417325,15.8,14.4,16.27,16.6,16.8,0.8000000000000007,2.4000000000000004,76.0,89.33,98.0,29.8,1014.77,15.33,9.360000000000001
2018-05-19,3,61.91621397668417,50.22892328348662,13.4,12.3,14.43,15.7,15.7,2.299999999999999,3.3999999999999986,93.0,94.0,95.0,18.5,1011.73,22.67,6.12
2018-05-20,10,70.76762807257596,40.07794414553407,11.4,9.8,12.93,14.6,15.4,3.1999999999999993,5.6,72.0,84.0,95.0,23.5,1015.03,28.67,19.188000000000002
2018-05-21,8,68.0426500737276,43.44675919310033,11.7,10.3,14.5,18.4,18.8,6.699999999999999,8.5,63.0,83.67,97.0,0.1,1018.07,28.67,11.268
2018-05-22,5,70.50553106121586,44.370253451468734,11.2,9.2,14.4,18.2,18.6,7.0,9.400000000000002,58.0,79.0,93.0,0.0,1020.23,10.67,4.32
2018-05-23,10,73.192064561421,42.9981723848946,9.8,8.4,13.67,17.2,17.4,7.399999999999999,8.999999999999998,54.0,75.33,92.0,0.0,1023.73,24.33,3.8520000000000003
2018-05-24,7,70.91908683788809,38.36293897454595,8.6,6.6,12.6,18.6,18.8,10.000000000000002,12.200000000000001,52.0,78.0,95.0,0.0,1026.4,18.33,4.572
2018-05-25,6,72.26234260880045,34.68804204243797,8.0,5.0,13.23,20.5,20.9,12.5,15.899999999999999,52.0,75.33,96.0,0.0,1025.0,15.33,4.680000000000001
2018-05-26,9,80.06861055029574,42.35982501461918,11.0,9.1,16.97,25.3,25.5,14.3,16.4,54.0,77.33,96.0,0.0,1021.57,11.0,7.092
2018-05-27,10,88.01872906268831,51.19570227649259,14.1,12.3,19.43,27.2,27.6,13.1,15.3,55.0,80.0,97.0,0.0,1020.87,17.0,4.428
2018-05-28,8,95.44618399620421,55.57226584388316,16.4,14.3,22.0,29.6,29.7,13.200000000000003,15.399999999999999,46.0,74.0,93.0,0.0,1021.03,17.0,4.572
2018-05-29,5,86.36500950346756,51.22323287161146,16.2,13.2,21.4,27.6,27.8,11.400000000000002,14.600000000000001,40.0,69.33,87.0,0.0,1020.37,8.0,8.748000000000001
2018-05-30,5,85.83896804639986,55.14633774483607,16.6,14.4,21.9,28.0,28.0,11.399999999999999,13.6,44.0,64.0,82.0,0.0,1018.27,20.0,5.867999999999999
2018-05-31,7,78.42449668101797,57.57866414073238,17.5,14.7,20.23,23.7,24.9,6.199999999999999,10.2,68.0,75.67,83.0,0.0,1014.9,22.67,2.8800000000000003
2018-06-01,8,70.58758423726539,60.31271817204489,18.0,16.8,18.9,20.1,23.0,2.1000000000000014,6.199999999999999,90.0,92.67,96.0,1.0,1012.53,24.33,6.732
2018-06-02,4,69.3042730119671,48.748508822718094,12.6,11.9,15.07,17.1,18.1,4.500000000000002,6.200000000000001,63.0,81.67,94.0,18.5,1017.77,27.33,7.308
2018-06-03,4,74.59117279037781,37.10402017381803,8.8,7.4,11.67,14.0,15.0,5.199999999999999,7.6,73.0,79.67,90.0,0.0,1027.83,30.33,9.72
2018-06-04,3,69.12516180566402,44.90765307003467,11.4,10.2,14.6,19.4,19.8,7.999999999999998,9.600000000000001,58.0,82.0,95.0,0.0,1026.73,12.33,7.092
2018-06-05,7,71.11369418981681,51.57691724097489,14.6,13.5,15.37,16.1,16.2,1.5000000000000018,2.6999999999999993,68.0,81.67,95.0,3.8,1018.73,24.33,9.828
2018-06-06,13,73.31721667791047,43.84529801096345,11.6,10.5,13.67,15.6,16.0,4.0,5.5,61.0,78.67,95.0,8.6,1016.17,27.0,11.520000000000001
2018-06-07,6,73.96004499606397,36.88832103311603,8.6,7.5,11.77,16.0,16.2,7.4,8.7,56.0,77.0,92.0,0.0,1017.17,29.0,10.8
2018-06-08,13,77.32673764369949,33.24452238088933,8.8,6.6,12.53,16.8,17.0,8.0,10.4,51.0,66.67,82.0,0.0,1019.63,32.0,14.868
2018-06-09,9,73.73388221061921,32.65964474508804,7.2,5.3,13.0,22.0,22.6,14.8,17.3,43.0,76.33,94.0,0.0,1017.4,21.33,8.64
2018-06-10,6,71.19261407406793,51.89860454527363,15.0,13.3,17.53,19.9,21.2,4.899999999999999,7.899999999999999,64.0,79.33,93.0,11.0,1010.73,15.33,7.5600000000000005
2018-06-11,12,92.64971290479991,62.89382928836242,18.7,17.9,23.43,28.4,29.0,9.7,11.100000000000001,63.0,75.0,86.0,1.5999999999999999,1004.97,27.33,6.588
2018-06-12,8,71.31146318320009,55.76886464951661,15.4,15.1,18.8,23.0,23.0,7.6,7.9,84.0,90.0,98.0,41.0,1008.5,22.67,8.532
2018-06-13,8,77.71407543184768,39.84596148411782,10.3,9.6,13.0,16.4,16.4,6.099999999999998,6.799999999999999,45.0,68.33,94.0,1.0,1019.1,28.67,18.0
2018-06-14,8,84.10500006616708,34.900451063411026,7.2,6.0,10.07,13.0,13.2,5.8,7.199999999999999,59.0,71.67,82.0,0.0,1027.07,18.0,7.5600000000000005
2018-06-15,9,83.40626523170803,40.721743896631864,6.0,5.4,9.1,11.8,12.3,5.800000000000001,6.9,62.0,78.0,94.0,0.0,1030.13,18.0,1.1880000000000002
2018-06-16,10,84.56794258221248,33.38230216503376,4.8,3.4,8.73,13.4,13.4,8.600000000000001,10.0,47.0,69.33,81.0,0.0,1031.43,10.67,2.7720000000000002
2018-06-17,6,72.4371079694676,29.207202003611833,4.0,2.6,8.27,15.2,15.4,11.2,12.8,54.0,81.67,100.0,0.0,1030.47,18.33,4.788
2018-06-18,3,70.0885899757119,36.97953973760272,8.8,6.4,12.2,18.8,19.0,10.0,12.6,61.0,79.67,94.0,0.0,1029.83,10.67,5.760000000000001
2018-06-19,8,69.2009906234164,39.752036754355835,9.6,8.0,13.77,20.7,20.7,11.1,12.7,56.0,83.33,100.0,0.2,1025.87,22.67,7.2
2018-06-20,13,77.86890629159114,44.370253451468734,11.0,9.2,16.13,24.2,24.8,13.2,15.600000000000001,58.0,82.33,96.0,0.1,1021.57,27.0,4.32
2018-06-21,15,87.63341332665982,46.01251635738706,13.6,11.2,19.13,27.4,27.6,13.799999999999999,16.400000000000002,52.0,78.33,93.0,0.0,1015.9,24.33,10.08
2018-06-22,4,72.45460147321597,41.919713512769846,10.2,8.6,15.9,19.2,19.4,9.0,10.799999999999999,51.0,74.0,94.0,3.2,1018.57,25.67,5.867999999999999
2018-06-23,5,81.57404296132174,44.44722663779507,10.9,9.1,16.43,26.0,26.0,15.1,16.9,58.0,76.67,91.0,0.0,1013.37,15.33,3.9600000000000004
2018-06-24,9,68.11701412225224,45.036205820935145,11.2,10.6,13.03,15.1,15.1,3.9000000000000004,4.5,74.0,88.0,97.0,23.500000000000004,1019.4,15.33,8.892000000000001
2018-06-25,12,70.52851736592623,46.255923146973956,11.2,10.2,12.1,12.6,12.7,1.4000000000000004,2.5,83.0,91.33,96.0,16.4,1016.83,22.67,4.788
2018-06-26,11,69.17200446893506,44.44441160541367,10.8,10.0,12.8,15.6,15.6,4.799999999999999,5.6,69.0,85.67,95.0,2.3000000000000003,1017.27,32.0,7.092
2018-06-27,11,65.43524654617222,44.33278737167722,10.2,9.6,13.1,18.1,18.1,7.900000000000002,8.500000000000002,73.0,88.0,98.0,0.1,1017.7,30.33,5.652
2018-06-28,11,59.64368314552904,49.890841337249846,12.8,11.6,13.53,14.6,17.1,1.799999999999999,5.500000000000002,93.0,95.67,97.0,0.0,1018.23,18.0,4.068
2018-06-29,7,60.072574723753206,56.9510836418912,15.2,15.1,16.23,18.0,18.4,2.8000000000000007,3.299999999999999,94.0,95.67,98.0,8.9,1017.17,24.33,5.4
2018-06-30,10,60.70954376741403,53.66136540436861,14.1,13.8,15.93,17.5,18.2,3.4000000000000004,4.399999999999999,88.0,94.67,98.0,8.6,1015.73,18.33,6.12
2018-07-01,12,73.43046439286744,53.83536122981369,14.8,13.7,17.93,22.6,23.3,7.800000000000001,9.600000000000001,68.0,84.33,95.0,0.0,1014.9,15.33,5.292
2018-07-02,12,63.868299246915996,55.04465413144826,16.7,14.9,17.97,19.2,19.4,2.5,4.499999999999998,86.0,91.33,96.0,13.4,1010.97,12.33,9.360000000000001
2018-07-03,6,73.34322066988744,42.37887914126477,10.8,9.6,12.87,15.2,15.4,4.399999999999999,5.800000000000001,68.0,80.33,94.0,9.2,1021.03,21.33,9.612
2018-07-04,9,80.05077364545608,39.54407707047616,9.0,7.6,10.53,12.8,13.1,3.8000000000000007,5.5,74.0,79.0,84.0,0.0,1022.17,18.33,6.012
2018-07-05,9,64.05657954371208,48.0543228562131,10.9,10.4,11.93,13.1,13.2,2.1999999999999993,2.799999999999999,95.0,96.0,98.0,8.8,1019.27,10.67,3.132
2018-07-06,5,61.637401125600235,48.064918188459764,12.4,11.7,13.87,15.7,16.0,3.299999999999999,4.300000000000001,91.0,94.0,96.0,0.5,1019.6,14.0,7.812
2018-07-07,5,69.46482650006324,54.712174388473144,15.6,14.6,17.53,21.2,21.9,5.6,7.299999999999999,74.0,87.33,95.0,0.4,1013.37,15.33,8.172
2018-07-08,9,69.62909696867197,45.98449837846245,13.2,11.8,15.2,18.0,18.2,4.800000000000001,6.399999999999999,70.0,81.0,92.0,0.9,1015.13,27.0,15.228000000000002
2018-07-09,3,69.88234268042854,45.840492881887066,11.7,11.0,12.1,12.7,12.8,1.0,1.8000000000000007,85.0,91.67,96.0,18.9,1023.67,25.67,9.251999999999999
2018-07-10,4,66.55214939308806,45.665369081925114,11.2,11.0,13.0,16.0,16.2,4.800000000000001,5.199999999999999,75.0,88.0,96.0,9.5,1027.97,19.67,9.72
2018-07-11,10,68.54326124167602,46.985666218129936,11.4,10.6,13.27,16.8,17.1,5.4,6.500000000000002,64.0,84.0,95.0,0.0,1027.83,18.33,5.04
2018-07-12,11,69.26103589534824,43.88517659450903,9.8,9.3,12.87,18.0,18.2,8.2,8.899999999999999,59.0,81.67,94.0,0.0,1025.0,18.33,5.292
2018-07-13,14,70.18877759795208,37.81489909592171,8.6,6.8,13.13,19.6,20.2,11.000000000000002,13.399999999999999,51.0,80.0,98.0,0.0,1020.8,24.33,5.867999999999999
2018-07-14,13,83.15808950114884,43.24791023871224,10.7,8.6,16.0,24.8,26.4,14.100000000000001,17.799999999999997,54.0,79.33,95.0,0.0,1016.2,25.67,4.068
2018-07-15,12,93.02142174944278,54.4210794439355,17.2,14.2,21.87,29.2,29.4,12.0,15.2,47.0,71.33,90.0,0.0,1012.67,20.0,6.48
2018-07-16,10,66.85099745681703,52.86588529103157,13.8,13.4,16.57,20.5,20.7,6.699999999999999,7.299999999999999,77.0,88.67,95.0,5.1000000000000005,1019.27,14.0,5.867999999999999
2018-07-17,6,60.228469749815105,57.07393105980953,15.8,15.7,17.07,18.2,18.6,2.3999999999999986,2.900000000000002,93.0,95.67,98.0,50.699999999999996,1020.57,9.33,8.892000000000001
2018-07-18,8,90.33045247094894,63.41355212078208,17.7,17.2,20.97,26.7,27.7,9.0,10.5,67.0,87.33,98.0,10.6,1016.9,9.33,2.2680000000000002
2018-07-19,10,99.33775072989971,58.738447880280205,16.6,15.1,22.27,30.5,30.5,13.899999999999999,15.4,43.0,74.0,94.0,0.0,1014.03,10.67,2.52
2018-07-20,4,91.70497133779227,52.231463236030145,21.5,13.4,22.63,23.6,29.2,2.1000000000000014,15.799999999999999,66.0,70.0,73.0,0.0,1010.27,12.33,7.308
2018-07-21,9,80.53785591685367,38.5826691015426,9.6,9.0,12.63,14.6,15.2,5.0,6.199999999999999,48.0,67.33,93.0,14.5,1020.87,27.0,17.028000000000002
2018-07-22,10,73.90501410004055,35.91564383727316,9.2,5.4,12.87,19.2,19.6,10.0,14.200000000000001,60.0,69.67,84.0,0.0,1021.43,9.33,4.32
2018-07-23,10,70.53690637066566,46.19004184478274,13.5,10.7,14.07,14.7,16.3,1.1999999999999993,5.600000000000001,77.0,82.33,86.0,0.0,1022.17,18.0,6.84
2018-07-24,10,67.37277440824798,45.80727259056968,11.1,10.0,12.27,14.3,14.7,3.200000000000001,4.699999999999999,88.0,89.67,93.0,8.3,1029.53,18.33,4.788
2018-07-25,6,60.5064509790342,49.672612342611565,13.1,12.7,14.17,15.4,15.5,2.3000000000000007,2.8000000000000007,94.0,95.67,98.0,24.0,1027.97,12.33,9.828
2018-07-26,11,64.73578646377617,55.67499870341083,15.5,14.7,16.77,19.0,20.4,3.5,5.699999999999999,88.0,92.0,96.0,9.2,1021.93,18.33,6.228
2018-07-27,7,69.94453038263582,50.6923499132689,13.1,12.6,15.17,17.3,18.3,4.200000000000001,5.700000000000001,68.0,80.33,91.0,0.4,1020.13,27.0,6.588
2018-07-28,11,60.49534253673011,50.82245552546012,13.7,12.1,14.63,16.2,17.5,2.5,5.4,91.0,94.67,98.0,1.4,1015.0,8.0,4.32
2018-07-29,7,72.6257103197546,46.589773311926095,12.4,11.9,15.2,17.5,17.8,5.1,5.9,54.0,75.67,94.0,0.7,1013.83,28.67,13.788
2018-07-30,9,75.06218327598077,48.26098967725225,12.6,12.0,15.07,17.9,18.4,5.299999999999999,6.399999999999999,55.0,68.33,83.0,0.0,1017.37,30.33,9.107999999999999
2018-07-31,12,68.89228466166597,41.007532531248046,10.4,8.2,12.97,16.2,17.2,5.799999999999999,9.0,63.0,83.33,98.0,0.0,1021.3,21.33,5.867999999999999
2018-08-01,11,80.01518603388105,37.79145503570964,9.4,7.3,11.9,15.1,15.6,5.699999999999999,8.3,49.0,66.33,79.0,0.0,1024.43,14.0,7.812
2018-08-02,5,73.05313385320251,36.788791485459626,10.0,6.6,13.8,21.2,21.6,11.2,15.000000000000002,54.0,74.33,85.0,0.0,1022.8,14.0,6.732
2018-08-03,8,77.46998948373675,51.66575312771387,14.4,13.2,17.87,24.2,24.5,9.799999999999999,11.3,54.0,75.33,89.0,0.0,1017.57,18.33,7.5600000000000005
2018-08-04,7,72.59002261119822,54.85980635203951,15.7,14.2,18.13,22.4,22.6,6.699999999999999,8.400000000000002,61.0,81.33,92.0,0.0,1015.23,21.0,5.508
2018-08-05,8,74.18911809563208,43.001997058018986,11.2,10.1,14.7,18.1,18.3,6.900000000000002,8.200000000000001,55.0,71.0,84.0,0.0,1017.73,30.0,11.16
2018-08-06,12,72.40870644175604,40.86883604949561,10.8,8.0,14.67,19.6,19.9,8.8,11.899999999999999,52.0,74.0,87.0,0.0,1021.93,27.0,5.4
2018-08-07,5,76.71944730098713,42.479190878756434,11.2,9.2,16.07,23.8,24.0,12.600000000000001,14.8,42.0,71.67,91.0,0.0,1020.9,18.33,7.308
2018-08-08,5,69.0189947666082,48.59226316904506,14.0,11.5,14.53,15.2,17.3,1.1999999999999993,5.800000000000001,72.0,83.0,95.0,3.6,1017.7,8.0,5.760000000000001
2018-08-09,13,69.49767459584596,43.05773542550873,10.1,9.8,12.37,15.4,15.4,5.300000000000001,5.6,75.0,85.67,96.0,4.1,1014.87,27.0,9.107999999999999
2018-08-10,9,83.86214523040422,36.96820880718632,9.2,8.8,9.87,10.8,11.1,1.6000000000000014,2.299999999999999,77.0,83.33,96.0,3.5,1015.8,28.67,21.852
2018-08-11,4,69.33730218258705,41.55184623668288,10.3,9.6,11.53,13.9,14.6,3.5999999999999996,5.0,78.0,87.67,95.0,2.0,1021.4,28.67,11.879999999999999
2018-08-12,10,66.81445585437922,50.977473916039436,13.7,12.4,16.0,19.9,20.3,6.199999999999999,7.9,70.0,87.67,97.0,1.7,1023.13,21.33,5.148
2018-08-13,11,75.85533830080014,48.961073644671295,14.4,11.6,17.83,23.8,24.0,9.4,12.4,60.0,80.0,91.0,0.0,1019.8,24.33,5.508
2018-08-14,4,78.00267069298192,46.3727227533352,14.2,10.4,18.33,24.6,24.8,10.400000000000002,14.4,56.0,79.67,96.0,0.1,1016.63,26.0,5.292
2018-08-15,11,75.24725633002758,45.851130621038294,14.2,11.2,15.6,16.8,17.1,2.6000000000000014,5.900000000000002,61.0,71.67,79.0,0.0,1023.67,16.67,10.548
2018-08-16,8,69.34870618112092,40.07746270387649,11.4,8.4,14.3,19.6,20.4,8.200000000000001,11.999999999999998,61.0,82.33,96.0,0.0,1027.63,11.0,8.388
2018-08-17,10,78.37628452566412,47.39762116764514,14.7,11.2,18.23,24.4,24.8,9.7,13.600000000000001,49.0,69.0,79.0,0.0,1026.33,9.33,6.732
2018-08-18,3,80.15514941435208,45.924238769383784,15.4,10.3,18.73,25.4,25.7,9.999999999999998,15.399999999999999,41.0,65.0,81.0,0.0,1022.47,16.67,5.652
2018-08-19,7,83.23339850713629,46.787792010250975,16.0,11.4,18.7,22.9,26.6,6.899999999999999,15.200000000000001,63.0,74.0,83.0,0.0,1018.83,10.67,9.251999999999999
2018-08-20,5,69.21551728705597,43.67395490624634,9.0,8.6,11.1,14.0,14.1,5.0,5.5,87.0,89.0,93.0,12.5,1025.47,6.0,3.6
2018-08-21,7,75.605307476992,43.21865117761686,9.2,8.5,10.67,13.5,13.6,4.300000000000001,5.1,67.0,83.0,93.0,14.200000000000001,1027.43,19.67,3.8520000000000003
2018-08-22,8,67.25993151596808,46.55556489804083,11.7,10.3,12.63,14.2,14.6,2.5,4.299999999999999,85.0,90.0,98.0,10.1,1021.97,20.0,4.680000000000001
2018-08-23,7,72.41662816960086,42.77740605190749,12.4,9.9,14.87,19.4,20.8,6.999999999999998,10.9,54.0,74.67,90.0,1.5,1017.77,30.33,10.44
2018-08-24,7,68.11998350030825,52.91857189840593,15.2,13.4,17.07,18.4,21.6,3.1999999999999993,8.200000000000001,78.0,89.33,96.0,15.8,1009.13,6.33,5.760000000000001
2018-08-25,5,76.70772479356793,40.01310273980587,11.4,9.7,14.37,16.3,16.6,4.9,6.900000000000002,47.0,70.0,94.0,10.0,1016.73,28.67,18.36
2018-08-26,14,82.25007385963193,31.92490626119381,8.6,5.2,11.5,14.9,15.3,6.300000000000001,10.100000000000001,49.0,61.0,69.0,0.0,1027.5,27.0,9.612
2018-08-27,6,76.49824593679881,32.360921657191895,8.8,3.5,13.07,21.2,21.8,12.399999999999999,18.3,35.0,55.33,77.0,0.0,1026.0,12.0,3.708
2018-08-28,5,76.8479127525946,36.80211592971975,9.8,6.4,15.57,23.8,24.1,14.0,17.700000000000003,43.0,72.33,97.0,0.1,1022.0,24.33,6.012
2018-08-29,15,91.07670186044808,47.06098976774561,16.6,10.8,21.0,29.4,29.4,12.799999999999997,18.599999999999998,46.0,66.0,78.0,0.0,1017.83,11.33,5.652
2018-08-30,9,75.89016432583622,57.91760856113863,19.6,15.9,21.63,23.1,23.4,3.5,7.499999999999998,60.0,70.33,78.0,0.0,1014.47,16.67,7.668
2018-08-31,11,58.88068500030457,60.88808797880752,17.8,16.9,18.1,18.5,18.5,0.6999999999999993,1.6000000000000014,96.0,97.33,98.0,59.0,1014.07,9.33,5.760000000000001
2018-09-01,9,59.82115142252832,59.239752433589125,16.9,16.5,17.3,17.8,18.4,0.9000000000000021,1.8999999999999986,96.0,96.0,96.0,20.1,1014.37,15.33,7.920000000000001
2018-09-02,5,64.06278937724119,60.27674307615389,17.7,16.8,18.4,19.5,20.2,1.8000000000000007,3.3999999999999986,83.0,92.67,98.0,35.4,1012.97,22.67,6.84
2018-09-03,9,60.023563774861984,56.217693741563004,16.5,15.1,17.03,17.8,17.8,1.3000000000000007,2.700000000000001,94.0,95.33,97.0,8.5,1014.77,12.0,7.2
2018-09-04,8,70.32337517675275,49.03998217896261,14.2,13.3,16.47,19.8,20.2,5.600000000000001,6.899999999999999,59.0,79.67,93.0,1.5,1018.33,21.33,18.468
2018-09-05,6,72.43068425953295,44.01606874576489,13.8,9.7,16.47,21.6,22.2,7.800000000000001,12.5,53.0,79.33,93.0,0.0,1022.6,12.33,6.588
2018-09-06,12,81.37482734128126,44.446291407324146,14.8,9.8,19.07,26.2,26.4,11.399999999999999,16.599999999999998,40.0,61.33,73.0,0.0,1021.27,13.67,6.228
2018-09-07,12,83.15199508963187,47.392799401900696,17.7,11.0,20.93,26.9,27.2,9.2,16.2,44.0,61.0,72.0,0.0,1020.27,24.33,5.867999999999999
2018-09-08,8,78.34314929620217,48.03747807184783,17.7,11.5,20.4,24.7,24.7,7.0,13.2,45.0,60.67,74.0,0.0,1020.9,21.33,6.84
2018-09-09,8,75.80683150892114,53.20535549048959,16.4,14.3,18.63,22.8,23.8,6.400000000000002,9.5,58.0,76.67,87.0,0.0,1021.43,12.33,10.8
2018-09-10,3,73.76709437998038,57.277467606533314,17.8,16.3,19.17,20.1,22.8,2.3000000000000007,6.5,71.0,77.67,84.0,0.0,1021.5,14.0,14.292000000000002
2018-09-11,7,72.2197739682881,50.24976327037098,16.8,13.3,17.6,19.2,20.6,2.3999999999999986,7.300000000000001,69.0,75.0,80.0,0.0,1022.1,14.0,12.852
2018-09-12,4,76.87506706207618,52.43845450921442,15.4,14.1,19.2,23.5,24.1,8.1,10.000000000000002,59.0,72.0,81.0,0.0,1020.4,12.33,11.879999999999999
2018-09-13,9,82.64732975689637,55.2166841198971,16.9,14.5,21.07,26.6,26.6,9.700000000000003,12.100000000000001,54.0,69.0,82.0,0.0,1015.6,12.33,6.228
2018-09-14,11,65.77589720876797,61.89922649448536,18.0,17.4,19.27,20.2,20.4,2.1999999999999993,3.0,79.0,90.0,98.0,7.6,1013.73,14.0,6.12
2018-09-15,13,71.37054913964803,56.86690911138225,16.7,15.8,18.8,22.0,22.6,5.300000000000001,6.800000000000001,69.0,86.0,96.0,10.1,1014.0,12.33,10.548
2018-09-16,6,76.82547135011212,57.9519785741025,18.0,16.5,20.37,23.0,24.2,5.0,7.699999999999999,65.0,75.0,82.0,0.0,1016.0,10.67,13.32
2018-09-17,9,77.14433757236266,60.66722025387251,19.0,17.4,20.4,23.2,24.4,4.199999999999999,7.0,69.0,76.67,84.0,0.0,1013.27,12.33,10.692
2018-09-18,6,78.10693859251391,59.21036381663608,18.4,16.3,20.4,24.0,24.8,5.600000000000001,8.5,58.0,77.33,88.0,0.0,1010.73,18.33,6.588
2018-09-19,3,91.70497133779227,55.895139464223405,19.3,15.0,22.97,29.2,29.2,9.899999999999999,14.2,49.0,70.0,83.0,0.0,1010.17,24.33,7.452
2018-09-20,10,74.38982133120001,55.667105844477994,19.1,16.0,20.83,22.0,22.0,2.8999999999999986,6.0,60.0,70.0,77.0,0.0,1015.17,14.0,19.548
2018-09-21,9,85.96484905916803,59.24778992501562,18.4,16.7,21.0,26.0,27.2,7.600000000000001,10.5,63.0,78.0,94.0,0.1,1015.27,15.33,9.612
2018-09-22,5,110.95040165411197,60.75507912085804,22.3,16.9,26.1,33.0,33.4,10.7,16.5,42.0,68.0,82.0,0.0,1012.7,17.0,6.12
2018-09-23,1,80.2114508767002,64.6742749819974,19.5,18.2,21.83,25.4,25.5,5.899999999999999,7.300000000000001,68.0,86.0,96.0,11.7,1011.73,6.33,3.708
2018-09-24,16,69.80038040595677,62.55025165069189,19.0,18.1,20.27,22.4,22.6,3.3999999999999986,4.5,85.0,91.33,95.0,46.400000000000006,1014.17,16.67,9.72
2018-09-25,6,68.45040672846412,59.140521294534125,19.0,16.6,19.47,20.3,21.7,1.3000000000000007,5.099999999999998,86.0,89.0,93.0,1.3,1016.2,14.0,9.107999999999999
2018-09-26,9,84.23436868569615,63.9246612066582,19.2,18.3,22.73,26.2,26.6,7.0,8.3,68.0,82.0,96.0,7.6,1012.97,22.67,6.228
2018-09-27,5,76.7350708437114,65.48795314730361,20.0,19.4,22.0,23.8,24.4,3.8000000000000007,5.0,77.0,81.67,85.0,0.0,1013.33,16.67,10.548
2018-09-28,2,81.75173332872171,64.2663747638598,20.8,19.1,22.5,25.8,26.0,5.0,6.899999999999999,70.0,79.33,87.0,0.1,1015.67,12.33,13.572000000000001
2018-09-29,4,107.5138880233656,64.31112083693753,20.3,18.9,25.77,32.0,32.3,11.7,13.399999999999999,56.0,71.67,90.0,0.0,1011.53,11.0,10.44
2018-09-30,10,79.18508393318405,63.04789741675149,20.0,18.0,23.13,24.8,25.2,4.800000000000001,7.199999999999999,64.0,79.0,89.0,2.4,1009.53,25.67,6.84
2018-10-01,7,83.55471711539201,64.4961928054346,20.6,18.5,22.57,25.2,26.4,4.599999999999998,7.899999999999999,69.0,83.0,93.0,28.6,1009.77,15.33,5.867999999999999
2018-10-02,5,64.73578646377617,55.09962542027769,16.2,15.2,18.0,20.4,20.4,4.199999999999999,5.199999999999999,88.0,92.0,94.0,7.6,1013.97,20.0,11.879999999999999
2018-10-03,5,63.250794735710116,57.042767892411554,15.8,15.7,16.9,17.6,19.4,1.8000000000000007,3.6999999999999993,90.0,92.33,96.0,5.7,1016.6,15.33,9.0
2018-10-04,7,76.93948088560003,47.92975080947413,16.3,11.4,19.37,23.6,24.0,7.300000000000001,12.6,47.0,69.0,87.0,0.6,1020.47,18.33,6.588
2018-10-05,7,76.65503149586885,46.69864376444666,17.1,11.2,18.77,22.0,22.2,4.899999999999999,11.0,41.0,54.33,66.0,0.0,1022.83,10.67,8.28
2018-10-06,7,75.72137375516829,41.002961383088056,14.6,9.1,17.5,21.6,22.2,7.000000000000002,13.1,50.0,63.0,74.0,0.0,1021.3,14.0,10.08
2018-10-07,4,86.66829159783205,52.357419696224994,16.2,14.2,21.5,28.1,28.3,11.900000000000002,14.100000000000001,48.0,63.67,73.0,0.0,1016.3,6.33,13.212
2018-10-08,7,100.19974419625122,61.89324977483582,20.9,17.5,25.37,31.2,31.3,10.3,13.8,51.0,68.33,82.0,0.0,1011.23,17.0,6.84
2018-10-09,6,91.00852046379363,68.23528625954134,21.0,20.4,23.67,25.8,28.5,4.800000000000001,8.100000000000001,64.0,76.67,85.0,0.7,1009.07,18.33,8.532
2018-10-10,7,76.32369743834215,62.97983669505287,19.6,18.1,21.47,24.2,24.2,4.599999999999998,6.099999999999998,62.0,80.33,91.0,0.2,1015.33,16.67,7.920000000000001
2018-10-11,4,76.22517047595201,52.26191623013759,18.4,14.0,20.07,21.2,23.1,2.8000000000000007,9.100000000000001,56.0,64.33,75.0,0.0,1021.8,14.0,11.628
2018-10-12,8,87.65666012004087,57.78203254444919,17.7,16.0,22.1,28.3,28.3,10.600000000000001,12.3,57.0,67.67,73.0,0.0,1015.4,18.33,8.892000000000001
2018-10-13,8,70.76114742754845,57.01857398103738,17.8,15.9,19.63,22.5,22.5,4.699999999999999,6.6,80.0,87.33,92.0,4.6,1013.5,21.33,10.908
2018-10-14,8,75.87827022019196,53.2277323720983,16.2,14.1,18.93,23.0,23.6,6.800000000000001,9.500000000000002,59.0,73.0,83.0,0.1,1017.53,21.33,9.107999999999999
2018-10-15,3,85.13324056750018,54.47217465695966,17.2,14.8,21.9,27.4,27.5,10.2,12.7,50.0,68.0,82.0,0.0,1014.07,12.33,10.548
2018-10-16,10,94.31311842189652,57.9107871813151,18.7,15.7,24.07,29.6,30.3,10.900000000000002,14.600000000000001,45.0,65.33,84.0,0.0,1011.6,12.33,6.372
2018-10-17,8,98.37294959544639,64.69010810469149,21.9,18.5,25.63,29.0,30.8,7.100000000000001,12.3,60.0,69.33,84.0,0.0,1010.0,11.0,5.292
2018-10-18,2,85.59841588627208,68.98213093687318,23.2,20.3,24.67,26.0,27.2,2.8000000000000007,6.899999999999999,71.0,76.0,80.0,0.0,1010.37,22.67,4.572
2018-10-19,4,80.37503555377202,62.135324911111965,21.8,18.0,23.27,25.3,25.7,3.5,7.699999999999999,51.0,70.0,88.0,0.0,1017.47,16.67,10.548
2018-10-20,3,76.56204247120013,52.04245626821414,18.3,14.0,20.23,22.8,23.0,4.5,9.0,47.0,60.0,74.0,0.0,1021.73,18.33,12.492
2018-10-21,5,79.37822043817603,49.29037239992891,16.0,12.7,20.5,25.4,25.4,9.399999999999999,12.7,44.0,59.0,73.0,0.0,1019.47,13.67,11.052
2018-10-22,8,93.33652238996811,56.049304834292336,18.4,15.2,23.23,29.6,30.3,11.200000000000003,15.100000000000001,48.0,63.0,79.0,0.0,1013.93,24.33,8.388
2018-10-23,3,79.1945056310079,61.985274940118806,22.0,18.1,23.0,23.8,25.2,1.8000000000000007,7.099999999999998,61.0,68.0,74.0,0.0,1016.67,14.0,12.6
2018-10-24,10,77.41079801055598,55.514561945869275,18.4,15.6,21.13,23.9,24.1,5.5,8.500000000000002,59.0,64.0,73.0,0.0,1019.47,14.0,14.508000000000001
2018-10-25,7,88.417231863776,61.76824582166052,19.2,17.7,23.2,28.0,28.6,8.8,10.900000000000002,55.0,66.67,76.0,0.0,1016.43,12.33,9.0
2018-10-26,6,87.89557167427209,63.161217761790475,21.2,18.3,23.4,26.2,27.8,5.0,9.5,63.0,76.0,83.0,0.0,1011.4,16.67,9.107999999999999
2018-10-27,3,74.17823900920031,58.222215539316295,17.7,16.7,20.1,22.9,23.5,5.199999999999999,6.800000000000001,60.0,83.0,96.0,19.2,1010.2,18.0,14.508000000000001
2018-10-28,5,77.73170153926496,53.11792769627676,17.7,13.7,20.73,24.0,24.4,6.300000000000001,10.7,50.0,66.67,81.0,0.2,1016.53,16.67,6.84
2018-10-29,5,82.20037251068817,57.71963705283018,17.7,15.2,21.67,26.0,26.6,8.3,11.400000000000002,53.0,65.0,77.0,0.0,1015.73,6.0,4.32
2018-10-30,7,103.78502297520023,62.536110939779164,19.6,17.0,25.2,32.2,33.0,12.600000000000001,16.0,41.0,61.0,79.0,0.0,1012.47,13.67,2.8800000000000003
2018-10-31,4,80.88668860277296,68.2147084199976,21.4,20.4,23.9,25.6,25.8,4.200000000000003,5.400000000000002,69.0,75.33,85.0,23.5,1010.23,26.0,8.64
2018-11-01,7,74.41524125084825,61.234103717800586,19.4,17.5,21.67,23.2,23.2,3.8000000000000007,5.699999999999999,68.0,78.0,85.0,2.3,1014.23,19.67,9.251999999999999
2018-11-02,8,82.41583736679756,52.13145596283341,17.8,13.4,21.43,26.8,26.8,9.0,13.4,45.0,62.67,79.0,0.0,1014.97,12.33,7.5600000000000005
2018-11-03,4,68.89127881455002,63.50975647351774,19.8,18.2,20.47,21.6,21.6,1.8000000000000007,3.400000000000002,78.0,87.33,97.0,17.1,1009.43,26.0,6.84
2018-11-04,8,79.64023749385599,55.01782676667977,19.1,14.6,21.93,25.0,25.4,5.899999999999999,10.799999999999999,53.0,69.0,87.0,0.0,1014.87,14.0,7.308
2018-11-05,10,91.96757654324244,58.92895777871633,19.0,16.2,23.93,29.4,29.8,10.399999999999999,13.600000000000001,50.0,64.33,79.0,0.0,1015.4,12.33,6.732
2018-11-06,5,92.9603139866561,61.78182063730488,21.0,17.1,24.87,29.6,29.6,8.600000000000001,12.5,60.0,69.0,79.0,0.0,1014.6,10.67,4.680000000000001
2018-11-07,4,79.20846527510199,66.33528020329072,21.7,19.7,22.77,24.2,25.2,2.5,5.5,68.0,75.33,84.0,1.0,1020.67,14.0,9.828
2018-11-08,10,84.80931665854641,61.86128314503336,19.9,17.8,23.5,27.2,27.6,7.300000000000001,9.8,51.0,64.67,83.0,0.3,1022.2,10.67,9.612
2018-11-09,6,94.56561536218017,59.28830937439908,20.4,16.3,25.27,31.4,31.4,11.0,15.099999999999998,44.0,56.33,72.0,0.0,1017.5,12.0,6.372
2018-11-10,6,107.92336815805965,66.60220543383411,23.0,19.0,27.67,33.6,33.9,10.600000000000001,14.899999999999999,46.0,60.67,77.0,0.0,1011.83,21.33,3.3480000000000003
2018-11-11,10,107.90769470606277,71.02853725112122,26.0,21.4,29.0,34.0,34.1,8.0,12.700000000000003,46.0,59.33,72.0,0.0,1010.33,26.0,6.228
2018-11-12,7,114.07383744116784,70.11706388973435,26.4,20.7,29.0,34.1,34.7,7.700000000000003,14.000000000000004,54.0,63.0,71.0,0.0,1010.9,9.33,3.8520000000000003
2018-11-13,5,113.84743318372013,72.31135111742276,23.5,21.6,28.13,33.8,34.0,10.299999999999997,12.399999999999999,49.0,67.33,85.0,0.0,1008.73,10.67,3.24
2018-11-14,7,89.61776214167631,71.51006443295493,24.0,21.6,25.93,28.2,28.2,4.199999999999999,6.599999999999998,62.0,76.33,89.0,18.9,1006.07,28.67,6.12
2018-11-15,7,87.53784345524511,61.05494774975396,23.0,17.2,25.13,29.0,29.2,6.0,12.0,34.0,56.67,69.0,0.0,1010.53,30.33,7.308
2018-11-16,7,89.11718779854411,59.93976511730408,23.4,16.3,25.87,28.8,29.7,5.400000000000002,13.399999999999999,51.0,57.0,63.0,0.0,1015.83,6.0,4.788
2018-11-17,8,89.93388539760014,63.480147565929585,21.9,18.4,25.43,28.6,29.0,6.700000000000003,10.600000000000001,58.0,67.0,82.0,0.0,1013.0,11.0,8.748000000000001
2018-11-18,7,74.13642018128485,64.58028710317507,21.3,18.9,21.97,23.1,23.3,1.8000000000000007,4.400000000000002,76.0,80.67,86.0,27.5,1010.03,18.33,9.107999999999999
2018-11-19,3,79.5144665540618,51.86405510202728,19.1,12.7,21.7,25.4,25.5,6.299999999999997,12.8,50.0,58.33,70.0,0.0,1018.17,12.0,4.788
2018-11-20,5,86.02514617747192,50.98690673954356,18.6,13.5,22.8,28.6,28.8,10.0,15.3,41.0,55.0,66.0,0.0,1018.5,18.33,11.879999999999999
2018-11-21,4,99.86845642873628,54.330891840417934,20.0,14.4,25.13,32.3,32.4,12.299999999999997,18.0,40.0,59.0,73.0,0.0,1016.17,21.33,7.920000000000001
2018-11-22,3,104.7987715367415,63.25089310075783,21.7,17.5,26.6,32.7,33.7,11.000000000000004,16.200000000000003,43.0,57.67,73.0,0.0,1012.4,15.33,3.492
2018-11-23,7,106.86066640295648,66.77026667424474,24.6,19.6,28.3,32.1,33.3,7.5,13.699999999999996,55.0,63.33,76.0,0.0,1007.6,10.67,6.732
2018-11-24,4,79.04936009163768,69.59820359624479,21.4,20.5,22.8,25.2,25.2,3.8000000000000007,4.699999999999999,78.0,87.67,97.0,55.699999999999996,1004.87,21.33,4.068
2018-11-25,5,81.39097163338823,61.62861200991205,22.0,17.4,23.37,26.1,26.1,4.100000000000001,8.700000000000003,50.0,70.0,91.0,0.8,1013.33,21.33,6.9479999999999995
2018-11-26,3,80.57062783541703,52.70203600873789,19.4,13.5,22.4,25.6,26.2,6.200000000000003,12.7,44.0,56.33,65.0,0.0,1019.33,7.67,6.732
2018-11-27,7,82.4436108538736,60.507007498673055,19.7,17.3,22.63,25.2,26.5,5.5,9.2,67.0,69.67,72.0,0.0,1017.8,12.33,10.332
2018-11-28,7,80.31849973660526,66.80784116133617,20.7,19.4,22.63,24.8,25.6,4.100000000000001,6.200000000000003,71.0,75.67,79.0,0.0,1014.67,7.67,5.04
2018-11-29,6,101.72932721387197,70.67628954474975,23.2,20.4,26.57,30.4,31.3,7.199999999999999,10.900000000000002,58.0,71.0,83.0,0.0,1011.0,21.33,1.548
2018-11-30,3,96.20189557542763,72.14811180542182,22.3,21.6,25.43,28.4,29.3,6.099999999999998,7.699999999999999,67.0,80.33,95.0,1.7,1007.0,10.67,3.708
2018-12-01,7,90.07102761381802,67.48578647586703,22.6,19.2,23.2,24.0,27.6,1.3999999999999986,8.400000000000002,85.0,88.33,90.0,8.1,1007.07,10.67,2.52
2018-12-02,9,75.93022102156809,57.19674565879832,18.0,15.9,20.83,23.0,23.4,5.0,7.499999999999998,53.0,70.0,84.0,4.199999999999999,1013.63,19.67,10.188
2018-12-03,5,77.88343590017546,51.15694581090693,17.6,13.0,20.07,23.9,24.3,6.299999999999997,11.3,41.0,57.67,69.0,0.0,1014.1,15.0,7.668
2018-12-04,9,82.64476418997086,53.245999433212624,20.4,13.8,22.93,28.0,28.0,7.600000000000001,14.2,29.0,46.33,55.0,0.0,1007.27,21.33,7.092
2018-12-05,3,82.12597587971001,61.594468382188325,21.1,17.6,23.23,26.4,27.0,5.299999999999997,9.399999999999999,53.0,56.67,59.0,0.0,1009.6,21.33,8.748000000000001
2018-12-06,2,78.42316742718965,58.00394627295113,20.0,16.2,21.77,24.4,24.8,4.399999999999999,8.600000000000001,59.0,66.67,71.0,0.0,1016.4,16.67,9.828
2018-12-07,3,76.68177234294403,54.4000211280738,19.0,14.9,20.73,22.5,22.8,3.5,7.9,40.0,57.0,70.0,0.0,1020.4,18.33,11.772
2018-12-08,5,80.16298581518566,48.67982526150618,17.7,11.8,20.7,25.6,26.0,7.900000000000002,14.2,40.0,55.33,65.0,0.0,1021.8,9.33,6.9479999999999995
2018-12-09,8,90.82801987205423,55.84450389168915,19.0,14.8,23.6,31.0,31.0,12.0,16.2,37.0,50.33,58.0,0.0,1018.1,15.33,6.372
2018-12-10,5,103.22207400751614,66.03621562327572,23.6,19.0,27.53,33.1,33.9,9.5,14.899999999999999,38.0,54.0,69.0,0.0,1015.77,19.67,4.680000000000001
2018-12-11,7,115.64972522655694,71.15217458645182,28.1,21.5,31.5,37.4,37.9,9.299999999999997,16.4,32.0,46.67,55.0,0.0,1014.2,12.33,6.732
2018-12-12,10,94.575231508768,75.74902147782382,24.9,23.5,28.03,29.6,30.4,4.700000000000003,6.899999999999999,55.0,65.0,80.0,0.1,1012.93,24.33,6.84
2018-12-13,7,103.3774897319467,70.66040327565567,26.7,21.6,27.8,29.7,31.7,3.0,10.099999999999998,65.0,70.33,74.0,0.0,1013.4,13.67,11.268
2018-12-14,7,127.19112424579055,73.07534282234946,23.7,22.5,29.57,35.6,36.4,11.900000000000002,13.899999999999999,49.0,65.67,86.0,0.1,1009.5,24.33,9.251999999999999
2018-12-15,10,99.63235382155897,72.70582163913087,23.8,22.1,25.5,27.3,30.0,3.5,7.899999999999999,69.0,79.67,87.0,10.200000000000001,1016.63,25.67,5.867999999999999
2018-12-16,4,114.2065111029072,71.90077858693498,23.2,21.7,27.37,32.5,33.3,9.3,11.599999999999998,56.0,72.67,87.0,0.6,1016.2,18.33,5.4
2018-12-17,7,128.04303408880008,74.75028404976464,28.3,23.2,31.93,36.6,37.0,8.3,13.8,50.0,63.0,77.0,0.0,1010.33,26.0,9.107999999999999
2018-12-18,7,88.97712701833619,72.18417714470695,24.0,21.6,24.37,24.6,27.6,0.6000000000000014,6.0,80.0,84.0,91.0,17.5,1015.33,9.33,3.6
2018-12-19,6,100.31577105999995,69.99904092534467,21.8,21.0,25.5,29.0,30.0,7.199999999999999,9.0,71.0,81.0,95.0,1.5,1013.73,9.33,6.732
2018-12-20,4,98.0763978062057,73.18140473033887,23.2,22.0,24.9,28.3,29.4,5.100000000000001,7.399999999999999,66.0,83.33,95.0,12.1,1010.53,22.67,3.24
2018-12-21,6,86.00701846039631,70.26076023181511,22.2,21.1,23.5,24.4,26.9,2.1999999999999993,5.799999999999997,82.0,85.33,91.0,7.2,1007.27,22.67,6.588
2018-12-22,4,101.14811458033194,71.36230911304963,25.2,21.5,26.97,30.4,31.3,5.199999999999999,9.8,52.0,70.0,80.0,0.0,1008.7,19.67,5.760000000000001
2018-12-23,1,95.31450775561463,68.82371835358998,24.9,20.6,27.2,29.6,30.4,4.700000000000003,9.799999999999997,56.0,66.67,79.0,0.0,1012.6,16.67,7.920000000000001
2018-12-24,3,90.59497125781249,64.57088669464581,23.0,19.0,25.67,28.8,29.3,5.800000000000001,10.3,56.0,65.67,72.0,0.0,1015.63,15.33,10.332
2018-12-25,6,95.18675204622555,65.64791573670601,22.2,19.3,25.93,29.4,30.3,7.199999999999999,11.0,57.0,67.33,79.0,0.0,1014.2,14.0,8.532
2018-12-26,6,100.00997789907676,70.328899425269,23.3,21.4,26.7,30.6,31.7,7.300000000000001,10.3,55.0,64.67,73.0,0.0,1012.37,9.33,10.188
2018-12-27,5,110.7730218685122,68.87946067991774,23.8,20.5,28.1,33.7,33.8,9.900000000000002,13.299999999999997,53.0,65.0,77.0,0.0,1010.37,13.67,6.588
2018-12-28,5,118.55867305377987,69.90585188772197,25.2,21.2,29.6,35.6,36.1,10.400000000000002,14.900000000000002,36.0,59.33,78.0,0.0,1008.77,21.0,9.828
2018-12-29,3,113.92072002531475,70.88043279578173,27.6,21.1,30.13,34.6,35.1,7.0,14.0,49.0,60.33,68.0,0.0,1008.93,7.67,4.212
2018-12-30,6,130.17181853033202,73.86520336601302,25.6,22.4,30.6,36.6,37.2,11.0,14.800000000000004,48.0,63.67,81.0,0.0,1008.33,17.0,3.8520000000000003
2018-12-31,7,103.14908160723242,77.65527194885203,25.9,24.3,29.0,31.3,31.9,5.400000000000002,7.599999999999998,62.0,68.33,81.0,0.0,1010.57,10.67,6.372
2019-01-01,3,129.31108600787874,76.45658942754457,26.6,23.8,30.47,35.8,36.6,9.199999999999996,12.8,45.0,66.33,82.0,0.0,1012.03,7.67,6.732
2019-01-02,3,136.0209872884747,77.90325600382737,27.0,24.4,31.47,38.0,38.5,11.0,14.100000000000001,45.0,61.33,75.0,0.0,1009.13,17.0,6.228
2019-01-03,8,122.61316428175174,71.30693953736969,25.8,21.2,29.2,34.2,34.2,8.400000000000002,13.000000000000004,61.0,75.33,86.0,6.8,1007.27,6.0,3.6
2019-01-04,13,84.36371657091384,68.34675826757217,21.4,19.8,22.47,24.0,26.5,2.6000000000000014,6.699999999999999,77.0,86.33,92.0,7.4,1012.7,9.33,3.3480000000000003
2019-01-05,4,89.28465330148569,66.73306567117092,21.6,20.1,24.3,28.4,28.4,6.799999999999997,8.299999999999997,62.0,72.33,82.0,0.0,1014.87,14.0,13.428
2019-01-06,13,117.82745079942741,71.1601109330166,23.0,21.4,28.67,35.2,35.3,12.200000000000003,13.899999999999999,47.0,63.33,78.0,0.0,1010.63,18.33,5.652
2019-01-07,6,123.35009828445988,77.6802030281126,26.0,24.4,28.0,31.2,34.6,5.199999999999999,10.200000000000003,59.0,73.33,82.0,3.8000000000000003,1005.03,22.67,8.172
2019-01-08,10,104.00814997000009,73.29311833741943,26.0,22.4,28.53,32.2,32.5,6.200000000000003,10.100000000000001,52.0,65.0,74.0,0.1,1011.37,10.33,6.372
2019-01-09,6,90.95363351485648,78.00098851171475,26.0,24.4,27.1,28.3,28.9,2.3000000000000007,4.5,66.0,71.33,74.0,0.2,1011.67,15.33,5.508
2019-01-10,5,98.00435070568074,82.4768,26.6,24.0,27.4,28.2,30.2,1.5999999999999979,6.199999999999999,72.0,74.33,77.0,0.2,1009.7,0.0,0.0
2019-01-11,4,86.75161158995225,74.99283664637221,24.0,23.0,25.73,27.4,27.4,3.3999999999999986,4.399999999999999,74.0,78.0,85.0,0.1,1015.43,16.67,4.680000000000001
2019-01-12,4,83.33016424880161,72.30530824755893,23.2,22.0,24.57,26.5,26.5,3.3000000000000007,4.5,74.0,77.67,81.0,0.0,1017.23,9.33,6.732
2019-01-13,5,126.72902885301545,74.17533385928024,23.6,22.4,28.67,35.0,35.5,11.399999999999999,13.100000000000001,46.0,70.67,92.0,0.2,1013.57,9.33,2.8800000000000003
2019-01-14,9,106.61498288826061,75.11244085243266,27.5,23.2,29.37,32.6,32.7,5.100000000000001,9.500000000000004,59.0,67.33,73.0,0.3,1012.63,12.33,6.48
2019-01-15,5,123.6981798667679,77.31966614332708,25.4,24.0,29.23,34.7,34.7,9.300000000000004,10.700000000000003,54.0,73.0,89.0,2.6,1011.17,21.33,4.212
2019-01-16,3,106.4191849537135,75.14950286389191,27.4,23.3,29.2,30.6,31.9,3.200000000000003,8.599999999999998,68.0,73.33,79.0,33.8,1008.8,19.67,7.812
2019-01-17,8,90.91865559039981,72.8881975500955,25.1,22.4,26.63,28.0,28.0,2.8999999999999986,5.600000000000001,80.0,84.0,92.0,14.4,1013.2,18.0,8.892000000000001
2019-01-18,6,96.25096525254423,72.14811180542182,22.6,21.6,24.83,27.3,28.8,4.699999999999999,7.199999999999999,84.0,87.0,93.0,7.4,1014.1,7.67,3.708
2019-01-19,4,77.36890310969797,66.853786275456,20.4,19.8,22.47,24.8,24.8,4.400000000000002,5.0,84.0,90.33,94.0,12.8,1013.87,15.33,8.388
2019-01-20,7,92.5707716332482,65.14508964181366,20.0,19.2,23.7,27.5,28.6,7.5,9.400000000000002,63.0,80.0,96.0,5.0,1016.7,14.0,9.828
2019-01-21,2,98.86765846016023,70.70541053367185,22.5,21.2,24.7,27.8,29.8,5.300000000000001,8.600000000000001,73.0,80.33,85.0,0.0,1014.23,9.33,5.652
2019-01-22,4,117.73209190728826,69.91870368190347,24.0,20.5,27.67,32.7,34.0,8.700000000000003,13.5,57.0,71.67,85.0,0.0,1014.67,21.33,3.24
2019-01-23,6,118.31403256015851,72.68335072877014,26.3,22.2,30.0,34.8,34.9,8.499999999999996,12.7,49.0,66.33,80.0,0.0,1013.63,23.0,7.2
2019-01-24,5,105.40012608564606,78.37462818454739,28.0,24.8,28.73,30.0,31.6,2.0,6.800000000000001,71.0,74.33,80.0,4.6,1014.9,14.0,11.16
2019-01-25,12,102.14838742301907,72.58703294521709,25.2,22.4,28.03,31.5,31.7,6.300000000000001,9.3,48.0,68.33,89.0,1.4,1016.1,12.33,11.268
2019-01-26,7,122.27815502565208,75.9637946413575,25.9,23.4,30.13,35.6,35.7,9.700000000000003,12.300000000000004,51.0,65.33,81.0,0.0,1013.97,13.67,4.32
2019-01-27,8,118.15558207423102,73.48379251957567,27.1,22.5,30.2,34.8,35.3,7.699999999999996,12.799999999999997,49.0,63.67,78.0,0.0,1013.6,15.33,6.588
2019-01-28,10,116.93809015721953,78.17392900724934,28.8,24.6,31.53,36.0,36.1,7.199999999999999,11.5,47.0,57.67,67.0,0.0,1013.2,24.33,7.920000000000001
2019-01-29,7,123.43456968834121,82.31160087479151,30.4,26.3,32.83,36.8,37.3,6.399999999999999,10.999999999999996,44.0,57.33,65.0,0.0,1013.9,24.33,5.508
2019-01-30,8,131.8505153622146,82.7299650373896,29.1,26.5,32.37,37.2,38.4,8.100000000000001,11.899999999999999,42.0,58.67,73.0,0.0,1011.17,10.67,6.012
2019-01-31,8,119.28237952917198,77.65357877413817,30.1,24.0,33.3,36.6,36.7,6.5,12.700000000000003,50.0,56.67,67.0,0.0,1010.67,19.67,2.7720000000000002
2019-02-01,9,137.26120360480465,76.13405898646783,24.2,23.5,27.67,29.4,36.0,5.199999999999999,12.5,68.0,76.33,93.0,15.9,1012.53,6.0,4.572
2019-02-02,4,106.43279152387805,72.81968234439482,24.2,22.0,26.93,31.0,31.0,6.800000000000001,9.0,67.0,81.33,92.0,3.2,1013.6,16.67,4.428
2019-02-03,5,80.40762973419851,66.37549870688217,22.0,19.7,23.17,24.5,25.6,2.5,5.900000000000002,62.0,78.67,93.0,20.3,1019.03,15.33,9.612
2019-02-04,3,82.34682576410319,60.88733868828537,21.8,17.3,23.87,25.4,26.6,3.599999999999998,9.3,59.0,66.33,73.0,0.0,1020.27,14.0,8.748000000000001
2019-02-05,4,86.75451094558446,60.48290487515441,21.8,17.3,24.67,27.8,28.6,6.0,11.3,52.0,60.33,69.0,0.0,1019.03,14.0,10.44
2019-02-06,9,94.33386753742981,63.30774029036504,22.7,18.0,25.63,30.2,30.2,7.5,12.2,56.0,66.33,72.0,0.0,1015.77,9.33,6.012
2019-02-07,8,103.73024536855728,67.5091850271619,23.2,19.6,26.73,32.0,32.4,8.8,12.799999999999997,50.0,65.33,76.0,0.0,1011.83,9.33,4.32
2019-02-08,3,111.00291836848096,66.77664525923913,25.4,19.5,28.6,34.2,34.5,8.800000000000004,15.0,37.0,60.67,75.0,0.0,1010.8,26.0,5.867999999999999
2019-02-09,6,124.5491332621625,72.63865211302172,27.1,22.0,30.3,35.7,37.3,8.600000000000001,15.299999999999997,45.0,58.33,66.0,0.0,1009.53,22.67,5.148
2019-02-10,7,94.90267892113678,77.44760278873044,25.0,24.0,28.07,29.8,29.8,4.800000000000001,5.800000000000001,56.0,71.67,90.0,1.6,1007.5,22.67,3.6
2019-02-11,3,120.97222378025063,74.23673933571743,24.4,22.8,29.2,34.4,34.7,10.0,11.900000000000002,53.0,70.33,90.0,2.8,1006.4,21.33,6.228
2019-02-12,7,79.46994864972405,69.37976378556124,23.4,20.6,23.43,23.5,25.3,0.10000000000000142,4.699999999999999,80.0,84.0,91.0,15.5,1014.7,23.0,5.508
2019-02-13,6,83.35861907919987,59.5508006290324,20.4,16.9,22.67,26.8,27.0,6.400000000000002,10.100000000000001,53.0,66.0,80.0,0.7,1019.53,13.67,10.332
2019-02-14,5,94.13423175394217,66.32080847223523,21.8,19.2,25.47,30.4,31.0,8.599999999999998,11.8,45.0,58.67,67.0,0.0,1015.43,7.67,5.148
2019-02-15,2,79.80530593178402,69.5524643226952,21.6,20.4,23.63,25.4,25.4,3.799999999999997,5.0,73.0,80.67,93.0,6.6,1011.33,9.0,3.6
2019-02-16,11,91.33830583993085,68.71744745904044,23.2,20.5,25.0,27.0,28.6,3.8000000000000007,8.100000000000001,67.0,76.33,83.0,3.8,1012.6,14.0,7.308
2019-02-17,2,91.78475888387202,68.06374407816003,23.0,20.4,25.73,29.0,29.4,6.0,9.0,54.0,68.0,83.0,0.0,1014.47,12.33,9.468
2019-02-18,8,102.14838742301907,72.40186661681139,23.8,22.3,27.1,31.4,31.7,7.599999999999998,9.399999999999999,52.0,68.33,79.0,0.0,1012.3,10.67,10.8
2019-02-19,4,108.47057001460796,71.052405483504,24.4,21.4,26.87,31.6,32.3,7.200000000000003,10.899999999999999,55.0,73.0,82.0,0.0,1008.57,24.33,6.12
2019-02-20,10,110.23711149370689,76.37571006553068,26.4,22.8,29.07,33.6,33.8,7.200000000000003,10.999999999999996,47.0,64.33,74.0,0.0,1009.67,6.0,0.6120000000000001
2019-02-21,7,115.07330058979197,68.27661011540923,26.6,20.1,29.47,34.8,35.2,8.199999999999996,15.100000000000001,41.0,61.0,71.0,0.0,1013.27,18.33,5.4
2019-02-22,3,111.03683526492419,68.70571726369322,25.4,20.6,28.47,33.6,34.3,8.200000000000003,13.699999999999996,46.0,62.0,78.0,0.0,1013.27,25.67,8.532
2019-02-23,2,117.10663172881587,72.81340069593298,27.8,22.2,30.5,35.9,35.9,8.099999999999998,13.7,39.0,59.0,71.0,0.0,1009.53,13.67,6.48
2019-02-24,4,104.5206619731743,74.44956636962198,27.5,22.2,28.8,30.4,32.0,2.8999999999999986,9.8,61.0,69.67,81.0,11.8,1003.33,12.0,1.4400000000000002
2019-02-25,5,74.30204590080017,66.523655669825,21.4,19.2,22.27,24.0,24.0,2.6000000000000014,4.800000000000001,89.0,91.0,93.0,25.799999999999997,1009.2,13.0,4.572
2019-02-26,6,78.16545227171706,76.54769,19.6,18.7,21.53,24.2,24.9,4.599999999999998,6.199999999999999,69.0,82.67,97.0,3.1,1013.83,0.0,0.0
2019-02-27,11,78.28049554043204,62.444737585557526,21.0,18.2,22.77,24.2,24.7,3.1999999999999993,6.5,64.0,65.0,66.0,0.0,1015.6,14.0,11.412
2019-02-28,7,91.58864738668224,60.66583156748304,20.0,16.9,23.07,28.2,29.2,8.2,12.3,51.0,69.67,82.0,0.0,1015.37,13.67,6.372
2019-03-01,8,97.27243839769619,62.87487861332533,22.4,17.0,25.47,31.3,31.4,8.900000000000002,14.399999999999999,43.0,62.0,75.0,0.0,1014.37,15.33,2.4120000000000004
2019-03-02,10,97.86198237592812,66.64002191640843,23.8,19.8,26.3,30.9,31.5,7.099999999999998,11.7,39.0,62.33,79.0,0.0,1012.53,24.33,9.468
2019-03-03,5,91.84119733595216,70.9317037492086,23.8,21.2,26.67,29.8,29.9,6.0,8.7,55.0,63.0,75.0,0.0,1014.7,4.67,4.788
2019-03-04,6,117.90436604395218,71.08763013553539,22.2,21.1,28.0,35.2,35.7,13.000000000000004,14.600000000000001,41.0,61.0,79.0,0.0,1013.73,15.33,3.6
2019-03-05,5,115.50346333411323,70.9215478542304,27.4,21.4,30.3,34.6,34.9,7.200000000000003,13.5,51.0,63.33,77.0,0.0,1012.83,25.67,6.732
2019-03-06,9,112.6705926654055,70.658390266556,21.6,21.0,25.2,30.2,31.7,8.599999999999998,10.7,66.0,83.67,95.0,15.399999999999999,1015.1,1.67,4.212
2019-03-07,5,112.11340669624236,80.91062000000001,26.0,22.6,28.13,32.4,33.7,6.399999999999999,11.100000000000001,54.0,67.33,74.0,0.0,1011.77,0.0,0.0
2019-03-08,5,97.83474973460817,74.40636655453199,24.0,22.7,26.67,29.9,30.1,5.899999999999999,7.400000000000002,65.0,75.0,83.0,0.1,1010.9,21.0,4.32
2019-03-09,3,72.79154474689994,67.00493720206858,21.4,20.0,22.6,23.4,23.6,2.0,3.6000000000000014,83.0,91.67,98.0,44.199999999999996,1015.6,15.33,10.08
2019-03-10,6,78.49626737755202,62.41942123795435,20.2,18.1,22.47,24.0,24.9,3.8000000000000007,6.799999999999997,60.0,73.0,87.0,4.0,1020.73,14.0,10.332
2019-03-11,6,84.61105300861243,61.10979456432099,20.0,17.3,22.93,26.0,27.2,6.0,9.899999999999999,61.0,70.33,77.0,0.0,1019.2,9.0,7.920000000000001
2019-03-12,7,90.55381666959484,65.10546270282416,21.5,18.7,24.57,28.8,28.8,7.300000000000001,10.100000000000001,60.0,71.33,79.0,0.0,1014.23,15.0,5.4
2019-03-13,9,89.05177434994677,71.20580775986986,23.2,21.6,24.97,26.6,28.0,3.400000000000002,6.399999999999999,74.0,77.33,83.0,1.1,1010.13,33.33,7.668
2019-03-14,6,89.77833040212633,65.23810618951421,22.4,19.2,25.27,28.8,28.9,6.400000000000002,9.7,48.0,67.67,80.0,0.0,1011.53,27.0,9.360000000000001
2019-03-15,6,98.00435070568074,67.09228101310532,22.9,19.3,25.23,28.4,30.2,5.5,10.899999999999999,65.0,74.33,80.0,0.0,1014.8,10.67,3.708
2019-03-16,3,101.53730414864636,69.41136376992104,23.3,20.9,26.33,30.2,31.0,6.899999999999999,10.100000000000001,60.0,73.33,80.0,0.0,1015.9,12.33,8.532
2019-03-17,7,80.93224397363612,69.8015583013838,21.5,21.1,23.1,24.2,25.7,2.6999999999999993,4.599999999999998,79.0,84.33,91.0,6.6,1012.73,10.67,9.0
2019-03-18,10,90.78359821710401,72.93940985089937,22.4,21.5,23.6,25.2,27.7,2.8000000000000007,6.199999999999999,84.0,89.0,94.0,4.2,1008.13,13.67,1.548
2019-03-20,2,79.21274475302815,64.76478715252607,20.4,18.9,22.7,24.9,25.2,4.5,6.300000000000001,61.0,72.67,81.0,0.1,1014.57,10.67,8.28
2019-03-21,5,77.27906245342027,56.62269045650209,18.6,15.2,20.5,23.3,24.1,4.699999999999999,8.900000000000002,53.0,66.33,80.0,0.5,1019.17,19.67,6.732
2019-03-22,5,81.62779638213865,52.84372066558483,17.2,12.9,21.0,26.0,26.3,8.8,13.4,55.0,66.67,73.0,0.0,1018.93,4.67,3.9600000000000004
2019-03-23,8,87.27124598843201,59.81612266464464,19.8,15.7,22.6,27.4,27.7,7.599999999999998,12.0,56.0,75.0,89.0,0.0,1017.13,3.0,2.7720000000000002
2019-03-24,11,92.45173998440049,59.4911145608998,20.4,16.1,23.67,29.4,29.6,9.0,13.5,48.0,67.67,78.0,0.0,1014.7,13.67,4.788
2019-03-25,3,78.9039751554154,61.4812942312984,19.8,17.1,23.07,25.0,25.2,5.199999999999999,8.099999999999998,42.0,52.67,62.0,0.0,1014.73,27.33,5.4
2019-03-27,6,76.58215617367871,61.58661603683717,19.9,16.7,20.67,21.6,24.4,1.7000000000000028,7.699999999999999,79.0,83.33,86.0,0.8,1022.7,10.67,3.3480000000000003
2019-03-28,2,86.32105010066859,61.49454143691599,19.3,17.7,23.0,27.3,27.6,8.0,9.900000000000002,58.0,72.33,82.0,1.1,1024.7,14.0,10.188
2019-03-29,2,92.00384494567611,65.72719580311727,21.4,19.6,24.43,27.9,29.1,6.5,9.5,60.0,72.0,81.0,0.0,1022.27,9.33,11.988000000000001
2019-03-30,6,102.48103975022805,65.32709609385066,21.5,17.8,25.87,32.0,32.1,10.5,14.3,53.0,65.67,79.0,0.0,1017.2,15.33,1.548
2019-03-31,1,98.83501184803227,71.9426446201035,22.8,21.1,25.77,29.8,30.2,7.0,9.099999999999998,60.0,76.0,90.0,0.1,1014.73,4.67,1.8
2019-04-01,3,103.45551635299223,70.99724801561283,24.2,21.4,26.7,31.0,31.4,6.800000000000001,10.0,58.0,73.0,84.0,0.0,1014.8,9.33,6.372
2019-04-02,7,110.96847764089728,67.15579325116278,23.3,19.5,26.8,32.5,32.9,9.2,13.399999999999999,53.0,71.67,87.0,0.0,1012.83,15.33,4.680000000000001
2019-04-03,8,108.4783820445892,73.71676402547072,25.4,22.7,27.93,32.3,32.6,6.899999999999999,9.900000000000002,57.0,70.67,79.0,0.0,1010.23,22.67,8.028
2019-04-04,2,114.7178665173442,74.13686613698613,26.0,22.4,28.73,33.6,34.0,7.600000000000001,11.600000000000001,52.0,68.33,77.0,0.0,1006.57,15.33,2.988
2019-04-05,3,80.99013999665198,68.71247944977313,22.1,20.1,23.23,25.5,25.7,3.3999999999999986,5.599999999999998,75.0,86.0,94.0,50.8,1006.83,15.33,4.068
2019-04-06,6,74.61935814160027,66.32230318387889,21.1,19.0,21.43,22.0,24.0,0.8999999999999986,5.0,87.0,89.0,91.0,0.9,1016.4,10.67,3.9600000000000004
2019-04-07,5,76.92132211001773,67.46078099538049,20.2,19.8,22.13,24.2,24.6,4.0,4.800000000000001,77.0,86.67,97.0,5.5,1017.43,15.33,5.867999999999999
2019-04-08,9,81.65620217443205,60.77615809282022,21.3,17.2,23.03,26.2,26.2,4.899999999999999,9.0,53.0,70.0,82.0,0.2,1018.57,17.0,8.28
2019-04-09,3,82.40738394883567,55.65097741168647,19.2,14.6,21.87,26.1,26.5,6.900000000000002,11.9,52.0,69.33,81.0,0.0,1019.37,7.67,5.760000000000001
2019-04-10,9,90.84532313277336,59.855237985056284,20.0,16.1,23.57,29.3,29.4,9.3,13.299999999999997,47.0,65.33,78.0,0.0,1017.63,6.0,4.068
2019-04-11,7,96.91889600491828,62.50252782492833,22.4,17.7,25.4,30.8,31.0,8.400000000000002,13.3,51.0,64.67,75.0,0.0,1014.8,22.67,6.372
2019-04-12,6,75.54497226455409,69.8100773581979,22.2,20.7,22.67,23.2,24.1,1.0,3.400000000000002,76.0,84.67,94.0,24.0,1014.93,4.67,4.788
2019-04-13,6,100.57552322822379,69.43540733506111,21.2,19.2,24.53,30.2,30.3,9.0,11.100000000000001,62.0,78.33,87.0,0.0,1014.43,6.0,0.6120000000000001
2019-04-14,7,110.84645291670415,69.65517289287573,22.4,20.4,25.67,32.0,32.2,9.600000000000001,11.800000000000004,50.0,77.0,91.0,0.0,1013.2,13.67,3.3480000000000003
2019-04-15,6,85.34845102319531,68.61184449396,24.0,20.5,24.87,26.2,26.9,2.1999999999999993,6.399999999999999,67.0,81.33,93.0,0.0,1016.3,13.67,7.812
2019-04-16,5,69.80038040595677,62.853745247438745,19.3,18.3,20.33,22.2,22.6,2.8999999999999986,4.300000000000001,86.0,91.33,94.0,61.900000000000006,1016.93,14.0,10.548
2019-04-17,5,77.43169356420071,59.623994098881845,18.6,15.8,20.77,24.7,24.7,6.099999999999998,8.899999999999999,65.0,84.33,94.0,6.0,1015.6,4.67,3.3480000000000003
2019-04-18,4,82.59001889123189,59.112178746819474,17.6,15.8,21.37,26.0,26.2,8.399999999999999,10.399999999999999,60.0,81.0,97.0,0.1,1014.9,25.67,4.212
2019-04-19,4,84.81850908388583,64.13526735019067,20.0,17.5,22.4,26.6,27.0,6.600000000000001,9.5,56.0,75.67,86.0,0.1,1012.9,9.0,2.16
2019-04-20,2,86.17494976586367,75.20525,20.0,17.5,22.3,25.5,27.1,5.5,9.600000000000001,70.0,81.33,93.0,0.0,1012.0,0.0,0.0
2019-04-21,8,72.86005256604902,67.65225769480136,20.9,19.4,21.83,23.0,23.0,2.1000000000000014,3.6000000000000014,75.0,83.67,92.0,0.4,1012.8,6.0,2.988
2019-04-22,1,71.50526999721615,60.1143285464234,18.6,17.0,19.87,21.4,21.4,2.799999999999997,4.399999999999999,70.0,79.0,86.0,0.0,1016.6,15.33,9.0
2019-04-23,2,78.67343256000021,63.51263980270968,19.2,18.3,21.3,24.7,25.0,5.5,6.699999999999999,69.0,76.0,84.0,0.0,1019.0,15.33,7.668
2019-04-24,11,93.54921780371217,64.3212475948529,21.0,18.7,23.9,29.0,29.2,8.0,10.5,59.0,75.0,84.0,0.0,1019.0,10.67,8.172
2019-04-25,2,70.86361212944112,71.70046546138342,21.8,21.6,22.2,22.8,23.0,1.0,1.3999999999999986,90.0,91.67,94.0,0.7,1020.23,9.33,5.292
2019-04-26,4,81.1334082780572,70.99724801561283,22.0,21.4,23.2,25.6,25.7,3.6000000000000014,4.300000000000001,84.0,90.33,96.0,23.2,1017.23,10.67,6.372
2019-04-27,7,71.22848422774312,69.76841419312328,21.4,20.9,22.17,22.7,23.2,1.3000000000000007,2.3000000000000007,86.0,92.67,98.0,66.0,1011.9,12.0,6.732
2019-04-28,6,76.18199948043909,63.54117542326173,19.2,18.3,21.33,23.4,24.2,4.199999999999999,5.899999999999999,66.0,81.67,91.0,1.3,1010.97,22.67,7.5600000000000005
2019-04-29,3,78.01859979716882,59.26100881481924,18.6,14.7,20.63,24.7,24.8,6.099999999999998,10.100000000000001,62.0,79.33,90.0,0.0,1013.83,6.0,1.332
2019-04-30,7,79.13143781263305,53.16328947318075,16.7,13.7,19.97,25.2,25.2,8.5,11.5,65.0,83.33,96.0,0.0,1015.9,10.67,6.732
2019-05-01,4,84.84004206655183,75.65273,18.8,17.9,22.17,26.7,27.1,7.899999999999999,9.200000000000003,56.0,73.67,90.0,0.4,1015.87,0.0,0.0
2019-05-02,8,80.37864171967288,72.52037000000001,17.4,15.1,20.87,25.8,25.6,8.400000000000002,10.500000000000002,56.0,77.67,93.0,0.1,1013.8,0.0,0.0
2019-05-03,4,92.80306528821507,64.13526735019067,20.6,17.5,23.6,27.5,28.6,6.899999999999999,11.100000000000001,75.0,80.67,85.0,0.0,1014.33,3.0,2.16
2019-05-04,9,95.79625366766757,72.89604842627242,21.8,21.4,24.0,28.3,28.5,6.5,7.100000000000001,76.0,90.33,98.0,43.0,1014.4,6.0,1.332
2019-05-05,8,101.01265779975903,70.86832073370107,23.5,21.0,26.0,30.3,30.0,6.800000000000001,9.0,66.0,82.33,91.0,0.0,1015.07,15.33,3.6
2019-05-06,6,77.36890310969797,69.65517289287573,22.0,20.4,22.53,23.0,24.8,1.0,4.400000000000002,88.0,90.33,95.0,13.3,1015.63,9.0,3.3480000000000003
2019-05-07,6,74.25903755122806,59.71501578703918,19.0,16.3,20.67,22.5,22.9,3.5,6.599999999999998,59.0,76.0,85.0,0.2,1019.83,18.33,5.292
2019-05-08,3,72.28409903853034,57.45834954921871,16.7,14.5,18.83,21.9,22.1,5.199999999999999,7.600000000000001,73.0,79.33,83.0,0.0,1019.67,4.67,2.52
2019-05-09,6,80.17983851174569,65.04605165712206,19.4,18.4,21.3,25.0,25.5,5.600000000000001,7.100000000000001,74.0,83.67,91.0,0.0,1015.03,7.67,3.8520000000000003
2019-05-10,7,67.17321850328102,66.76422392218362,19.6,19.2,20.67,21.6,21.6,2.0,2.400000000000002,83.0,91.67,97.0,23.200000000000003,1012.3,7.67,3.9600000000000004
2019-05-11,10,64.89137729989854,63.080880206559804,18.5,17.0,19.3,20.6,20.6,2.1000000000000014,3.6000000000000014,92.0,92.33,93.0,1.9,1014.53,21.33,2.16
2019-05-12,2,71.0818204155076,60.01854621134168,16.4,15.7,18.37,21.2,21.5,4.800000000000001,5.800000000000001,69.0,80.67,87.0,0.0,1018.67,4.67,2.52
2019-05-13,8,67.93442081836169,60.3030347936586,17.2,16.0,18.87,21.2,21.7,4.0,5.699999999999999,89.0,90.33,92.0,0.8999999999999999,1018.43,4.67,2.988
2019-05-14,3,65.58028721049514,72.96785,16.4,15.5,18.33,20.5,20.5,4.100000000000001,5.0,89.0,90.67,93.0,4.5,1020.77,0.0,0.0
2019-05-15,11,70.46858214847613,62.5345634639972,18.0,17.2,19.2,20.9,22.9,2.8999999999999986,5.699999999999999,87.0,92.0,97.0,1.7,1023.9,9.33,3.6
2019-05-16,6,75.48120009428801,59.855237985056284,18.0,16.1,19.93,23.6,23.9,5.600000000000001,7.799999999999997,61.0,81.0,94.0,0.5,1025.77,14.0,4.068
2019-05-17,3,79.44918648303633,57.335838513013854,17.5,15.0,20.03,24.9,25.3,7.399999999999999,10.3,56.0,71.67,81.0,0.0,1023.47,6.0,4.212
2019-05-18,5,84.71857271764247,61.296089353842106,17.2,15.7,20.83,26.5,26.9,9.3,11.2,62.0,77.33,93.0,0.0,1020.33,3.0,1.332
2019-05-19,8,89.38398564241612,62.680724555793034,18.9,17.1,22.1,27.5,28.1,8.600000000000001,11.0,54.0,77.0,90.0,0.0,1015.8,12.0,2.988
2019-05-20,6,81.35731605979062,61.62380832015127,17.8,16.0,21.3,25.8,25.8,8.0,9.8,72.0,85.33,96.0,0.0,1017.03,7.67,1.548
2019-05-21,10,68.1923596647064,62.06588817812364,18.4,17.8,19.93,21.0,21.7,2.6000000000000014,3.8999999999999986,81.0,89.67,96.0,7.8,1014.3,17.0,8.748000000000001
2019-05-22,7,69.66994505523905,64.55462023065999,19.5,18.2,20.03,20.8,22.7,1.3000000000000007,4.5,92.0,92.67,93.0,2.4,1014.23,20.0,3.9600000000000004
2019-05-23,6,63.246312007902446,61.17375064696419,17.6,16.2,18.23,18.7,19.9,1.0999999999999979,3.6999999999999993,92.0,93.33,96.0,16.3,1015.13,7.67,2.4120000000000004
2019-05-24,7,63.59940886097736,58.341655544043576,16.9,16.0,17.33,17.9,18.0,1.0,2.0,87.0,90.67,94.0,33.5,1013.67,13.67,7.092
2019-05-25,5,71.53961368201605,70.61858000000001,14.6,13.4,17.1,20.4,20.6,5.799999999999999,7.200000000000001,58.0,77.0,87.0,0.5,1017.07,0.0,0.0
2019-05-26,9,75.64972634794725,51.34362140511854,12.2,10.2,16.5,23.6,24.0,11.400000000000002,13.8,56.0,81.67,96.0,0.1,1016.6,3.0,0.8280000000000001
2019-05-27,7,79.46030126708982,74.42216,17.5,16.8,19.33,22.5,25.3,5.0,8.5,76.0,85.33,95.0,4.1,1012.8,0.0,0.0
2019-05-28,8,62.75788903130122,63.32847570912484,18.4,16.6,18.67,19.0,20.1,0.6000000000000014,3.5,92.0,94.67,96.0,66.39999999999999,1011.0,10.67,1.1880000000000002
2019-05-29,7,71.1411419285439,63.91525324982003,16.4,15.9,18.7,21.8,22.1,5.400000000000002,6.200000000000001,65.0,83.33,94.0,0.1,1017.6,1.0,0.36000000000000004
2019-05-30,2,65.73449591622861,54.477558949464076,15.9,14.6,16.33,16.7,16.8,0.7999999999999989,2.200000000000001,83.0,88.33,93.0,12.399999999999999,1015.57,14.0,8.892000000000001
2019-05-31,10,61.04750170761616,53.070442314064586,15.2,14.1,16.13,17.6,17.6,2.400000000000002,3.5000000000000018,88.0,94.0,98.0,13.600000000000001,1013.37,14.0,9.612
2019-06-01,7,64.47725611267207,56.498062582950475,16.2,14.9,17.0,18.6,19.8,2.400000000000002,4.9,85.0,91.0,96.0,2.3,1016.0,9.33,5.4
2019-06-02,5,68.53654805318203,60.59511727190146,16.8,15.5,18.33,20.8,21.4,4.0,5.899999999999999,82.0,87.33,90.0,0.8,1019.3,6.0,1.548
2019-06-03,8,72.1012545317081,55.94966015162327,16.8,14.8,18.53,21.7,22.1,4.899999999999999,7.300000000000001,57.0,80.0,92.0,2.0,1022.53,10.67,6.12
2019-06-04,7,67.89022795345623,53.15576719775066,13.9,11.7,16.2,19.6,20.9,5.700000000000001,9.2,69.0,87.0,97.0,0.1,1026.33,19.67,1.332
2019-06-05,10,73.66325940758408,45.9322963402,11.9,10.1,16.0,22.3,23.2,10.4,13.1,57.0,82.0,95.0,0.1,1026.0,15.33,4.932
2019-06-06,8,78.58048542141401,55.72245739963682,13.6,11.5,18.37,24.6,25.0,11.000000000000002,13.5,60.0,79.67,95.0,0.0,1020.73,6.0,0.36000000000000004
2019-06-07,6,81.16423912484807,54.34563849331341,16.5,13.3,19.73,25.4,25.9,8.899999999999999,12.599999999999998,55.0,75.0,87.0,0.0,1016.57,13.67,3.132
2019-06-08,7,67.36168384767133,59.18785589044733,17.1,15.6,18.0,19.4,20.2,2.299999999999997,4.6,81.0,86.33,93.0,0.2,1019.43,21.33,3.3480000000000003
2019-06-09,5,75.9732830736001,56.687280922707494,15.4,14.5,18.2,23.4,24.0,7.999999999999998,9.5,68.0,79.0,87.0,0.0,1021.83,16.67,3.492
2019-06-10,4,82.50290533187204,61.72534398609035,18.0,16.5,21.27,25.8,26.2,7.800000000000001,9.7,60.0,80.0,92.0,0.0,1019.0,12.33,2.52
2019-06-11,9,85.53237091120019,58.39049331076506,17.0,15.2,20.87,26.8,27.0,9.8,11.8,56.0,80.0,98.0,0.0,1018.63,22.67,3.24
2019-06-12,4,88.28807847740205,58.51935053917732,16.9,15.4,21.13,26.9,27.7,10.0,12.299999999999999,59.0,79.33,90.0,0.0,1016.43,18.33,3.708
2019-06-13,7,92.57886029804877,63.246493579674194,19.3,17.8,23.13,28.7,28.8,9.399999999999999,11.0,56.0,77.33,91.0,0.0,1016.07,21.33,4.932
2019-06-14,5,98.17203111188527,64.10802482674497,20.2,17.8,23.83,29.9,30.3,9.7,12.5,56.0,73.67,84.0,0.0,1016.53,13.67,3.132
2019-06-15,6,97.86559283223366,64.90706375671456,18.8,18.1,23.2,28.2,29.5,9.399999999999999,11.399999999999999,64.0,81.67,93.0,0.0,1017.53,20.0,2.8800000000000003
2019-06-16,8,98.09900438684797,62.751652104955106,18.0,17.1,23.1,28.7,29.6,10.7,12.5,61.0,81.0,97.0,0.0,1020.23,12.33,2.8800000000000003
2019-06-17,9,82.26633525760012,61.69647856537342,18.2,17.4,20.87,24.7,26.0,6.5,8.600000000000001,74.0,87.0,94.0,0.0,1021.93,10.67,6.732
2019-06-18,4,85.78044883350407,61.3973836751191,18.6,17.3,21.57,27.0,27.2,8.399999999999999,9.899999999999999,54.0,77.0,91.0,0.0,1016.37,20.0,6.9479999999999995
2019-06-19,4,76.11227038604791,51.88118683911862,14.4,13.5,19.0,23.0,23.6,8.6,10.100000000000001,54.0,71.0,83.0,9.4,1017.03,21.33,8.892000000000001
2019-06-20,6,74.2131436308461,46.60628936840089,11.8,10.6,15.47,19.6,19.6,7.800000000000001,9.000000000000002,57.0,68.67,83.0,0.0,1022.9,30.33,5.652
2019-06-21,6,78.89566878538574,46.18550143782696,11.3,9.7,16.13,24.3,25.1,13.0,15.400000000000002,53.0,78.67,95.0,0.0,1024.27,20.0,3.492
2019-06-22,7,88.86349290669033,52.331297553350815,15.1,13.0,19.57,26.9,27.7,11.799999999999999,14.7,62.0,81.67,97.0,0.0,1022.6,23.0,5.148
2019-06-23,4,90.13601744045779,57.583745607831645,16.9,15.2,21.63,27.8,28.1,10.900000000000002,12.900000000000002,53.0,79.67,96.0,0.1,1018.4,21.33,4.572
2019-06-24,7,86.62601098705603,59.02310691630376,18.2,16.1,21.97,27.9,27.9,9.7,11.799999999999997,49.0,69.0,84.0,0.0,1012.13,22.67,5.867999999999999
2019-06-25,8,89.04548993051216,52.946278624605334,20.1,13.9,23.6,29.0,29.1,8.899999999999999,15.200000000000001,45.0,63.0,82.0,0.0,1003.47,25.67,8.532
2019-06-26,9,82.78590487138801,39.32568553989529,8.6,7.7,12.13,13.9,13.9,5.300000000000001,6.2,48.0,70.0,88.0,16.2,1016.67,27.33,6.732
2019-06-27,10,70.49966589698258,32.17635840781622,6.0,3.6,11.7,21.2,21.3,15.2,17.7,64.0,81.67,97.0,0.0,1018.7,7.67,4.068
2019-06-28,6,70.74936859763197,51.229816993659085,14.8,12.6,17.13,21.6,22.8,6.800000000000001,10.200000000000001,87.0,90.0,95.0,4.2,1014.27,10.67,5.508
2019-06-29,8,99.34971851852816,62.78793901392471,18.4,17.5,23.73,28.8,30.4,10.400000000000002,12.899999999999999,60.0,75.0,96.0,0.0,1009.97,23.0,4.428
2019-06-30,9,86.54451108733466,54.94016373237447,16.7,14.9,21.0,25.2,27.1,8.5,12.200000000000001,67.0,83.33,92.0,23.1,1011.2,27.0,9.72
2019-07-01,7,68.34457970620781,48.06633157536716,11.9,10.5,14.1,15.3,16.6,3.4000000000000004,6.100000000000001,76.0,85.0,94.0,10.799999999999999,1018.23,16.67,3.3480000000000003
2019-07-02,10,71.67675989828408,37.3588086051608,8.7,6.6,11.57,15.5,15.7,6.800000000000001,9.1,61.0,82.0,98.0,0.0,1012.87,30.33,5.867999999999999
2019-07-03,7,78.50312616184138,40.970100620756185,9.2,8.5,11.7,14.7,14.7,5.5,6.199999999999999,42.0,74.33,91.0,0.0,1009.97,21.0,7.092
2019-07-04,8,86.18311083539203,29.148671656949737,5.7,4.0,9.77,13.4,13.6,7.7,9.6,47.0,63.0,81.0,0.0,1016.53,28.67,9.468
2019-07-05,6,96.02406390148799,29.628077825937474,5.5,5.0,8.6,10.9,10.9,5.4,5.9,47.0,61.0,71.0,0.0,1021.3,30.33,13.932
2019-07-06,13,91.3661978902232,26.579077583385544,4.3,3.6,8.2,11.5,11.9,7.2,8.3,53.0,64.67,83.0,0.0,1027.7,27.0,12.96
2019-07-07,6,82.47901487856114,29.01846230990308,3.9,2.3,8.07,13.5,13.9,9.6,11.600000000000001,48.0,70.67,85.0,0.0,1029.9,32.0,4.32
2019-07-08,11,71.25928635870389,31.31641555363086,5.0,3.6,10.43,19.4,19.7,14.399999999999999,16.099999999999998,48.0,77.0,98.0,0.0,1026.3,20.0,4.932
2019-07-09,8,70.61494466875791,36.2905999476352,6.7,5.1,12.43,19.9,19.9,13.2,14.799999999999999,59.0,78.67,94.0,0.0,1024.37,15.33,3.3480000000000003
2019-07-10,9,70.55286451048826,41.032907551128375,9.0,7.7,14.07,21.6,21.6,12.600000000000001,13.900000000000002,57.0,82.67,97.0,0.1,1020.57,21.0,4.32
2019-07-11,11,82.6395275535024,49.37384733935842,12.4,10.5,17.47,26.2,26.3,13.799999999999999,15.8,53.0,77.67,97.0,0.0,1016.8,7.67,2.16
2019-07-12,5,87.63227657576363,53.95419738923312,15.3,13.2,20.27,26.9,28.1,11.599999999999998,14.900000000000002,54.0,70.33,84.0,0.0,1013.7,16.67,3.3480000000000003
2019-07-13,10,63.61005023606906,51.08764888318792,14.5,12.8,16.27,17.9,18.1,3.3999999999999986,5.300000000000001,85.0,90.67,94.0,7.8,1015.67,18.33,6.732
2019-07-14,8,68.22345076699182,45.10420995139211,12.1,9.9,12.67,13.1,13.7,1.0,3.799999999999999,87.0,91.0,94.0,11.7,1017.2,14.0,5.508
2019-07-15,4,73.24479100237747,41.477887004507096,9.5,7.9,11.1,13.7,14.1,4.199999999999999,6.199999999999999,75.0,84.33,93.0,0.0,1019.3,13.67,4.32
2019-07-16,7,72.07851703214399,38.36293897454595,7.6,6.6,11.8,16.7,16.7,9.1,10.1,60.0,79.0,93.0,0.0,1023.7,30.33,4.572
2019-07-17,6,66.28258998456567,38.56742390735167,9.6,6.9,12.63,18.2,18.3,8.6,11.4,72.0,86.67,96.0,0.0,1027.73,16.67,5.148
2019-07-18,3,74.4100357763844,48.180893384287536,11.9,11.1,16.0,22.9,23.5,10.999999999999998,12.4,56.0,81.67,96.0,0.0,1024.9,30.33,4.932
2019-07-19,8,69.70555291601119,53.080733159742366,14.9,12.5,16.63,19.5,21.5,4.6,9.0,72.0,84.67,93.0,0.0,1021.77,16.67,2.628
2019-07-20,14,92.58446489151692,51.99157545127781,14.3,12.3,19.63,28.3,28.7,14.0,16.4,46.0,78.67,98.0,0.0,1019.1,19.67,3.3480000000000003
2019-07-21,10,89.76792378072771,53.32197578179245,15.4,13.6,21.03,28.2,28.6,12.799999999999999,15.000000000000002,44.0,71.33,91.0,0.0,1014.67,7.67,5.867999999999999
2019-07-22,7,82.16760166977417,58.5007811799918,20.2,16.1,22.0,23.8,26.4,3.6000000000000014,10.299999999999997,63.0,69.67,79.0,0.0,1012.97,19.67,7.308
2019-07-23,9,62.06190712026476,61.4812942312984,17.6,17.1,17.87,18.2,18.8,0.5999999999999979,1.6999999999999993,90.0,93.33,96.0,14.2,1016.67,14.0,5.4
2019-07-25,9,64.15440063999999,55.81947184554949,15.4,15.0,17.0,19.4,20.0,3.9999999999999982,5.0,85.0,92.0,96.0,4.0,1022.0,10.67,7.668
2019-07-26,9,64.43351212134422,50.83828147070532,14.2,12.8,16.97,19.0,20.2,4.800000000000001,7.399999999999999,90.0,92.0,95.0,1.0,1019.8,22.67,7.308
2019-07-27,14,74.29308813851212,46.3388222131537,11.3,10.6,12.73,14.1,14.1,2.799999999999999,3.5,80.0,83.0,85.0,0.30000000000000004,1026.37,25.67,6.12
2019-07-28,14,66.83185630523957,41.49190749624363,10.1,8.0,13.03,16.5,17.3,6.4,9.3,67.0,86.33,98.0,0.1,1026.53,14.0,4.572
2019-07-29,8,75.391389118244,44.885267548138174,11.8,9.7,16.0,23.1,23.9,11.3,14.2,65.0,81.67,96.0,0.0,1019.63,13.67,5.148
2019-07-30,9,67.33869990616736,56.35056066606993,15.8,14.7,17.9,20.4,20.6,4.599999999999998,5.900000000000002,80.0,87.33,96.0,7.8,1017.23,22.67,4.788
2019-07-31,8,75.9732830736001,48.84732641474572,13.0,11.0,17.13,23.4,24.0,10.399999999999999,13.0,55.0,79.0,95.0,0.0,1017.5,16.67,3.708
2019-08-01,4,93.74798859500783,50.76088027464283,15.6,12.7,20.47,29.0,29.6,13.4,16.900000000000002,44.0,71.0,85.0,0.0,1010.27,18.33,6.9479999999999995
2019-08-02,14,73.71703267120012,42.64312852334373,10.0,9.4,13.17,15.7,16.0,5.699999999999999,6.6,54.0,78.0,91.0,15.8,1018.53,24.33,7.920000000000001
2019-08-03,14,80.90468558892131,38.435533729197005,8.8,7.6,11.83,15.3,15.3,6.5,7.700000000000001,46.0,65.67,80.0,0.0,1026.07,27.0,7.920000000000001
2019-08-04,11,77.94316745602944,35.2763929204671,7.5,5.0,11.63,16.2,16.2,8.7,11.2,42.0,68.67,93.0,0.0,1031.07,22.67,4.068
2019-08-05,5,73.53932206779308,37.75260105671992,9.1,5.9,13.33,21.7,22.1,12.6,16.200000000000003,50.0,74.33,88.0,0.0,1030.63,15.33,3.6
2019-08-06,12,89.36633672508424,46.42932038363783,13.7,9.9,18.3,27.3,28.3,13.600000000000001,18.4,45.0,74.0,90.0,0.2,1024.3,18.0,3.708
2019-08-07,17,95.49657495079622,56.60004694117497,18.3,14.6,22.37,29.3,29.9,11.0,15.299999999999999,51.0,72.0,86.0,0.0,1019.83,19.67,3.9600000000000004
2019-08-08,9,86.75161158995225,59.21036381663608,18.6,16.3,21.5,24.0,27.4,5.399999999999999,11.099999999999998,69.0,78.0,88.0,0.0,1019.13,12.33,6.588
2019-08-09,11,68.34325983561607,62.89503066214073,17.8,17.3,19.53,21.8,22.4,4.0,5.099999999999998,88.0,94.0,98.0,10.3,1016.63,12.0,3.3480000000000003
2019-08-10,6,69.62530742661806,50.04879595981849,13.4,13.1,16.53,20.4,20.4,6.999999999999998,7.299999999999999,65.0,81.67,94.0,5.6,1016.5,22.67,11.772
2019-08-11,9,70.85690375167658,41.99106219336985,11.9,8.7,15.07,20.1,20.2,8.200000000000001,11.5,61.0,78.33,90.0,0.0,1021.63,24.33,6.12
2019-08-12,9,62.97135489405977,52.75619568345459,15.3,13.0,15.97,16.6,19.1,1.3000000000000007,6.100000000000001,85.0,92.33,97.0,6.1,1016.13,14.0,4.428
2019-08-13,6,76.69922652623427,41.240596925294824,9.7,8.8,12.13,13.6,14.2,3.9000000000000004,5.399999999999999,55.0,79.33,93.0,10.6,1025.83,22.67,7.920000000000001
2019-08-14,5,82.7847187209702,35.268581843514355,7.3,6.0,10.07,13.9,14.3,6.6000000000000005,8.3,52.0,67.33,81.0,0.0,1033.83,21.33,6.9479999999999995
2019-08-15,8,73.95047673313215,40.06201465629587,8.8,7.4,14.2,21.9,22.7,13.099999999999998,15.299999999999999,52.0,76.0,93.0,0.1,1028.6,6.33,4.680000000000001
2019-08-16,10,89.66224205297218,43.78834508675049,12.5,9.1,18.03,27.5,28.1,15.0,19.0,51.0,78.0,95.0,0.0,1020.3,11.0,4.788
2019-08-17,12,91.05484739740831,55.19741981998839,20.2,14.7,23.63,30.2,30.2,10.0,15.5,36.0,58.0,70.0,0.0,1012.03,17.0,7.452
2019-08-18,6,80.82100748982567,47.53026933195282,14.4,11.8,18.8,25.6,26.0,11.200000000000001,14.2,51.0,65.33,83.0,0.0,1014.53,22.67,9.828
2019-08-19,6,80.63416724918207,36.674266856569716,10.0,6.7,11.87,13.6,14.4,3.5999999999999996,7.7,67.0,71.67,76.0,0.1,1025.37,18.33,7.308
2019-08-20,12,75.21653894516808,41.086009113431615,10.6,8.6,12.43,15.9,16.1,5.300000000000001,7.500000000000002,59.0,75.0,84.0,0.0,1027.2,16.67,7.308
2019-08-21,9,72.75212144383246,35.51328205213237,9.1,6.2,11.63,15.8,16.1,6.700000000000001,9.900000000000002,66.0,79.33,91.0,0.0,1028.83,19.67,7.308
2019-08-22,14,72.04710781700813,37.94876403994349,11.6,8.0,14.47,19.7,19.9,8.1,11.899999999999999,53.0,75.0,87.0,0.0,1026.87,15.33,11.16
2019-08-23,8,70.85360963128872,46.84192033586765,12.0,11.4,14.53,17.2,18.2,5.199999999999999,6.799999999999999,72.0,78.67,90.0,0.0,1025.33,18.33,9.107999999999999
2019-08-24,11,72.60101419037727,40.31273407630826,11.8,8.3,15.07,20.5,21.5,8.7,13.2,53.0,75.67,89.0,0.0,1025.93,11.0,7.452
2019-08-25,7,78.97135518697328,46.744744810226,14.6,11.3,18.67,24.9,25.1,10.299999999999999,13.8,47.0,63.67,75.0,0.0,1024.63,10.67,8.748000000000001
2019-08-26,8,76.61543364332803,50.231916729303094,16.9,12.4,18.9,22.7,23.6,5.800000000000001,11.200000000000001,52.0,66.0,76.0,0.0,1021.67,24.0,6.588
2019-08-27,11,81.19661668479993,56.019261346982816,18.6,14.5,21.03,25.6,26.0,7.0,11.5,53.0,71.0,83.0,0.0,1022.4,10.67,4.572
2019-08-28,9,93.29699898576276,52.902947176871415,14.8,13.2,20.27,28.8,28.8,14.0,15.600000000000001,53.0,79.33,97.0,0.0,1020.73,10.67,4.932
2019-08-29,3,102.64338635882001,60.436244535302386,21.0,16.8,25.23,32.7,32.8,11.700000000000003,15.999999999999996,40.0,60.67,80.0,0.0,1014.5,18.33,6.372
2019-08-30,3,89.28584049880004,63.71585746389722,23.8,18.5,24.43,24.9,28.5,1.0999999999999979,10.0,67.0,71.0,79.0,0.0,1011.53,11.0,8.748000000000001
2019-08-31,9,65.08174407013675,54.258393777709024,15.4,14.6,16.8,18.5,18.7,3.0999999999999996,4.1,81.0,88.67,96.0,29.6,1014.23,22.67,9.612
2019-09-01,4,73.28232087887783,47.12313009650582,14.8,11.2,16.77,20.1,20.7,5.300000000000001,9.5,45.0,71.67,86.0,0.0,1018.73,19.67,7.308
2019-09-02,4,74.16119327918325,40.87211647012275,13.4,7.8,15.87,20.7,21.0,7.299999999999999,13.2,50.0,68.67,79.0,0.0,1017.4,18.33,4.788
2019-09-03,9,76.7350480260773,43.76727009620103,13.5,10.1,14.97,17.3,17.9,3.8000000000000007,7.799999999999999,58.0,64.67,75.0,0.0,1019.8,17.0,9.107999999999999
2019-09-04,7,78.37600033137461,37.26416890378822,10.6,6.9,13.27,17.4,17.6,6.799999999999999,10.700000000000001,42.0,59.67,81.0,0.0,1025.2,18.33,7.092
2019-09-05,10,80.03513909125842,36.342478054068245,9.8,7.1,12.27,15.8,16.2,6.0,9.1,54.0,62.33,71.0,0.0,1029.77,14.0,9.828
2019-09-06,6,71.00132736539788,45.65459806025123,11.0,10.8,14.87,18.8,19.8,7.800000000000001,9.0,73.0,77.67,82.0,0.0,1023.17,10.67,8.532
2019-09-07,12,64.93885063910705,53.044811672849306,14.8,13.4,16.87,19.8,20.9,5.0,7.499999999999998,87.0,93.33,97.0,11.5,1015.33,18.33,5.508
2019-09-08,11,89.88054581993454,62.50252782492833,18.3,17.7,21.17,26.5,27.5,8.2,9.8,79.0,89.67,95.0,8.8,1014.67,16.67,6.372
2019-09-09,10,129.31564272228667,60.934927005533176,20.4,17.1,26.13,35.8,36.2,15.399999999999999,19.1,36.0,68.67,85.0,0.1,1009.37,21.33,6.9479999999999995
2019-09-10,5,91.93617334320007,58.121019670275984,17.4,16.1,22.2,28.2,29.0,10.8,12.899999999999999,64.0,73.0,84.0,0.0,1013.0,19.67,8.532
2019-09-11,5,64.59073196627176,56.74727701659919,16.4,15.7,17.77,18.7,19.0,2.3000000000000007,3.3000000000000007,86.0,89.67,92.0,0.4,1013.6,12.33,10.08
2019-09-12,4,59.424497482268364,54.965363923341826,16.2,14.5,17.13,18.2,18.2,2.0,3.6999999999999993,95.0,96.33,98.0,28.7,1014.3,22.67,6.84
2019-09-13,7,70.51125659999997,51.91702194860764,14.8,13.2,16.63,19.7,20.0,4.899999999999999,6.800000000000001,60.0,79.0,93.0,0.1,1023.17,18.33,6.9479999999999995
2019-09-14,8,75.80683150892114,49.7441782158602,13.4,12.7,17.87,22.2,23.8,8.799999999999999,11.100000000000001,73.0,76.67,82.0,0.2,1018.87,14.0,9.612
2019-09-15,6,109.29591808007608,60.951495637877095,18.6,16.3,24.13,31.8,32.4,13.2,16.099999999999998,50.0,73.33,88.0,0.0,1011.7,9.33,2.988
2019-09-16,8,84.76403094644576,58.355542041981586,20.4,16.4,23.87,26.6,27.0,6.200000000000003,10.600000000000001,66.0,75.33,86.0,0.0,1009.6,16.67,10.332
2019-09-17,3,63.65745623963045,50.65183785856339,14.5,12.7,15.13,16.4,16.4,1.8999999999999986,3.6999999999999993,90.0,91.33,92.0,12.4,1014.7,14.0,7.2
2019-09-18,7,66.40562742644832,51.144241182388484,13.1,12.7,15.1,17.4,17.7,4.299999999999999,5.0,76.0,86.67,95.0,28.5,1010.83,24.33,6.12
2019-09-19,10,87.73318099422404,47.22731147477307,13.2,10.6,19.1,27.3,27.7,14.100000000000001,17.1,57.0,77.0,94.0,0.1,1007.63,20.0,4.680000000000001
2019-09-20,9,72.78760586679991,49.03140733767355,14.3,12.4,17.8,20.8,21.5,6.5,9.1,57.0,75.0,88.0,0.0,1014.77,16.67,9.612
2019-09-21,2,74.73209933625128,45.924238769383784,12.6,10.3,16.53,21.5,21.7,8.9,11.399999999999999,50.0,67.33,77.0,0.0,1021.87,12.33,5.652
2019-09-22,5,74.67751010244177,41.577646804249476,14.3,9.2,16.1,19.6,20.4,5.300000000000001,11.2,37.0,66.33,83.0,0.0,1026.4,21.33,9.251999999999999
2019-09-23,4,74.60099837318394,35.792708411790514,11.6,6.8,15.27,20.6,21.2,9.000000000000002,14.399999999999999,46.0,67.0,78.0,0.0,1028.83,11.0,9.468
2019-09-25,7,78.98608968802779,51.041523327987946,16.4,12.6,19.37,25.0,25.1,8.600000000000001,12.500000000000002,50.0,70.0,81.0,0.0,1021.0,25.67,5.867999999999999
2019-09-26,9,82.3241716971753,56.81280015040689,17.7,15.3,20.5,26.0,26.3,8.3,11.0,51.0,74.33,88.0,0.0,1019.77,22.67,6.84
2019-09-27,7,76.35673887302411,53.454949017063655,17.3,13.8,19.83,22.3,23.2,5.0,9.399999999999999,57.0,64.0,77.0,0.0,1021.73,13.67,6.588
2019-09-28,10,78.27380697424593,51.39410658004127,15.6,13.6,19.57,24.2,24.7,8.6,11.1,52.0,65.33,78.0,0.0,1019.77,12.33,11.268
2019-09-29,3,88.35336762496198,50.962292161593226,16.9,13.0,21.2,27.8,28.3,10.900000000000002,15.3,57.0,70.33,78.0,0.0,1014.97,24.33,8.172
2019-09-30,7,119.0048801442576,54.836248568961025,18.6,14.4,24.1,33.9,34.7,15.299999999999997,20.300000000000004,38.0,68.33,86.0,0.1,1011.43,24.33,6.588
2019-10-01,7,116.20304755004798,63.161217761790475,24.7,18.3,29.23,36.2,36.8,11.500000000000004,18.499999999999996,33.0,53.0,71.0,0.0,1006.23,18.33,9.107999999999999
2019-10-02,8,91.99918050316658,69.57011045586643,21.8,20.8,24.8,28.8,28.8,7.0,8.0,64.0,75.67,88.0,1.0,1008.57,12.33,6.588
2019-10-03,9,66.0580707685486,59.792736696454526,17.8,17.1,19.33,20.8,20.8,3.0,3.6999999999999993,84.0,90.67,96.0,10.3,1018.6,17.0,11.412
2019-10-04,9,69.96939622030524,60.82275078886649,17.2,17.1,18.57,19.9,23.2,2.6999999999999993,6.099999999999998,96.0,97.33,99.0,36.7,1015.97,8.0,7.308
2019-10-05,12,65.46076790740705,57.40983164738508,18.0,15.5,19.73,21.0,21.0,3.0,5.5,88.0,92.67,95.0,52.2,1013.93,24.33,6.48
2019-10-06,3,64.03085204856036,56.66844450383278,16.0,15.4,17.03,17.7,19.1,1.6999999999999993,3.700000000000001,88.0,90.67,95.0,6.8,1020.17,15.33,7.920000000000001
2019-10-07,1,86.60323697868405,55.230301137061616,16.7,14.9,21.63,27.1,27.7,10.400000000000002,12.799999999999999,54.0,72.0,87.0,0.0,1018.33,15.33,8.748000000000001
2019-10-08,7,90.26475861221351,56.875402453779515,19.3,15.4,22.67,27.9,28.7,8.599999999999998,13.299999999999999,45.0,71.67,92.0,0.0,1016.73,24.33,7.308
2019-10-09,2,90.52038944909364,56.16143699205925,20.0,15.0,23.43,28.2,29.1,8.2,14.100000000000001,61.0,67.67,76.0,0.0,1018.13,10.67,6.732
2019-10-10,6,104.24960710563884,58.36996124567643,20.7,15.9,24.43,31.4,32.2,10.7,16.300000000000004,44.0,67.67,82.0,0.1,1015.27,16.67,6.372
2019-10-11,4,113.42162076419204,62.73366884288517,24.8,18.3,29.4,36.6,36.8,11.8,18.499999999999996,30.0,50.0,68.0,0.0,1011.17,26.0,11.16
2019-10-12,6,124.18415204689322,66.11748036240317,25.6,19.6,30.73,38.2,38.4,12.600000000000001,18.799999999999997,34.0,52.33,68.0,0.0,1009.87,26.0,9.72
2019-10-13,8,96.07242950160777,67.92362743795957,26.2,20.6,27.63,30.0,30.4,3.8000000000000007,9.799999999999997,65.0,68.33,74.0,0.0,1008.67,15.33,13.68
2019-10-14,2,67.9853889137112,49.47041304108383,15.1,12.6,17.87,21.1,21.6,6.000000000000002,9.000000000000002,88.0,89.67,93.0,14.2,1020.3,20.0,9.72
2019-10-15,5,65.15781263008255,48.64618409798814,13.0,12.4,15.67,18.8,18.9,5.800000000000001,6.499999999999998,79.0,88.67,94.0,17.2,1025.2,12.33,10.8
2019-10-16,7,66.85099745681703,60.17477349895505,17.1,16.9,18.57,20.5,20.7,3.3999999999999986,3.8000000000000007,86.0,88.67,90.0,2.5999999999999996,1020.67,12.33,7.920000000000001
2019-10-17,4,73.13402875820806,63.39772931868792,19.3,18.4,20.63,23.3,23.6,4.0,5.200000000000003,84.0,90.0,96.0,19.900000000000002,1016.53,14.0,9.107999999999999
2019-10-18,2,91.76143290360008,67.52963975331355,20.5,20.1,23.83,28.1,28.5,7.600000000000001,8.399999999999999,56.0,79.0,97.0,17.7,1014.87,19.67,8.532
2019-10-19,3,75.31670467734409,55.592847941072655,20.0,15.1,21.07,22.2,22.8,2.1999999999999993,7.700000000000001,59.0,69.0,85.0,0.0,1020.13,19.67,9.107999999999999
2019-10-20,13,75.02506979121566,51.135119773215756,15.4,13.3,18.67,21.4,22.0,5.999999999999998,8.7,56.0,66.67,81.0,0.0,1019.3,15.33,9.72
2019-10-21,5,68.50192902132774,56.178811571117116,16.2,15.1,17.4,18.6,19.8,2.400000000000002,4.700000000000001,76.0,83.33,98.0,4.5,1012.57,12.33,7.308
2019-10-22,3,73.79532921582258,56.46625685008247,17.2,14.7,18.7,21.6,23.2,4.400000000000002,8.5,66.0,81.33,92.0,9.200000000000001,1014.4,21.33,4.572
2019-10-23,6,83.87631352423294,50.52965193984987,16.2,12.6,20.03,26.9,26.9,10.7,14.299999999999999,52.0,71.67,83.0,0.0,1016.9,21.33,6.9479999999999995
2019-10-24,12,86.22204684156483,60.61166153186603,19.0,17.1,22.17,27.3,27.8,8.3,10.7,39.0,68.67,85.0,0.0,1014.87,22.67,8.028
2019-10-25,6,83.64317247484814,59.70887180388479,20.9,16.5,23.43,26.4,27.4,5.5,10.899999999999999,47.0,61.0,69.0,0.0,1017.03,13.67,6.48
2019-10-26,2,95.18284923880941,51.22333694422876,18.8,12.9,23.87,30.6,31.2,11.8,18.299999999999997,43.0,59.33,74.0,0.0,1015.4,9.33,6.9479999999999995
2019-10-27,3,68.64749057922084,67.69545332940459,20.5,20.2,20.87,21.2,22.3,0.6999999999999993,2.1000000000000014,86.0,92.33,96.0,23.0,1012.1,19.67,8.892000000000001
2019-10-28,7,96.9249700594689,63.654313329462454,20.5,18.0,24.17,28.9,29.7,8.399999999999999,11.7,66.0,77.33,90.0,0.2,1008.4,13.67,5.04
2019-10-29,9,82.14717845234814,67.72837772000327,20.8,20.0,23.9,26.1,26.1,5.300000000000001,6.100000000000001,69.0,80.0,95.0,11.2,1007.97,5.0,6.588
2019-10-30,8,64.98994756624565,63.763436609966575,20.0,18.7,20.33,20.6,21.6,0.6000000000000014,2.900000000000002,96.0,96.67,97.0,27.2,1011.87,10.67,10.8
2019-10-31,5,64.76878341739565,65.28982177386737,20.4,19.2,20.53,20.6,20.9,0.20000000000000284,1.6999999999999993,92.0,93.67,96.0,26.1,1014.9,18.0,9.107999999999999
2019-11-01,4,79.799929607008,61.89379780673572,19.2,18.0,21.73,25.0,25.4,5.800000000000001,7.399999999999999,71.0,80.0,88.0,0.0,1018.9,13.67,11.772
2019-11-02,4,109.42301400452807,66.58258917334521,20.6,19.3,26.87,32.7,32.9,12.100000000000001,13.599999999999998,57.0,69.67,88.0,0.0,1011.63,18.33,5.04
2019-11-03,8,76.24845082252867,65.7497744271808,22.0,19.0,22.7,23.5,24.1,1.5,5.100000000000001,68.0,78.67,94.0,2.6,1011.93,18.0,5.508
2019-11-04,3,70.03486631635218,64.55532128142639,19.1,18.4,20.03,20.7,21.9,1.5999999999999979,3.5,79.0,85.67,96.0,19.8,1008.67,14.0,5.04
2019-11-05,8,79.46777085258513,65.2340376301385,20.9,19.1,22.17,24.5,25.3,3.6000000000000014,6.199999999999999,63.0,84.33,98.0,18.799999999999997,1010.03,15.33,8.28
2019-11-06,8,81.71656571420789,52.24063211837752,19.1,13.6,22.03,25.4,26.4,6.299999999999997,12.799999999999999,53.0,65.0,86.0,0.1,1017.7,14.0,8.532
2019-11-07,9,81.88559849564975,60.47247033594724,18.2,16.9,20.47,24.4,26.0,6.199999999999999,9.100000000000001,74.0,81.33,96.0,7.7,1013.73,21.33,6.9479999999999995
2019-11-08,7,93.16634081817993,64.2448914186564,22.0,18.2,24.2,27.9,28.9,5.899999999999999,10.7,60.0,77.67,90.0,0.0,1013.03,6.33,4.680000000000001
2019-11-09,3,89.84713387191469,64.6270135626327,21.6,18.9,24.7,26.6,28.3,5.0,9.400000000000002,70.0,75.67,85.0,0.0,1013.13,14.0,8.892000000000001
2019-11-10,5,72.41220365112605,64.55287985400284,21.0,19.1,21.87,22.5,23.1,1.5,4.0,82.0,86.67,93.0,1.2000000000000002,1014.83,14.0,11.772
2019-11-11,7,78.60834475301405,63.33269213832326,19.2,18.5,21.83,24.0,25.0,4.800000000000001,6.5,70.0,78.67,91.0,2.2,1019.77,12.33,10.548
2019-11-12,5,96.71853263247874,61.81255606967782,19.7,17.8,24.43,29.3,30.3,9.600000000000001,12.5,59.0,70.67,86.0,0.0,1016.7,14.0,9.828
2019-11-13,2,97.3479787869019,68.48525049815296,22.5,20.4,26.1,30.3,31.1,7.800000000000001,10.700000000000003,49.0,64.67,81.0,0.0,1010.73,21.33,7.308
2019-11-14,2,94.46103482341151,68.01851777616858,20.6,20.0,24.83,28.8,29.2,8.2,9.2,61.0,77.33,96.0,14.2,1007.83,19.67,5.508
2019-11-15,3,78.98218354388788,64.02986461986384,21.8,18.7,22.87,24.6,25.1,2.8000000000000007,6.400000000000002,55.0,71.0,91.0,8.8,1011.03,18.0,9.468
2019-11-16,3,82.68484100510395,56.127712678968415,18.8,15.1,22.53,26.2,26.7,7.399999999999999,11.6,54.0,67.0,85.0,0.0,1012.0,12.0,7.452
2019-11-17,7,90.83959469723547,55.857078643789585,19.4,15.0,23.8,30.0,30.1,10.600000000000001,15.100000000000001,37.0,58.33,74.0,0.0,1013.07,17.0,7.5600000000000005
2019-11-18,5,94.05313096214385,58.43098662384184,20.6,16.3,25.63,31.8,31.8,11.2,15.5,39.0,52.0,68.0,0.0,1014.73,11.0,9.107999999999999
2019-11-19,5,100.98776906713924,62.15773202981627,22.2,17.6,23.5,25.1,32.3,2.900000000000002,14.699999999999996,51.0,61.67,75.0,0.0,1014.6,11.0,6.732
2019-11-20,3,112.15801583817279,65.2344930457284,22.5,19.0,27.63,33.6,34.1,11.100000000000001,15.100000000000001,49.0,64.67,83.0,0.0,1013.9,22.67,7.308
2019-11-21,5,115.30836677765092,65.2340376301385,23.6,19.1,28.2,33.7,34.5,10.100000000000001,15.399999999999999,50.0,65.67,81.0,0.0,1012.63,17.0,8.28
2019-11-22,3,110.71529156759995,71.26635124592808,25.9,21.9,26.97,28.3,33.5,2.400000000000002,11.600000000000001,55.0,67.0,75.0,0.4,1008.87,22.67,12.24
2019-11-23,5,78.97435288269186,63.08285161420908,22.1,18.6,22.43,23.1,25.1,1.0,6.5,55.0,72.33,91.0,11.6,1015.2,15.33,13.32
2019-11-24,7,78.48919249504897,53.51327224768997,18.9,14.3,21.63,24.6,24.8,5.700000000000003,10.5,50.0,59.67,73.0,0.0,1018.77,12.33,9.72
2019-11-25,5,85.77045439300983,55.79307606911368,18.0,15.3,22.73,27.0,28.1,9.0,12.8,53.0,62.33,71.0,0.0,1014.23,11.0,10.08
2019-11-26,6,88.79162159459212,64.3212475948529,20.4,18.7,23.93,28.2,28.6,7.800000000000001,9.900000000000002,60.0,68.0,75.0,0.0,1009.77,12.33,8.172
2019-11-27,8,76.76578897947262,66.68000190722154,20.9,19.6,22.03,23.0,24.5,2.1000000000000014,4.899999999999999,73.0,84.67,94.0,3.5,1009.13,15.0,7.092
2019-11-28,3,84.26729110874186,50.23492991317613,19.6,12.5,22.77,27.5,27.6,7.899999999999999,15.100000000000001,40.0,61.67,78.0,0.0,1015.57,12.0,7.092
2019-11-29,4,95.28643765646382,56.16143699205925,19.5,15.0,24.83,31.2,32.2,11.7,17.200000000000003,43.0,51.67,56.0,0.0,1012.3,15.0,6.732
2019-11-30,8,103.45845953251508,69.47576790090478,24.4,20.5,28.27,32.1,32.7,7.700000000000003,12.200000000000003,58.0,62.67,68.0,0.0,1008.37,22.67,4.428
2019-12-01,6,85.38935159842812,65.91380276448598,24.1,19.7,25.8,27.9,28.3,3.799999999999997,8.600000000000001,46.0,58.0,67.0,0.0,1013.3,18.0,12.348
2019-12-02,5,79.3696843410397,56.39206372428069,19.8,15.1,22.07,25.5,25.5,5.699999999999999,10.4,42.0,54.67,68.0,0.0,1017.47,20.0,6.732
2019-12-03,10,83.77104418270568,50.782834661662505,18.2,12.9,23.13,28.2,28.5,10.0,15.6,34.0,47.33,68.0,0.0,1013.6,9.33,8.028
2019-12-04,4,103.83884718446325,66.48616569017511,20.0,19.6,26.53,33.2,33.2,13.200000000000003,13.600000000000001,48.0,59.67,71.0,0.0,1008.67,15.33,7.920000000000001
2019-12-06,4,87.79390691940318,54.886966638620976,20.0,14.6,23.53,28.4,29.1,8.399999999999999,14.500000000000002,39.0,58.67,72.0,0.0,1010.83,26.0,7.668
2019-12-07,6,86.51568103658556,59.75029993913098,23.0,15.9,25.43,28.8,29.5,5.800000000000001,13.6,38.0,49.67,59.0,0.0,1012.73,24.33,3.492
2019-12-08,3,98.16622242372614,59.738004497502615,20.8,16.8,25.83,32.1,32.3,11.3,15.499999999999996,38.0,56.67,74.0,0.0,1013.07,12.33,8.64
2019-12-09,7,107.90080717471366,66.95367622285809,22.3,19.8,27.5,33.8,34.2,11.499999999999996,14.400000000000002,37.0,58.67,74.0,0.0,1011.43,23.0,7.920000000000001
2019-12-10,6,106.36783503140822,62.81696788836835,25.8,17.9,29.27,34.8,35.1,8.999999999999996,17.200000000000003,34.0,51.0,65.0,0.0,1011.27,18.0,6.84
2019-12-11,8,107.95664971785543,64.44514500963818,25.4,18.7,29.53,35.4,35.4,10.0,16.7,40.0,51.33,58.0,0.0,1008.8,22.67,7.668
2019-12-12,6,103.56816655463092,72.25304241323894,26.0,22.2,29.2,32.4,33.0,6.399999999999999,10.8,51.0,60.67,72.0,0.0,1004.87,24.33,10.08
2019-12-13,9,84.79079946623298,64.9994123913323,20.4,19.0,24.93,28.2,28.2,7.800000000000001,9.2,49.0,56.33,63.0,0.0,1013.63,19.67,8.28
2019-12-14,5,98.343372296464,57.01857398103738,19.0,15.9,24.53,30.3,32.3,11.3,16.4,50.0,57.0,61.0,0.0,1016.03,14.0,10.908
2019-12-15,3,113.51521674083219,71.75570808160356,24.5,21.8,28.83,33.8,34.6,9.299999999999997,12.8,48.0,63.0,78.0,0.0,1008.7,19.67,7.2
2019-12-16,3,85.97785826545102,70.4702702193487,23.4,21.4,25.07,27.4,27.6,4.0,6.200000000000003,55.0,70.67,81.0,8.0,1007.87,30.0,9.251999999999999
2019-12-17,11,87.74138186042826,65.86006844152678,21.4,19.4,24.67,28.1,28.3,6.700000000000003,8.900000000000002,51.0,68.0,81.0,0.1,1012.27,14.0,8.64
2019-12-18,6,86.38649902629987,59.528880375371784,21.5,17.0,24.57,28.1,28.5,6.600000000000001,11.5,48.0,60.0,70.0,0.0,1015.97,12.33,11.520000000000001
2019-12-19,5,99.30218110195219,61.89428137723645,21.5,17.8,26.37,32.2,32.4,10.700000000000003,14.599999999999998,45.0,58.0,72.0,0.0,1014.9,9.33,9.468
2019-12-20,3,114.23237221966232,69.4773356568128,23.2,20.9,29.07,35.6,35.6,12.400000000000002,14.700000000000003,45.0,57.67,76.0,0.0,1010.03,21.33,8.172
2019-12-21,7,94.18099871339227,76.14706808050539,24.9,23.9,27.0,29.7,29.7,4.800000000000001,5.800000000000001,56.0,71.0,83.0,4.3,1004.83,21.0,11.879999999999999
2019-12-22,8,81.16813732732822,62.23393246464096,21.1,18.0,23.73,25.9,26.6,4.799999999999997,8.600000000000001,39.0,55.0,66.0,0.0,1010.63,27.0,10.08
2019-12-23,8,88.75104224895611,59.63389481125303,21.9,16.7,24.37,29.1,30.1,7.200000000000003,13.400000000000002,35.0,52.0,64.0,0.0,1013.67,28.67,8.172
2019-12-24,6,100.27316174820623,58.69561384832884,22.7,16.0,27.17,34.1,34.3,11.400000000000002,18.299999999999997,32.0,46.67,54.0,0.0,1012.53,21.33,6.12
2019-12-25,2,115.69913553042129,66.27925036012525,24.1,19.6,29.5,36.3,37.2,12.199999999999996,17.6,29.0,50.33,65.0,0.0,1010.33,24.33,8.892000000000001
2019-12-26,7,110.07066473593599,74.36994727800464,29.1,23.0,31.77,35.4,35.4,6.299999999999997,12.399999999999999,49.0,54.0,58.0,0.0,1012.27,12.33,8.388
2019-12-27,5,135.36571606863885,73.85138307650645,26.8,22.8,31.27,37.8,38.8,10.999999999999996,15.999999999999996,40.0,59.33,73.0,0.0,1013.77,12.33,8.748000000000001
2019-12-28,2,132.2592924328,72.38516848079033,25.6,22.2,31.0,38.6,39.0,13.0,16.8,32.0,56.0,75.0,0.0,1012.8,27.33,9.107999999999999
2019-12-29,6,131.20270242729424,73.68054622716265,28.2,22.7,31.27,37.3,38.3,9.099999999999998,15.599999999999998,32.0,58.67,74.0,0.0,1011.6,22.67,8.28
2019-12-30,4,111.508060744768,73.64524280728791,28.7,22.7,30.73,34.3,36.4,5.599999999999998,13.7,35.0,50.0,72.0,0.0,1009.83,18.33,8.532
2019-12-31,5,145.39186630782427,73.59009456820158,27.3,22.5,31.87,38.6,40.3,11.3,17.799999999999997,34.0,59.0,78.0,0.0,1005.9,25.67,6.012
2020-01-01,2,120.98006053315775,77.57501368207804,25.3,24.4,28.7,31.8,34.4,6.5,10.0,59.0,72.33,88.0,1.3,1005.37,18.33,9.251999999999999
2020-01-02,5,87.42024672150411,70.41267024293276,24.6,21.6,25.27,26.4,27.8,1.7999999999999972,6.199999999999999,67.0,74.0,81.0,1.2,1010.93,18.0,13.32
2020-01-03,4,85.966006968988,65.49000021361667,22.6,19.6,24.87,27.0,27.9,4.399999999999999,8.299999999999997,57.0,66.0,76.0,0.4,1016.47,14.0,13.572000000000001
2020-01-04,5,90.96417637969594,67.55855440890123,22.0,20.5,24.97,28.3,29.1,6.300000000000001,8.600000000000001,56.0,69.0,81.0,0.1,1014.6,14.0,14.652000000000001
2020-01-05,3,103.40806031353213,66.60599227338382,22.6,19.5,27.33,32.6,32.6,10.0,13.100000000000001,46.0,63.33,80.0,0.0,1008.5,9.33,6.48
2020-01-06,8,117.49039331683329,69.49190637964266,24.8,21.2,28.53,31.8,36.2,7.0,15.000000000000004,44.0,57.67,75.0,0.0,1003.6,27.33,12.852
2020-01-07,4,101.85675347992635,74.8213203176676,26.5,23.2,28.63,31.6,31.6,5.100000000000001,8.400000000000002,58.0,68.67,75.0,0.1,1006.67,21.0,8.532
2020-01-08,6,96.98026595310398,68.19768838642548,24.8,20.5,27.6,31.2,31.7,6.399999999999999,11.2,49.0,59.0,68.0,0.0,1010.63,14.0,10.08
2020-01-09,3,125.068350578592,71.1601109330166,24.4,21.4,30.53,37.6,37.7,13.200000000000003,16.300000000000004,38.0,56.67,71.0,0.0,1008.7,24.33,5.652
2020-01-10,5,128.69338787003818,73.49882368041966,27.8,22.6,31.13,35.0,36.8,7.199999999999999,14.199999999999996,51.0,64.67,81.0,0.6,1007.77,23.0,7.920000000000001
2020-01-11,8,110.07071228361578,72.97759691617549,22.8,22.1,26.9,31.3,31.8,8.5,9.7,59.0,79.33,97.0,20.5,1010.43,16.67,4.680000000000001
2020-01-12,8,105.6864436189721,73.31556393167742,26.1,22.3,28.8,32.5,32.7,6.399999999999999,10.400000000000002,43.0,66.0,85.0,0.0,1013.67,9.33,5.148
2020-01-13,2,97.42339247025456,68.45386722816033,26.2,20.6,28.07,30.8,31.6,4.600000000000001,11.0,53.0,60.67,70.0,0.0,1016.33,14.0,9.972
2020-01-14,7,114.26180411812217,67.47578693215584,22.6,20.0,28.4,35.0,35.0,12.399999999999999,15.0,48.0,61.33,75.0,0.0,1013.4,15.33,7.668
2020-01-15,6,114.26180411812217,75.8450989182813,26.0,23.8,29.87,33.4,35.0,7.399999999999999,11.2,51.0,61.33,78.0,0.0,1007.53,27.33,12.6
2020-01-16,3,79.70848415781157,67.25086634185365,22.6,20.3,23.9,24.6,25.4,2.0,5.099999999999998,45.0,72.67,93.0,17.8,1013.33,19.67,13.212
2020-01-17,4,82.59582698088343,55.13899940612832,20.3,14.3,22.83,26.8,27.1,6.5,12.8,46.0,58.67,66.0,0.0,1020.97,9.33,5.4
2020-01-18,5,93.82492417813307,59.70887180388479,20.8,16.5,24.93,30.6,30.8,9.8,14.3,48.0,59.67,69.0,0.0,1019.0,10.67,6.48
2020-01-19,3,114.72525445651486,66.04695146405122,23.0,19.1,27.33,33.8,34.4,10.799999999999997,15.299999999999997,53.0,65.67,77.0,0.0,1015.2,21.33,5.292
2020-01-20,5,118.9569665417312,71.39502628334631,25.5,21.7,29.43,35.2,35.6,9.700000000000003,13.900000000000002,51.0,62.67,74.0,0.0,1011.43,13.67,7.920000000000001
2020-01-21,10,101.16040312568612,72.03816955551906,26.4,22.0,28.0,30.4,31.0,4.0,9.0,62.0,72.67,78.0,0.0,1008.73,17.0,8.28
2020-01-22,6,95.57538041234326,70.96609913940574,22.2,21.6,24.87,28.8,29.4,6.600000000000001,7.799999999999997,54.0,77.67,93.0,6.300000000000001,1010.87,12.33,9.107999999999999
2020-01-23,5,88.51590431532368,68.09838286613126,22.6,20.6,24.43,26.0,28.2,3.3999999999999986,7.599999999999998,67.0,72.33,80.0,1.4,1013.6,14.0,12.348
2020-01-24,3,95.91992640083222,63.91296605944169,22.6,18.9,25.8,29.4,30.4,6.799999999999997,11.5,57.0,68.0,80.0,0.0,1012.7,13.67,12.708
2020-01-25,3,101.79342577051833,62.609769753022675,23.0,17.9,25.87,31.2,32.0,8.2,14.100000000000001,41.0,65.33,78.0,0.0,1009.73,24.33,7.5600000000000005
2020-01-26,4,105.00288988301841,72.06951173170607,27.4,21.8,29.73,34.0,34.1,6.600000000000001,12.3,44.0,55.33,67.0,0.0,1009.4,28.67,5.652
2020-01-27,3,121.02221711747225,77.14846962420884,24.6,24.1,25.87,27.0,33.2,2.3999999999999986,9.100000000000001,75.0,81.0,93.0,13.0,1009.57,22.67,6.732
2020-01-28,8,98.11623197862787,68.57567196262089,24.4,20.6,26.37,29.6,30.6,5.200000000000003,10.0,57.0,70.67,80.0,1.8,1012.5,15.33,9.251999999999999
2020-01-29,6,87.74131509248437,72.78287880904287,23.9,22.1,24.43,24.8,27.5,0.9000000000000021,5.399999999999999,77.0,80.67,85.0,2.0,1010.2,19.67,5.508
2020-01-30,1,90.69342184612772,73.32093496077172,24.8,22.5,26.4,27.8,28.5,3.0,6.0,71.0,75.67,82.0,1.8,1008.8,27.33,7.5600000000000005
2020-01-31,10,101.66144276098476,72.86428938590694,24.7,22.1,26.3,28.8,30.3,4.100000000000001,8.2,68.0,80.33,87.0,4.5,1010.57,23.0,5.148
2020-02-01,3,97.19709689329244,68.99620923032654,23.1,20.6,26.3,29.9,30.1,6.799999999999997,9.5,61.0,73.67,88.0,2.2,1014.6,11.0,7.092
2020-02-02,7,107.24411648320027,67.27285242860928,23.5,20.0,27.57,32.4,33.0,8.899999999999999,13.0,57.0,66.0,77.0,0.0,1014.1,10.67,8.64
2020-02-03,3,103.45551635299223,72.10537552782675,24.4,22.2,26.93,31.4,31.4,7.0,9.2,56.0,73.0,82.0,0.2,1015.2,14.0,11.268
2020-02-04,3,107.73235140733503,71.29884146575344,24.6,21.8,27.9,32.3,33.0,7.699999999999996,11.2,50.0,66.67,78.0,0.0,1015.93,9.0,10.08
2020-02-05,11,130.1800049572048,73.21780490809387,24.6,22.7,28.9,33.8,35.4,9.199999999999996,12.7,63.0,74.33,81.0,0.0,1013.9,9.33,12.132000000000001
2020-02-06,5,126.36407501833453,73.14425338260347,25.7,22.5,30.1,35.7,36.8,10.000000000000004,14.299999999999997,47.0,62.67,77.0,0.0,1013.4,12.33,8.748000000000001
2020-02-07,6,116.39370398692195,77.01740525530101,26.4,24.1,30.33,34.7,35.0,8.300000000000004,10.899999999999999,40.0,63.67,83.0,0.0,1012.87,12.33,7.812
2020-02-08,7,123.46021252084012,76.81370622416814,26.7,24.0,30.43,35.0,36.4,8.3,12.399999999999999,46.0,62.33,79.0,0.0,1009.97,24.33,7.5600000000000005
2020-02-09,8,89.84856220640627,73.93032080123268,23.2,22.8,25.13,27.2,27.8,4.0,5.0,63.0,83.67,95.0,30.400000000000002,1012.0,25.67,8.172
2020-02-10,3,84.30073487423954,62.738742936926904,23.0,18.1,24.13,26.2,27.3,3.1999999999999993,9.2,62.0,66.67,71.0,0.0,1017.33,13.67,8.892000000000001
2020-02-11,7,87.31929763303644,62.1057237626664,21.0,18.0,23.67,26.5,27.9,5.5,9.899999999999999,61.0,72.0,81.0,0.0,1018.83,14.0,10.692
2020-02-12,4,91.56955617758567,64.63968555827617,22.0,19.1,24.73,28.2,29.5,6.199999999999999,10.399999999999999,58.0,66.33,72.0,0.0,1017.07,12.33,11.268
2020-02-13,6,101.3628323912898,65.38914044583262,22.6,19.2,26.97,32.5,32.7,9.899999999999999,13.500000000000004,41.0,59.33,80.0,0.0,1015.27,10.67,8.64
2020-02-14,6,94.54619948269615,67.18743148919957,24.0,19.9,26.7,30.7,30.8,6.699999999999999,10.900000000000002,48.0,61.33,73.0,0.0,1012.5,27.33,7.920000000000001
2020-02-15,3,116.8241088334863,75.99533596310172,26.3,23.6,29.3,34.5,35.4,8.2,11.799999999999997,42.0,61.67,73.0,0.2,1010.13,15.33,6.732
2020-02-16,6,122.55927714332816,76.91784289198742,28.7,24.0,31.57,36.5,37.4,7.800000000000001,13.399999999999999,43.0,56.0,68.0,0.0,1009.57,24.33,6.732
2020-02-17,5,130.8688343344319,77.88485898103269,28.9,24.4,32.23,37.6,37.8,8.700000000000003,13.399999999999999,47.0,61.0,73.0,0.0,1008.83,30.33,6.372
2020-02-18,1,122.21269580713611,78.09416123992423,25.8,24.6,27.73,29.8,34.0,4.0,9.399999999999999,60.0,76.33,94.0,9.6,1006.77,24.33,8.748000000000001
2020-02-19,5,104.82890977593624,72.78068527592754,25.4,22.3,27.87,31.5,32.4,6.100000000000001,10.099999999999998,50.0,67.0,81.0,0.0,1009.43,24.33,8.028
2020-02-20,6,95.89065413639995,67.37486410415303,24.1,19.9,26.23,30.0,30.5,5.899999999999999,10.600000000000001,49.0,67.0,80.0,0.0,1010.63,21.33,7.092
2020-02-21,6,81.17359936360015,63.8413112804036,20.2,18.4,22.67,25.0,26.5,4.800000000000001,8.100000000000001,43.0,57.0,70.0,0.0,1015.9,21.33,7.308
2020-02-22,7,79.3458984160321,54.29166284600882,17.9,14.7,20.87,24.5,25.4,6.600000000000001,10.7,46.0,58.0,65.0,0.0,1019.73,21.0,10.332
2020-02-23,5,85.91016694729862,57.25418714914816,19.4,15.6,22.73,27.3,28.0,7.900000000000002,12.4,48.0,64.33,74.0,0.0,1019.3,14.0,7.5600000000000005
2020-02-24,2,119.6727119685709,60.67333168138894,20.9,17.3,25.77,32.5,34.5,11.600000000000001,17.2,62.0,70.33,75.0,0.0,1012.47,18.33,9.612
2020-02-25,4,115.9073880265362,71.5237974198119,22.9,21.7,27.23,33.5,34.0,10.600000000000001,12.3,48.0,69.67,86.0,1.5,1007.73,22.67,7.2
2020-02-26,4,81.55135948432972,67.34566477939455,21.2,20.0,23.03,25.0,26.0,3.8000000000000007,6.0,54.0,76.33,93.0,40.6,1009.7,19.67,8.28
2020-02-27,5,86.25450185895096,56.99243905259246,20.2,15.3,22.27,26.2,27.9,6.0,12.599999999999998,54.0,67.33,75.0,0.0,1014.8,21.33,6.372
2020-02-28,7,93.50382139041037,58.80965063269859,20.8,15.6,23.87,29.8,30.6,9.0,15.000000000000002,44.0,60.67,73.0,0.0,1016.77,21.33,3.9600000000000004
2020-02-29,11,95.09087666577611,58.68601804116342,22.2,16.2,24.93,30.4,30.6,8.2,14.400000000000002,47.0,64.33,75.0,0.0,1018.63,21.33,7.452
2020-03-01,4,95.91315535793773,62.376918335462925,22.5,17.8,25.43,30.0,30.8,7.5,13.0,46.0,64.33,78.0,0.0,1020.73,15.33,7.5600000000000005
2020-03-02,7,90.34002237875212,67.24348743893998,22.7,20.1,25.67,29.2,29.2,6.5,9.099999999999998,50.0,66.0,79.0,0.0,1021.2,12.33,10.08
2020-03-03,4,92.72352937695877,63.74576610444182,22.2,18.4,25.07,29.2,30.0,7.0,11.600000000000001,52.0,64.33,72.0,0.0,1018.43,16.67,7.668
2020-03-04,4,92.21359810001232,63.50151264048155,22.4,18.5,24.67,27.2,29.7,4.800000000000001,11.2,49.0,66.0,79.0,0.0,1016.27,15.33,9.72
2020-03-05,8,88.2505310190821,60.97107974660287,21.8,17.4,24.43,28.5,28.8,6.699999999999999,11.400000000000002,50.0,63.67,75.0,0.0,1018.53,12.33,9.360000000000001
2020-03-06,7,93.92457296899916,63.82628619730115,22.2,18.5,25.0,28.6,29.8,6.400000000000002,11.3,55.0,69.33,77.0,0.0,1017.83,10.67,8.28
2020-03-07,1,98.74665244767935,62.738742936926904,21.6,18.1,25.53,31.2,31.3,9.599999999999998,13.2,49.0,65.67,75.0,0.0,1013.8,14.0,8.892000000000001
2020-03-08,5,112.55563974386786,65.5765031079202,22.6,19.2,27.53,34.8,34.9,12.199999999999996,15.7,39.0,60.0,81.0,0.0,1011.5,15.33,7.812
2020-03-09,8,114.52801333806087,68.47226644596611,25.8,20.2,29.43,35.9,36.0,10.099999999999998,15.8,36.0,55.67,70.0,0.0,1013.67,23.0,5.508
2020-03-10,3,100.19690517947234,70.3157346069916,26.9,21.3,28.23,30.0,31.7,3.1000000000000014,10.399999999999999,55.0,65.0,79.0,0.0,1015.77,16.67,8.748000000000001
2020-03-11,10,107.988062389728,69.04932152680283,24.6,20.8,27.17,32.2,32.6,7.600000000000001,11.8,49.0,70.0,84.0,0.0,1015.4,14.0,9.251999999999999
2020-03-12,2,130.69177013315203,69.20469080189538,23.9,20.7,28.63,35.9,37.4,12.0,16.7,41.0,63.0,82.0,0.0,1012.87,27.0,7.2
2020-03-13,5,120.1255308267178,76.08665392746425,28.1,23.6,30.63,34.3,35.3,6.199999999999996,11.699999999999996,57.0,65.67,74.0,0.0,1013.73,16.67,6.12
2020-03-14,2,143.7604536059988,71.47754485213855,25.0,21.7,29.27,37.5,38.4,12.5,16.7,33.0,67.33,86.0,0.0,1014.17,27.33,7.452
2020-03-15,4,95.80575105835877,76.84434109010184,26.2,24.0,27.77,29.5,30.0,3.3000000000000007,6.0,59.0,71.67,81.0,0.0,1012.43,16.67,7.308
2020-03-16,6,77.48471144350768,67.47578693215584,21.0,20.0,22.33,24.8,24.8,3.8000000000000007,4.800000000000001,85.0,88.67,92.0,6.6,1015.2,16.67,7.668
2020-03-17,8,87.59845837881616,63.02588214558672,20.2,18.3,23.13,27.0,27.4,6.800000000000001,9.099999999999998,67.0,82.0,96.0,0.2,1014.8,14.0,9.72
2020-03-18,11,95.06949396650676,69.9082581098767,22.0,20.9,24.47,28.8,28.9,6.800000000000001,8.0,69.0,82.67,93.0,11.2,1011.43,13.67,6.12
2020-03-19,5,98.67286029028462,73.39491637263345,24.0,22.6,26.3,29.8,30.3,5.800000000000001,7.699999999999999,52.0,74.67,87.0,0.0,1008.3,21.0,8.64
2020-03-20,8,83.49706345505066,63.23718933138759,20.1,18.0,24.27,27.2,27.2,7.099999999999998,9.2,53.0,63.33,76.0,0.0,1009.77,28.67,6.228
2020-03-21,9,92.34072976114889,62.06610294612187,21.3,17.4,23.57,27.9,28.6,6.599999999999998,11.200000000000003,59.0,79.33,92.0,4.2,1013.33,17.0,5.652
2020-03-22,4,96.25036282460749,62.51082872563258,21.4,17.8,24.77,29.5,30.3,8.100000000000001,12.5,54.0,69.67,81.0,0.0,1016.63,11.0,7.092
2020-03-23,6,100.87488041763697,65.57114887548559,22.5,19.3,26.13,30.8,31.4,8.3,12.099999999999998,50.0,68.67,85.0,0.0,1018.5,11.0,8.892000000000001
2020-03-24,7,97.5267643317363,62.32810847382053,22.7,17.9,26.17,31.2,31.3,8.5,13.400000000000002,45.0,63.33,79.0,0.0,1018.43,11.0,8.64
2020-03-25,12,100.9281106239212,62.35510883160208,21.6,17.7,25.73,31.8,32.2,10.2,14.500000000000004,39.0,62.33,82.0,0.0,1015.7,25.67,6.84
2020-03-26,6,100.27710462617887,62.144066917903146,23.0,17.7,25.73,31.0,31.2,8.0,13.5,52.0,69.33,79.0,0.0,1014.8,19.67,7.5600000000000005
2020-03-27,4,102.15092955030019,67.65494202188256,23.0,20.1,26.07,31.0,31.5,8.0,11.399999999999999,51.0,70.0,80.0,0.0,1014.53,14.0,7.920000000000001
2020-03-28,3,105.34247169000008,70.60791665705464,23.2,21.1,26.2,32.1,32.5,8.900000000000002,11.399999999999999,44.0,67.0,79.0,0.0,1014.3,9.33,5.148
2020-03-29,5,99.73280392292824,73.00975314394165,23.6,22.2,26.2,30.6,30.9,7.0,8.7,55.0,71.0,86.0,0.7,1015.07,27.33,5.508
2020-03-30,6,112.9606573468002,69.11395913596527,25.6,20.5,28.43,33.9,34.5,8.299999999999997,14.0,38.0,63.0,78.0,0.0,1015.0,16.67,5.652
2020-03-31,6,103.07031691922423,71.39635401672888,24.9,21.9,27.23,30.7,31.6,5.800000000000001,9.700000000000003,60.0,70.67,76.0,0.0,1013.93,12.0,11.16
2020-04-01,8,93.93359627664026,71.56891907790663,24.3,21.8,26.23,28.7,29.4,4.399999999999999,7.599999999999998,64.0,73.67,83.0,0.0,1014.6,12.33,8.28
2020-04-02,2,89.40575606294422,69.66781377542657,22.2,21.1,23.73,25.4,27.8,3.1999999999999993,6.699999999999999,72.0,82.0,87.0,8.6,1009.77,24.33,9.828
2020-04-03,8,77.52256535952628,56.682180020110444,17.0,15.7,21.03,24.1,24.1,7.100000000000001,8.400000000000002,55.0,61.67,73.0,0.0,1010.3,25.67,10.332
2020-04-05,5,93.65262309378713,55.54042935673584,19.6,14.5,23.13,29.8,30.1,10.2,15.600000000000001,42.0,65.67,79.0,0.0,1013.87,25.67,5.508
2020-04-06,4,73.87223110119172,63.37691735862863,18.8,18.2,20.97,22.8,23.4,4.0,5.199999999999999,74.0,83.33,94.0,8.899999999999999,1013.27,18.33,7.308
2020-04-07,9,75.92208892418452,56.26031156913525,17.1,15.0,19.97,22.4,22.4,5.299999999999997,7.399999999999999,40.0,62.33,89.0,2.4,1018.4,26.0,6.48
2020-04-08,2,76.47232452719999,48.284114900943166,14.6,11.7,17.7,21.7,23.0,7.1,11.3,53.0,61.0,69.0,0.0,1020.87,25.67,7.308
2020-04-09,1,77.35409479539972,56.84268571195382,17.3,15.7,19.43,23.3,24.2,6.0,8.5,56.0,67.67,80.0,0.0,1018.97,24.33,9.72
2020-04-10,8,77.06442246534402,55.13899940612832,16.7,14.3,19.77,23.9,24.2,7.199999999999999,9.899999999999999,56.0,72.0,88.0,3.1,1018.4,24.33,5.4
2020-04-11,5,76.35763449683213,55.65425486781265,16.6,14.3,19.23,24.2,24.2,7.599999999999998,9.899999999999999,54.0,80.0,94.0,1.9,1018.43,19.67,4.428
2020-04-12,3,82.95206040250572,51.65438573469513,17.6,12.7,20.2,25.4,26.5,7.799999999999997,13.8,51.0,74.33,86.0,0.0,1018.9,21.33,5.148
2020-04-13,10,94.86903087726807,56.81280015040689,19.0,15.3,23.27,30.2,30.4,11.2,15.099999999999998,43.0,65.67,83.0,0.0,1015.03,8.0,6.84
2020-04-14,3,74.94793402853227,57.76079633134098,18.4,16.3,20.47,22.2,22.3,3.8000000000000007,6.0,53.0,68.33,77.0,1.6,1008.1,24.33,11.879999999999999
2020-04-15,4,76.54759024930802,50.95131802046905,15.8,13.8,18.27,22.7,22.7,6.899999999999999,8.899999999999999,41.0,58.0,74.0,0.0,1011.8,25.67,15.120000000000001
2020-04-16,5,76.14850210078143,51.390072112639075,15.8,13.1,18.77,22.1,22.1,6.300000000000001,9.000000000000002,53.0,59.33,68.0,0.0,1019.0,27.0,7.668
2020-04-17,6,72.07179685210171,57.35542403592606,17.3,15.3,19.13,21.9,22.2,4.599999999999998,6.899999999999999,75.0,80.67,87.0,1.2,1024.23,25.67,5.508
2020-04-18,5,84.01898606794578,54.813307555088365,17.7,14.1,20.4,25.8,26.6,8.100000000000001,12.500000000000002,54.0,80.33,94.0,0.2,1024.6,12.0,5.148
2020-04-19,3,89.92192627167299,58.4293068490888,19.3,16.0,22.57,28.3,28.8,9.0,12.8,45.0,69.33,85.0,0.0,1022.07,15.33,6.84
2020-04-20,2,94.07393537006367,56.36247057868145,19.9,15.0,23.37,29.8,29.9,9.900000000000002,14.899999999999999,43.0,68.67,87.0,0.0,1019.17,11.0,6.228
2020-04-21,9,94.2851794382259,57.972229375481625,20.0,15.5,23.87,30.4,30.4,10.399999999999999,14.899999999999999,41.0,64.33,77.0,0.0,1016.93,19.67,5.148
2020-04-22,5,90.7992803576565,59.62416738491383,19.6,16.3,23.6,29.0,29.0,9.399999999999999,12.7,55.0,69.67,91.0,0.0,1017.03,15.33,5.508
2020-04-23,5,94.243832760412,58.58431298757273,18.5,15.8,22.57,28.8,29.1,10.3,13.3,54.0,78.0,96.0,0.0,1017.03,21.33,5.292
2020-04-24,8,101.84170248135723,60.323317422360375,19.9,16.5,23.7,30.7,31.4,10.8,14.899999999999999,43.0,70.33,86.0,0.0,1016.3,9.33,4.932
2020-04-25,6,100.67611163989447,61.222756239995384,21.6,16.9,25.03,31.8,32.1,10.2,15.200000000000003,40.0,62.67,78.0,0.0,1015.93,15.33,4.932
2020-04-26,8,80.27658895065137,67.29515753858634,21.7,19.7,23.33,24.9,25.6,3.1999999999999993,5.900000000000002,70.0,74.33,82.0,0.0,1020.5,13.67,5.652
2020-04-27,3,82.35841606764623,68.19768838642548,21.7,20.5,22.8,24.9,26.2,3.1999999999999993,5.699999999999999,68.0,78.33,85.0,0.0,1023.9,12.33,10.08
2020-04-28,7,110.08214808059167,67.30655659964029,21.0,20.1,25.13,32.1,33.2,11.100000000000001,13.100000000000001,43.0,68.33,84.0,0.0,1017.67,14.0,9.72
2020-04-29,4,80.15551004717656,64.27512884025978,24.1,18.5,24.5,25.2,25.6,1.0999999999999979,7.100000000000001,65.0,70.67,80.0,0.0,1015.1,24.33,6.588
2020-04-30,9,79.0933454023517,51.48235028025658,16.0,12.9,20.8,25.2,25.2,9.2,12.299999999999999,35.0,60.33,79.0,0.0,1017.43,18.0,6.372
2020-05-01,4,77.76003754124775,52.04330182931328,17.0,13.3,20.0,24.4,24.4,7.399999999999999,11.099999999999998,46.0,66.0,78.0,0.0,1019.03,23.0,7.2
2020-05-02,5,73.80515501494835,53.829373736166104,15.5,13.8,18.33,22.1,22.5,6.600000000000001,8.7,55.0,75.33,86.0,0.0,1019.63,21.0,5.760000000000001
2020-05-03,7,78.73042686000012,50.30399175822857,14.9,11.9,18.83,24.2,25.0,9.299999999999999,13.1,50.0,73.0,88.0,0.0,1020.7,14.0,4.428
2020-05-04,3,81.26712610281157,48.94673846007235,15.2,11.5,19.63,25.9,26.1,10.7,14.600000000000001,48.0,68.33,83.0,0.0,1015.5,13.67,5.148
2020-05-05,6,68.60648343633933,58.66809368836807,16.5,15.6,18.6,20.0,20.2,3.5,4.6,71.0,83.67,95.0,5.9,1010.93,12.0,4.212
2020-05-06,10,72.20771381400414,47.687584402096626,13.1,11.7,16.63,18.5,18.6,5.4,6.900000000000002,59.0,75.33,90.0,0.0,1016.47,27.0,8.748000000000001
2020-05-07,6,73.59083093874378,43.05993973967212,11.1,9.1,15.17,20.5,20.8,9.4,11.700000000000001,48.0,70.67,84.0,0.0,1023.4,27.0,5.867999999999999
2020-05-08,7,74.01400276639839,43.23397988729493,11.6,8.9,15.73,22.0,22.5,10.4,13.6,50.0,74.33,87.0,0.0,1024.27,21.33,4.932
2020-05-09,9,80.68913556838208,44.89058927293281,12.6,9.2,17.8,25.2,25.8,12.6,16.6,40.0,71.33,93.0,0.0,1020.73,15.33,3.708
2020-05-10,1,85.69571489780296,46.79648116260462,17.0,10.8,20.67,27.8,28.0,10.8,17.2,44.0,63.33,76.0,0.0,1016.8,26.0,6.12
2020-05-11,9,93.68877381728294,56.39206372428069,19.6,15.1,23.93,30.4,31.4,10.799999999999997,16.299999999999997,41.0,54.33,65.0,0.0,1013.23,16.67,6.732
2020-05-12,4,64.10614116528936,61.58661603683717,17.3,16.7,18.5,20.1,20.1,2.8000000000000007,3.400000000000002,86.0,92.33,96.0,32.7,1015.77,12.33,3.3480000000000003
2020-05-13,7,60.260423835599596,60.16729690682576,18.2,16.5,18.57,19.0,19.1,0.8000000000000007,2.6000000000000014,94.0,96.33,98.0,7.8,1013.2,18.0,5.292
2020-05-14,7,72.92706414172793,49.39801300584281,13.7,11.7,16.9,20.3,20.8,6.600000000000001,9.100000000000001,47.0,73.0,88.0,0.0,1019.6,19.67,5.148
2020-05-15,5,72.16405921566822,43.33969453034623,10.9,8.9,14.57,19.3,19.8,8.4,10.9,53.0,74.67,87.0,0.0,1021.6,22.67,4.788
2020-05-16,9,75.16208312275185,44.33188311174929,11.3,8.9,15.53,22.5,22.8,11.2,13.9,42.0,70.0,84.0,0.0,1018.33,18.0,3.6
2020-05-17,7,80.11845689324659,48.11717299254714,14.6,11.2,19.17,25.8,25.8,11.200000000000001,14.600000000000001,41.0,60.33,74.0,0.0,1017.33,28.67,5.4
2020-05-18,5,84.16736897491245,49.75491131514885,14.6,11.8,19.53,26.8,26.9,12.200000000000001,15.099999999999998,50.0,73.67,93.0,0.0,1020.3,22.67,4.932
2020-05-19,7,92.06154860723234,51.4287484618099,15.0,12.6,21.07,29.2,29.2,14.2,16.6,33.0,71.0,91.0,0.0,1020.73,6.33,5.148
2020-05-20,5,95.89065413639995,56.12623538786781,18.1,14.6,22.73,30.5,30.5,12.399999999999999,15.9,43.0,67.0,84.0,0.0,1018.4,11.0,4.788
2020-05-21,5,77.9523465324482,64.4544562518967,22.1,18.1,22.37,22.5,24.6,0.3999999999999986,6.5,67.0,70.0,73.0,0.0,1014.93,18.33,3.708
2020-05-22,6,66.43235956772422,62.724193893477825,18.1,17.5,19.37,21.5,21.7,3.3999999999999986,4.199999999999999,88.0,94.0,97.0,56.2,1009.67,9.0,4.572
2020-05-23,5,67.74967974000936,53.56940731677339,14.5,14.0,16.77,18.3,19.2,3.8000000000000007,5.199999999999999,65.0,84.33,96.0,17.299999999999997,1009.37,28.67,7.452
2020-05-24,5,66.80823513486396,52.83723327503319,14.5,13.8,15.17,16.5,16.7,2.0,2.8999999999999986,73.0,87.0,95.0,7.8,1014.9,27.0,8.172
2020-05-25,2,75.04065341216493,49.394873309138696,14.1,12.8,16.3,20.3,20.7,6.200000000000001,7.899999999999999,48.0,64.67,80.0,0.0,1011.53,28.67,11.520000000000001
2020-05-26,7,77.3048328725761,49.15358742660934,13.8,12.7,15.9,17.4,17.6,3.599999999999998,4.900000000000002,54.0,64.0,71.0,0.0,1014.13,27.0,11.520000000000001
2020-05-27,9,70.97465119551958,42.785086523216656,10.6,9.2,14.27,19.2,19.3,8.6,10.100000000000001,59.0,77.67,92.0,0.0,1018.63,27.0,6.732
2020-05-28,4,81.70760743759371,45.761683024182176,9.8,7.6,15.6,24.8,26.0,15.0,18.4,50.0,78.67,95.0,0.0,1019.2,4.67,0.9720000000000001
2020-05-29,4,78.43446557230806,46.656830329318694,12.3,10.1,17.87,24.9,24.9,12.599999999999998,14.799999999999999,53.0,75.33,96.0,0.0,1018.37,18.33,3.9600000000000004
2020-05-30,6,76.24845082252867,48.40575308869631,12.3,11.2,17.33,24.1,24.1,11.8,12.900000000000002,53.0,78.67,96.0,0.0,1016.07,13.67,4.932
2020-05-31,3,69.07700500028713,50.83529934619146,14.2,12.4,16.17,19.0,20.0,4.800000000000001,7.6,71.0,82.33,89.0,0.0,1014.77,18.0,5.4
2020-06-01,7,74.85107173672509,40.12437687416656,9.0,8.1,12.33,15.5,15.9,6.5,7.800000000000001,57.0,76.33,87.0,1.9,1019.07,27.0,6.9479999999999995
2020-06-02,2,71.85956442793321,41.6045849756088,9.3,8.4,12.23,16.3,17.2,7.0,8.799999999999999,69.0,78.33,86.0,0.0,1020.17,27.33,5.652
2020-06-03,8,66.01480538536512,49.97977101955759,12.5,11.9,14.63,18.3,19.4,5.800000000000001,7.499999999999998,75.0,87.67,95.0,1.4000000000000001,1021.7,20.0,4.932
2020-06-04,4,71.69194711337715,52.13145596283341,13.9,13.4,16.7,22.0,22.4,8.1,8.999999999999998,64.0,83.33,93.0,0.0,1023.0,14.0,7.5600000000000005
2020-06-05,5,62.28867559868813,59.08324006979926,16.4,16.4,17.27,18.2,18.8,1.8000000000000007,2.400000000000002,91.0,93.0,96.0,11.8,1019.47,10.67,7.668
2020-06-06,4,69.92738715782215,53.95446143169247,15.2,14.2,16.07,17.2,17.2,2.0,3.0,73.0,81.67,98.0,20.799999999999997,1013.77,24.33,7.668
2020-06-07,11,65.8752593370937,53.496946190940626,14.1,13.4,15.37,17.8,18.1,3.700000000000001,4.700000000000001,79.0,87.33,94.0,0.0,1016.27,28.67,4.680000000000001
2020-06-08,9,69.73930025948421,49.00511719077818,12.1,11.2,16.37,20.6,20.7,8.500000000000002,9.5,66.0,82.0,97.0,0.0,1017.47,28.67,4.068
2020-06-09,3,66.28129570120055,56.38469869269404,15.7,14.6,16.37,16.8,18.4,1.1000000000000014,3.799999999999999,85.0,86.67,88.0,0.0,1014.6,11.0,4.32
2020-06-10,9,66.49457159668536,49.934515222080805,14.5,12.3,16.3,19.7,19.8,5.199999999999999,7.5,86.0,87.33,89.0,0.0,1012.8,20.0,6.732
2020-06-11,8,66.89753556710527,62.958274778574626,17.3,17.3,18.77,21.5,21.6,4.199999999999999,4.300000000000001,84.0,92.33,97.0,12.600000000000001,1011.23,24.33,3.24
2020-06-12,11,86.7261227461442,63.16188665184198,19.3,17.8,22.9,26.7,27.2,7.399999999999999,9.399999999999999,70.0,82.0,92.0,0.7,1008.77,15.33,5.148
2020-06-13,11,71.72209753418797,50.6923499132689,17.6,12.6,19.3,21.3,21.3,3.6999999999999993,8.700000000000001,52.0,78.0,92.0,42.4,1014.5,15.0,6.588
2020-06-14,3,80.24315245265959,33.33633238656199,7.2,4.8,11.8,15.6,15.6,8.399999999999999,10.8,57.0,65.67,71.0,0.0,1027.63,22.67,5.760000000000001
2020-06-15,1,68.80456204449462,39.49308552167187,8.6,7.8,11.93,18.4,18.5,9.799999999999999,10.7,68.0,82.33,90.0,0.0,1026.93,15.33,6.84
2020-06-16,10,83.97682688972824,47.89905805150531,12.8,10.9,18.0,26.6,26.6,13.8,15.700000000000001,57.0,80.0,95.0,0.0,1023.17,11.0,4.680000000000001
2020-06-17,8,88.30322033880563,56.2153592784748,15.4,14.2,20.73,27.8,27.8,12.4,13.600000000000001,51.0,77.67,95.0,0.0,1019.13,9.33,3.24
2020-06-18,6,81.38410937723624,62.15773202981627,20.6,17.6,22.93,26.2,26.2,5.599999999999998,8.599999999999998,59.0,66.67,77.0,0.0,1010.97,21.33,6.732
2020-06-19,8,75.05518181556032,59.521885222167256,16.5,16.3,20.43,23.5,23.5,7.0,7.199999999999999,74.0,77.67,85.0,0.0,1013.4,18.33,5.760000000000001
2020-06-20,8,95.98148724575456,66.30015791827515,19.1,19.1,22.9,29.3,29.6,10.2,10.5,63.0,76.33,88.0,0.0,1013.13,15.33,4.572
2020-06-21,4,98.8367827814081,66.87641430178209,21.7,19.8,25.17,31.3,31.4,9.600000000000001,11.599999999999998,40.0,65.0,87.0,0.0,1011.97,24.0,8.28
2020-06-22,12,83.51358720370762,60.773971636487744,17.0,17.0,21.9,26.7,26.7,9.7,9.7,53.0,73.67,92.0,0.0,1016.63,18.33,6.732
2020-06-23,4,98.83501184803227,56.82543232320341,17.6,15.4,21.33,28.6,30.2,11.0,14.799999999999999,43.0,76.0,94.0,0.0,1012.4,16.67,7.452
2020-06-24,5,92.29922057951299,58.070976101881676,20.4,16.0,23.93,30.2,30.2,9.8,14.2,38.0,61.33,75.0,0.0,1008.23,27.33,7.920000000000001
2020-06-25,3,78.88354857268865,43.78834508675049,17.6,9.1,20.5,23.6,25.1,6.0,16.0,57.0,79.33,93.0,22.6,1007.17,16.67,4.788
2020-06-26,6,79.89392875186145,40.37252209043352,9.1,7.7,11.53,13.0,13.3,3.9000000000000004,5.6000000000000005,64.0,78.33,91.0,3.6,1021.73,25.67,5.148
2020-06-27,5,67.27113353919987,39.39512102041487,8.1,6.7,10.77,15.4,17.0,7.300000000000001,10.3,70.0,86.0,96.0,0.0,1022.1,13.67,3.708
2020-06-28,9,71.3923879271319,38.59785846973591,7.8,6.5,12.13,17.1,17.9,9.3,11.399999999999999,62.0,78.0,92.0,0.0,1024.07,12.33,4.068
2020-06-29,8,71.2938322161149,43.64466306553447,9.9,9.0,11.6,14.4,14.6,4.5,5.6,79.0,85.33,90.0,0.0,1022.53,9.33,4.680000000000001
2020-06-30,7,59.04577658832051,51.191079267420875,12.9,12.4,14.8,16.1,16.1,3.200000000000001,3.700000000000001,96.0,96.67,97.0,110.5,1007.1,18.33,4.788
2020-07-01,14,70.214195631178,45.032773804932205,11.6,11.2,13.4,14.4,15.0,2.8000000000000007,3.8000000000000007,78.0,85.67,92.0,8.2,1006.9,27.0,13.212
2020-07-02,5,81.69827683196795,41.49569839773679,9.2,9.1,11.27,12.6,12.8,3.4000000000000004,3.700000000000001,59.0,78.0,90.0,0.0,1018.47,27.0,8.892000000000001
2020-07-03,6,82.56182056068405,32.837883204351215,6.0,4.7,9.53,13.2,13.3,7.199999999999999,8.600000000000001,63.0,74.0,88.0,0.0,1021.3,28.67,6.12
2020-07-04,7,70.93857926759767,33.899652767896924,5.6,4.2,10.8,19.8,20.6,14.200000000000001,16.400000000000002,46.0,78.67,97.0,0.0,1017.93,20.0,3.708
2020-07-05,6,64.9867933557478,51.224582974599926,13.3,11.8,13.83,14.7,15.9,1.3999999999999986,4.1,78.0,90.33,97.0,14.8,1012.77,18.33,2.988
2020-07-06,3,71.73111309815562,50.03392755944141,11.9,11.5,13.27,14.1,14.4,2.1999999999999993,2.9000000000000004,76.0,85.33,92.0,7.6,1019.03,11.0,3.6
2020-07-07,6,64.9950282965907,45.14988820899863,12.1,10.8,12.63,13.5,14.1,1.4000000000000004,3.299999999999999,86.0,93.33,98.0,38.0,1017.6,14.0,9.828
2020-07-08,7,62.2481447362562,49.1422819310921,14.1,12.0,14.7,15.1,15.4,1.0,3.4000000000000004,87.0,94.0,98.0,89.3,1008.93,21.0,6.9479999999999995
2020-07-09,9,77.49298616732162,39.32941820676324,9.6,8.5,11.9,14.1,14.4,4.5,5.9,58.0,77.33,94.0,1.5,1020.07,27.0,10.692
2020-07-10,10,72.76832541040002,35.12088823470816,6.8,4.7,12.43,22.0,22.0,15.2,17.3,48.0,77.0,93.0,0.0,1018.13,16.67,3.6
2020-07-11,7,64.3256250913204,50.605876255551486,13.0,11.8,14.0,15.2,16.6,2.1999999999999993,4.800000000000001,85.0,90.33,96.0,6.8,1014.17,7.67,3.708
2020-07-12,9,64.72090769451992,51.418629906058584,12.8,12.4,13.6,14.6,14.6,1.799999999999999,2.1999999999999993,88.0,92.67,98.0,11.7,1011.3,18.33,4.428
2020-07-13,13,69.92057034705161,44.252122100878346,9.6,8.7,13.27,16.8,16.8,7.200000000000001,8.100000000000001,51.0,82.33,98.0,0.4,1017.0,15.33,3.24
2020-07-14,4,86.64026802774391,29.31201704197675,5.5,3.6,9.47,12.6,12.8,7.1,9.200000000000001,47.0,69.0,89.0,0.0,1023.83,25.67,7.5600000000000005
2020-07-15,6,72.30593498079466,31.55460403330607,4.3,2.7,8.97,15.4,15.6,11.100000000000001,12.899999999999999,69.0,81.33,99.0,0.0,1025.8,18.33,2.988
2020-07-16,8,78.46188840694667,39.40310218717494,7.5,6.6,9.53,11.5,11.8,4.0,5.200000000000001,80.0,86.33,95.0,3.9,1022.73,12.33,3.492
2020-07-17,7,66.9254610874545,49.13771039731904,11.5,10.6,14.4,20.1,21.2,8.600000000000001,10.6,78.0,90.33,98.0,5.9,1019.03,15.33,2.52
2020-07-18,7,101.63506235997997,55.30303135983302,15.1,13.6,20.57,30.1,30.2,15.000000000000002,16.6,55.0,81.33,95.0,0.0,1016.77,16.67,2.7720000000000002
2020-07-19,4,101.92412163759992,61.35678846876012,19.6,17.0,23.9,31.0,31.0,11.399999999999999,14.0,44.0,74.0,91.0,0.0,1015.9,18.33,5.148
2020-07-20,6,89.86717867665169,60.50078549758873,18.6,16.6,22.67,28.4,28.4,9.799999999999997,11.799999999999997,56.0,74.33,87.0,0.0,1015.53,14.0,5.04
2020-07-21,9,91.13397485799254,59.03659410735929,17.8,16.0,22.33,28.8,29.0,11.0,13.0,47.0,70.67,84.0,0.0,1014.33,24.33,5.292
2020-07-22,7,95.50738935999989,59.21618893659479,17.9,16.1,22.77,30.0,30.0,12.100000000000001,13.899999999999999,46.0,71.0,85.0,0.0,1014.0,23.0,5.4
2020-07-23,10,93.52471169176592,59.24906377258485,18.8,16.3,23.23,29.9,29.9,11.099999999999998,13.599999999999998,41.0,67.33,81.0,0.0,1014.63,19.67,6.48
2020-07-24,2,90.08390977489006,56.323037756510644,19.8,14.6,23.03,28.8,29.1,9.0,14.500000000000002,48.0,66.33,78.0,0.0,1012.17,19.67,4.428
2020-07-25,7,77.65838093780815,40.42666323621941,9.1,8.9,12.77,14.9,14.9,5.800000000000001,6.0,54.0,75.0,86.0,9.899999999999999,1019.97,24.0,10.332
2020-07-26,3,74.75112333837671,38.30916682416655,7.5,6.1,12.33,19.3,19.7,11.8,13.6,45.0,66.67,89.0,0.0,1023.7,28.67,3.492
2020-07-27,3,68.6155417667519,46.17048316063749,12.5,10.5,15.37,20.7,20.8,8.2,10.3,69.0,85.0,97.0,9.6,1016.7,15.33,6.012
2020-07-28,5,63.68497133941021,44.58313811374745,11.6,9.5,13.5,17.3,17.3,5.700000000000001,7.800000000000001,83.0,90.67,95.0,64.4,1018.57,16.67,4.932
2020-07-29,3,82.2430088189767,34.21424187625082,7.6,5.1,10.47,14.2,14.2,6.6,9.1,51.0,69.33,80.0,0.0,1027.07,24.0,5.508
2020-07-30,9,72.79499780822402,26.153499563877265,6.0,2.6,9.67,16.2,16.2,10.2,13.6,61.0,79.0,88.0,0.0,1029.77,12.33,8.892000000000001
2020-07-31,6,74.40287408995198,37.664874815810734,9.6,6.5,14.5,22.3,22.6,12.700000000000001,16.1,47.0,73.0,86.0,0.0,1026.67,9.33,5.148
2020-08-01,9,76.8250771699723,52.17621930810641,14.3,12.3,18.3,24.0,24.3,9.7,12.0,57.0,77.67,92.0,1.9,1024.4,6.33,3.132
2020-08-02,8,84.69652145406438,48.71807114843553,13.7,10.9,19.33,27.3,27.3,13.600000000000001,16.4,48.0,69.0,87.0,0.0,1023.93,19.67,3.6
2020-08-03,3,92.34660632790187,55.222069587666546,15.9,13.9,20.83,27.9,28.8,11.999999999999998,14.9,49.0,76.67,94.0,0.0,1024.83,18.0,3.708
2020-08-04,5,92.29006123359989,53.3372883283848,15.7,13.3,21.4,28.0,29.0,12.3,15.7,44.0,74.0,98.0,0.0,1024.93,16.67,4.572
2020-08-05,1,83.43100848945244,49.849287551613266,14.9,11.9,20.3,26.7,26.8,11.799999999999999,14.9,43.0,70.67,87.0,0.2,1023.63,18.33,5.148
2020-08-06,7,90.07196774495223,52.39316122662711,15.8,12.4,20.77,28.4,28.6,12.599999999999998,16.200000000000003,56.0,72.33,83.0,0.0,1022.9,13.67,3.132
2020-08-07,5,79.77734365278428,55.78033247201676,15.0,14.0,19.67,25.4,25.4,10.399999999999999,11.399999999999999,59.0,77.67,93.0,0.1,1023.23,11.0,3.24
2020-08-08,1,68.81880626569608,54.227243103854015,13.8,13.6,16.8,20.6,20.6,6.800000000000001,7.000000000000002,68.0,84.0,93.0,0.1,1024.6,12.33,4.212
2020-08-09,9,83.44559074726769,49.97977101955759,12.6,11.9,17.57,26.1,26.5,13.500000000000002,14.6,50.0,78.67,93.0,0.0,1021.4,17.0,4.932
2020-08-10,4,93.0323931015535,53.6551689597545,17.8,13.3,22.4,30.4,30.4,12.599999999999998,17.099999999999998,30.0,61.33,79.0,0.0,1012.5,15.0,4.068
2020-08-11,3,79.57331661788788,43.60688639826524,13.3,9.1,17.07,24.4,25.4,11.099999999999998,16.299999999999997,56.0,66.0,75.0,0.0,1015.73,22.67,5.04
2020-08-12,10,67.82005932734586,36.97953973760272,9.1,6.4,10.3,12.2,12.9,3.0999999999999996,6.5,92.0,93.33,94.0,33.5,1018.2,17.0,5.760000000000001
2020-08-13,8,59.75339641650835,51.20311118892466,12.9,12.5,13.77,15.5,15.6,2.5999999999999996,3.0999999999999996,93.0,96.33,99.0,15.7,1013.2,13.67,5.148
2020-08-14,3,69.3331738479063,52.739033814688234,14.9,13.6,17.1,21.3,22.3,6.4,8.700000000000001,76.0,90.33,98.0,0.3,1012.47,14.0,7.2
2020-08-15,7,70.63800444133123,55.35633638417521,15.6,15.0,18.27,21.8,21.8,6.200000000000001,6.800000000000001,64.0,83.33,95.0,2.1,1008.53,21.33,9.107999999999999
2020-08-16,7,72.45736120380387,45.12217571379445,12.8,9.1,16.47,20.2,20.3,7.399999999999999,11.200000000000001,57.0,74.0,86.0,0.0,1014.33,16.0,3.24
2020-08-17,6,74.47386799750028,41.153398767988364,11.4,7.4,15.3,22.5,22.5,11.1,15.1,50.0,72.0,88.0,0.0,1015.67,15.33,3.492
2020-08-18,5,81.74100257759876,49.44520661032477,13.6,11.9,18.57,25.9,26.1,12.299999999999999,14.200000000000001,61.0,74.67,85.0,0.0,1010.8,21.33,5.867999999999999
2020-08-19,9,70.27506381519986,49.984822055137315,15.2,11.8,16.87,17.7,18.0,2.5,6.199999999999999,65.0,80.0,91.0,5.7,1012.27,15.33,4.572
2020-08-20,9,86.53999261801198,40.33984891851779,10.4,7.8,11.3,11.8,12.7,1.4000000000000004,4.8999999999999995,61.0,70.0,77.0,0.0,1026.23,16.67,5.508
2020-08-21,9,83.19245179694012,31.429632225269053,6.5,4.0,9.8,14.1,15.2,7.6,11.2,43.0,57.33,73.0,0.0,1030.57,24.0,5.867999999999999
2020-08-22,12,77.13138631052794,33.67377069702812,8.1,3.9,11.5,18.1,18.6,10.000000000000002,14.700000000000001,41.0,60.0,70.0,0.0,1029.03,22.67,3.3480000000000003
2020-08-23,9,76.28829409883542,39.028843872563144,10.5,7.3,14.97,22.9,23.2,12.399999999999999,15.899999999999999,47.0,64.67,74.0,0.0,1025.63,16.67,5.760000000000001
2020-08-24,11,78.98879921825205,50.67456263624278,15.0,12.0,18.93,24.8,25.1,9.8,13.100000000000001,46.0,68.0,83.0,0.0,1021.43,4.67,4.212
2020-08-25,7,83.05514853714695,53.496946190940626,16.2,13.4,20.3,26.9,27.2,10.7,13.799999999999999,42.0,60.33,73.0,0.0,1016.23,10.67,4.680000000000001
2020-08-26,9,97.3479787869019,54.15980142580046,18.0,13.6,22.6,31.0,31.1,13.0,17.5,38.0,64.67,82.0,0.0,1013.5,11.0,4.32
2020-08-27,5,98.39178372731187,61.79888981656771,20.8,17.3,22.93,26.2,31.3,5.399999999999999,14.0,52.0,65.0,77.0,0.0,1013.4,15.33,5.760000000000001
2020-08-28,5,65.96154717700456,58.74157711587996,17.3,15.2,18.1,19.5,19.8,2.1999999999999993,4.600000000000001,83.0,88.33,91.0,0.0,1016.5,15.33,2.7720000000000002
2020-08-29,6,101.28128925180204,58.1646165062089,18.3,15.4,22.6,30.7,30.7,12.399999999999999,15.299999999999999,50.0,75.67,91.0,1.1,1010.77,21.33,4.32
2020-08-30,3,61.50852724538747,47.35532705739329,12.9,11.3,14.83,18.3,18.3,5.4,7.0,91.0,93.67,96.0,15.700000000000001,1018.2,15.33,7.308
2020-08-31,8,79.37201068325061,44.80446467448396,11.3,10.1,12.03,13.5,13.7,2.1999999999999993,3.5999999999999996,66.0,77.33,90.0,1.6,1026.07,14.0,6.84
2020-09-01,4,66.07872761584335,45.09732269899315,11.5,10.8,13.67,16.5,17.0,5.0,6.199999999999999,81.0,87.67,93.0,10.9,1028.2,12.33,9.972
2020-09-02,8,82.04608391066826,57.01191728245723,16.1,15.7,20.17,26.2,26.2,10.099999999999998,10.5,61.0,74.67,84.0,0.0,1019.0,10.67,9.107999999999999
2020-09-03,4,63.5036746839677,48.394714095999596,12.0,12.0,14.67,19.8,19.8,7.800000000000001,7.800000000000001,89.0,92.67,96.0,15.8,1014.27,21.0,8.748000000000001
2020-09-04,6,66.75607443686455,51.6551782528689,12.2,12.2,14.87,18.6,19.4,6.400000000000002,7.199999999999999,70.0,86.33,98.0,3.5,1019.0,7.67,3.492
2020-09-05,7,64.38268568233138,47.05419310736197,12.4,11.6,13.17,14.3,14.8,1.9000000000000004,3.200000000000001,90.0,92.67,96.0,12.600000000000001,1020.47,14.0,9.828
2020-09-06,5,58.672714681823976,53.55002102717292,13.8,13.7,15.23,16.2,16.2,2.3999999999999986,2.5,96.0,97.0,98.0,38.9,1018.37,9.33,5.867999999999999
2020-09-07,3,63.75602081676422,50.77762768853693,14.6,13.1,15.03,15.3,15.7,0.7000000000000011,2.5999999999999996,91.0,92.0,94.0,3.1999999999999997,1019.87,14.0,9.360000000000001
2020-09-08,5,68.57609730617416,54.86893826731821,15.0,14.9,17.6,21.7,21.7,6.699999999999999,6.799999999999999,74.0,88.67,98.0,7.0,1018.63,12.33,9.972
2020-09-09,7,87.78695276889611,60.31271817204489,17.9,16.8,21.83,27.5,27.6,9.600000000000001,10.8,66.0,79.0,89.0,0.0,1015.6,10.67,6.732
2020-09-10,7,72.57988009196809,57.35542403592606,20.7,15.3,21.3,22.3,22.8,1.6000000000000014,7.5,71.0,83.0,91.0,27.5,1015.87,12.33,5.508
2020-09-11,5,82.82478855834759,53.944777242095434,15.3,13.6,19.1,25.6,26.2,10.3,12.6,70.0,83.67,94.0,0.0,1012.9,12.33,4.680000000000001
2020-09-12,11,64.56984269180349,58.22400862991666,16.4,15.4,18.2,20.8,20.8,4.400000000000002,5.4,93.0,93.67,95.0,6.0,1015.9,16.67,4.212
2020-09-13,3,69.30812479750035,60.662243009417814,17.6,16.6,19.13,21.2,22.5,3.599999999999998,5.899999999999999,88.0,92.0,98.0,8.299999999999999,1016.0,16.67,4.680000000000001
2020-09-14,10,70.38778795785603,48.03854479754664,14.2,11.4,16.73,19.2,19.4,5.0,7.999999999999998,56.0,79.0,96.0,11.2,1020.13,16.67,6.372
2020-09-15,5,73.38541360582451,37.664840798231,11.4,7.1,13.87,18.2,18.7,6.799999999999999,11.6,62.0,72.33,83.0,0.0,1024.37,10.67,7.2
2020-09-16,3,63.16261562188747,53.30803260679349,15.5,14.2,16.63,17.8,18.2,2.3000000000000007,4.0,85.0,91.33,95.0,44.7,1016.63,23.0,9.612
2020-09-17,9,74.52087322188399,57.05182841813939,16.5,14.7,19.1,23.7,23.7,7.199999999999999,9.0,60.0,84.0,96.0,1.2999999999999998,1013.83,22.67,3.6
2020-09-18,4,83.6394591903096,54.4622020086947,16.9,14.1,20.67,26.2,26.5,9.3,12.4,61.0,80.33,92.0,0.2,1011.67,24.33,5.867999999999999
2020-09-19,7,71.82584444512243,50.300562097383754,17.2,12.1,18.6,20.7,21.3,3.5,9.200000000000001,67.0,77.67,85.0,0.1,1014.8,12.33,5.148
2020-09-20,10,77.36026951309292,44.807997818156224,12.1,9.6,14.4,17.4,17.7,5.299999999999999,8.1,45.0,63.33,79.0,0.0,1022.9,15.0,4.932
2020-09-21,12,75.91016893715195,35.81360964180598,10.5,5.6,14.33,20.4,20.8,9.899999999999999,15.200000000000001,40.0,60.0,71.0,0.0,1023.4,22.67,4.932
2020-09-22,6,75.14883774953755,36.221897932244936,12.1,7.3,15.17,19.5,19.6,7.4,12.3,48.0,65.33,83.0,0.0,1025.37,14.0,11.268
2020-09-23,9,85.59147949026024,43.360451873669575,12.9,9.1,18.9,27.1,27.8,14.200000000000001,18.700000000000003,48.0,65.67,77.0,0.0,1022.57,20.0,5.4
2020-09-24,5,90.53227480388637,54.98375517946203,19.1,13.9,23.23,29.5,29.6,10.399999999999999,15.700000000000001,50.0,62.33,72.0,0.0,1019.7,22.67,4.068
2020-09-25,7,90.47034963812038,57.75572518218342,20.7,15.8,23.1,27.7,29.0,7.0,13.2,54.0,68.67,78.0,0.0,1017.07,10.67,7.452
2020-09-26,5,84.87335268793858,60.436244535302386,18.4,16.8,21.17,25.9,26.9,7.5,10.099999999999998,64.0,78.33,88.0,0.1,1010.67,14.0,6.372
2020-09-28,4,73.2333207845497,57.638386889751104,17.0,16.1,19.43,21.5,21.8,4.5,5.699999999999999,52.0,74.33,95.0,6.0,1010.87,29.67,10.332
2020-09-29,3,76.99937257596767,47.47442761163816,17.2,11.4,19.73,23.1,23.8,5.900000000000002,12.4,53.0,64.33,74.0,0.0,1016.03,16.67,7.5600000000000005
2020-09-30,6,88.48928587244798,62.732114857109,18.2,17.8,21.2,26.5,27.4,8.3,9.599999999999998,78.0,86.0,98.0,25.7,1010.63,14.0,6.372
2020-10-01,11,85.55725745484906,69.20469080189538,21.1,20.7,23.07,24.8,26.8,3.6999999999999993,6.100000000000001,80.0,85.33,91.0,3.2,1006.3,14.0,7.2
2020-10-02,6,86.25273548404533,56.271552053480114,18.5,14.8,20.87,24.2,26.8,5.699999999999999,12.0,79.0,89.67,96.0,5.6,1008.13,15.33,5.4
2020-10-03,3,63.603747546352025,46.37081907006932,12.9,11.5,13.67,14.8,15.1,1.9000000000000004,3.5999999999999996,92.0,93.0,95.0,26.1,1021.27,15.33,11.16
2020-10-04,5,67.81561000523038,48.368920840596296,12.9,12.1,15.27,17.4,17.5,4.499999999999998,5.4,77.0,84.67,94.0,6.4,1021.4,10.67,9.468
2020-10-05,4,75.60781694160022,58.28949744870449,16.7,15.9,19.47,22.2,24.0,5.5,8.1,75.0,82.0,87.0,1.1,1012.7,15.0,6.588
2020-10-06,2,74.39042898942398,51.25276324807591,16.7,12.8,19.4,21.6,21.7,4.900000000000002,8.899999999999999,56.0,69.0,80.0,0.0,1014.73,21.33,6.372
2020-10-07,4,66.57025504817557,54.107307884048616,15.1,13.7,16.9,18.9,19.4,3.799999999999999,5.699999999999999,84.0,86.67,88.0,0.0,1014.3,13.67,4.788
2020-10-08,5,77.55071470883206,56.74265446249925,17.0,15.1,20.2,23.9,24.6,6.899999999999999,9.500000000000002,63.0,78.0,92.0,0.0,1015.07,12.33,5.867999999999999
2020-10-09,2,80.36092912641938,49.369437824853286,15.5,11.9,19.43,24.9,25.7,9.399999999999999,13.799999999999999,53.0,69.67,83.0,0.0,1014.03,12.33,6.012
2020-10-10,4,75.3077663122562,52.91857189840593,16.8,13.4,18.83,21.4,21.6,4.599999999999998,8.200000000000001,45.0,64.0,80.0,0.2,1015.17,13.67,5.760000000000001
2020-10-12,9,84.68582172777624,55.098965291696615,18.3,14.6,22.17,27.3,27.6,9.0,13.000000000000002,42.0,64.0,80.0,0.0,1013.77,21.33,7.092
2020-10-13,6,78.07906945954848,48.56766045675876,17.9,12.5,20.33,24.5,24.6,6.600000000000001,12.100000000000001,48.0,66.33,78.0,0.0,1014.6,28.67,11.879999999999999
2020-10-14,3,78.78746776000011,50.80863241244542,16.5,12.7,19.87,25.0,25.0,8.5,12.3,53.0,68.0,79.0,0.0,1014.6,13.67,6.84
2020-10-15,5,77.06748693862679,52.36418866815296,17.4,13.1,19.53,23.6,24.3,6.200000000000003,11.200000000000001,65.0,74.67,85.0,0.0,1020.1,13.67,5.508
2020-10-16,4,82.26680985670008,60.07228237640154,18.2,16.9,21.9,25.9,26.5,7.699999999999999,9.600000000000001,49.0,68.0,84.0,0.0,1022.73,10.67,8.28
2020-10-17,4,86.04820577227221,52.99586442700696,18.0,13.9,22.33,27.7,28.3,9.7,14.4,48.0,61.0,78.0,0.0,1019.87,15.0,8.388
2020-10-18,4,96.18932038360009,60.74096213152798,19.7,16.5,24.7,31.3,31.5,11.600000000000001,15.0,40.0,59.0,81.0,0.0,1013.8,15.0,4.068
2020-10-19,9,107.37756213150682,62.16525648171654,21.5,17.5,26.37,33.5,34.3,12.0,16.799999999999997,36.0,57.33,79.0,0.0,1011.77,26.0,6.012
2020-10-20,6,85.25934224588428,62.254290735447796,24.1,17.5,25.23,26.2,27.5,2.099999999999998,10.0,68.0,68.67,70.0,0.0,1014.33,13.67,5.760000000000001
2020-10-21,7,75.88248299502425,64.77661055141687,20.9,19.2,21.67,22.9,24.3,2.0,5.100000000000001,81.0,87.0,91.0,1.2,1020.6,15.33,11.879999999999999
2020-10-22,9,79.80264007479839,60.01961870609246,19.7,17.3,21.83,23.6,25.4,3.900000000000002,8.099999999999998,72.0,80.33,90.0,0.0,1020.7,12.33,12.708
2020-10-23,9,78.50821200000026,65.0279851789156,19.8,18.8,22.17,25.0,25.0,5.199999999999999,6.199999999999999,76.0,82.0,86.0,1.2,1016.9,21.0,6.372
2020-10-24,2,105.84188435564806,66.61938914580554,21.3,19.3,25.43,31.6,31.6,10.3,12.3,55.0,75.0,92.0,0.0,1012.0,21.33,4.932
2020-10-25,7,108.61517961030417,66.63509440418024,22.5,19.5,26.07,30.5,32.2,8.0,12.700000000000003,56.0,74.0,85.0,0.0,1009.93,10.67,6.372
2020-10-26,4,87.55830575315233,69.9082581098767,22.3,20.9,24.3,25.7,27.6,3.3999999999999986,6.700000000000003,66.0,78.0,89.0,0.3,1007.53,19.67,6.12
2020-10-27,6,66.38844937707604,51.53228904886575,16.9,13.5,18.83,20.9,20.9,4.0,7.399999999999999,83.0,90.33,94.0,32.6,1004.67,27.0,9.972
2020-10-28,9,85.2891288031266,51.466351287974746,13.5,13.5,19.83,26.1,27.1,12.600000000000001,13.600000000000001,60.0,76.33,89.0,15.7,1005.7,28.67,10.188
2020-10-29,4,71.73485746483215,59.26678928269766,17.7,16.0,19.2,20.2,20.2,2.5,4.199999999999999,65.0,76.0,88.0,0.2,1011.47,12.33,4.788
2020-10-30,7,74.48668368131193,46.42653921384342,16.0,10.9,18.47,21.3,21.3,5.300000000000001,10.4,57.0,67.67,77.0,0.0,1021.67,14.0,7.308
2020-10-31,3,76.35948671867192,54.650983459585476,17.3,14.3,20.3,22.9,23.3,5.599999999999998,9.0,54.0,65.0,76.0,0.0,1022.87,13.33,6.48
2020-11-01,7,76.8350510698715,53.76141588575172,16.5,14.1,19.57,22.6,23.9,6.100000000000001,9.799999999999999,56.0,68.33,77.0,0.0,1021.37,13.67,7.5600000000000005
2020-11-02,3,77.93363816118648,49.703888489859374,16.2,12.2,20.37,24.1,24.5,7.900000000000002,12.3,50.0,65.67,86.0,0.0,1018.63,10.67,6.732
2020-11-03,3,77.29893406250798,53.53562029215838,17.5,13.9,20.5,23.2,24.1,5.699999999999999,10.200000000000001,56.0,66.0,75.0,0.0,1017.53,12.33,6.9479999999999995
2020-11-04,5,76.81326489189304,51.53487235336773,19.5,13.1,21.23,22.1,23.1,2.6000000000000014,10.000000000000002,44.0,57.67,76.0,0.0,1021.23,14.0,7.308
2020-11-05,8,75.39641683807832,48.30498038342251,16.1,11.4,18.03,21.7,23.5,5.599999999999998,12.1,69.0,75.33,85.0,2.9000000000000004,1018.93,18.33,5.867999999999999
2020-11-06,5,80.23005665537804,52.65606863951049,17.1,13.5,21.03,24.9,25.7,7.799999999999997,12.2,55.0,66.67,74.0,0.0,1018.37,10.67,6.84
2020-11-07,7,88.07482532813374,62.21517153420074,19.1,17.9,23.57,27.9,28.5,8.799999999999997,10.600000000000001,52.0,66.67,84.0,0.0,1017.4,12.33,9.107999999999999
2020-11-08,7,82.16760166977417,66.46449231544052,21.1,19.8,23.4,25.3,26.4,4.199999999999999,6.599999999999998,61.0,69.67,80.0,0.0,1017.03,12.33,10.44
2020-11-09,10,72.7851444424,67.00493720206858,20.3,20.0,21.1,22.1,23.0,1.8000000000000007,3.0,79.0,84.0,94.0,1.0,1016.47,10.67,10.08
2020-11-10,2,97.03883975566598,66.17592033981893,20.4,19.3,25.1,30.2,30.2,9.8,10.899999999999999,57.0,72.33,90.0,0.0,1013.03,24.33,6.372
2020-11-11,9,94.33428149357395,65.89749808648851,20.7,19.1,24.4,29.4,29.4,8.7,10.299999999999997,57.0,74.67,84.0,0.0,1013.2,15.33,5.760000000000001
2020-11-12,6,95.58923463509907,66.69103640911668,21.4,19.4,24.07,28.8,29.7,7.400000000000002,10.3,60.0,74.33,82.0,0.0,1012.77,13.67,5.4
2020-11-13,10,95.95428275011237,69.47973029262849,22.4,20.6,25.93,29.3,30.2,6.900000000000002,9.599999999999998,58.0,70.0,83.0,0.0,1011.93,16.67,5.148
2020-11-14,4,116.83148999518922,67.49816112802034,22.1,19.9,27.17,33.7,34.2,11.600000000000001,14.300000000000004,47.0,69.33,86.0,0.0,1009.17,9.33,6.588
2020-11-15,4,98.83992569387202,70.18406039725167,23.5,21.1,26.3,28.9,30.3,5.399999999999999,9.2,66.0,75.0,84.0,0.0,1008.2,24.33,6.9479999999999995
2020-11-16,4,73.60481112259231,66.77664525923913,21.0,19.5,22.7,23.8,23.8,2.8000000000000007,4.300000000000001,87.0,91.0,93.0,16.3,1010.07,14.0,5.867999999999999
2020-11-17,6,79.81823232643575,57.4536101881063,19.5,15.3,21.67,24.7,25.5,5.199999999999999,10.2,49.0,67.33,91.0,6.8,1012.17,15.33,5.292
2020-11-18,4,78.06885017620645,54.4622020086947,19.2,14.1,21.27,23.9,24.6,4.699999999999999,10.500000000000002,58.0,66.67,74.0,0.0,1013.77,12.33,5.867999999999999
2020-11-19,9,80.42209766448909,56.32278147890911,18.5,15.2,22.07,25.0,25.9,6.5,10.7,49.0,62.33,75.0,0.0,1014.87,14.0,7.5600000000000005
2020-11-20,6,79.72523237117777,57.12854970102727,19.2,15.2,21.13,24.0,25.5,4.800000000000001,10.3,52.0,64.33,73.0,0.0,1016.83,18.33,5.508
2020-11-21,6,81.13413212084508,53.940861630144106,17.9,14.1,21.97,26.2,26.4,8.3,12.299999999999999,42.0,58.67,76.0,0.0,1016.9,10.67,7.092
2020-11-22,6,83.64251382835221,55.230301137061616,18.5,14.9,22.7,26.9,27.6,8.399999999999999,12.700000000000001,49.0,58.0,66.0,0.0,1018.53,10.67,8.748000000000001
2020-11-23,4,94.72218363280001,59.73930813476672,19.1,16.7,24.57,30.1,31.0,11.0,14.3,46.0,60.0,72.0,0.0,1018.2,9.33,7.812
2020-11-24,9,115.88636739631558,66.95151370362437,21.4,19.5,27.87,35.1,35.4,13.700000000000003,15.899999999999999,44.0,60.67,81.0,0.0,1015.53,21.33,5.292
2020-11-25,7,121.88733282778989,67.75637341621854,23.5,20.1,29.8,37.2,37.6,13.700000000000003,17.5,39.0,54.33,75.0,0.0,1010.8,25.67,7.452
2020-11-26,4,86.40231157793221,68.4501724178447,25.7,20.5,26.63,27.5,27.9,1.8000000000000007,7.399999999999999,64.0,68.0,72.0,12.7,1011.23,25.67,8.64
2020-11-27,5,80.8369915802656,70.51413546005512,22.1,21.1,23.23,25.5,25.7,3.3999999999999986,4.599999999999998,67.0,81.67,92.0,1.9,1017.73,19.67,5.508
2020-11-28,7,99.24507322163188,70.7211934157809,21.7,21.3,26.77,30.2,30.8,8.5,9.5,60.0,71.0,84.0,0.0,1015.9,15.0,6.588
2020-11-29,7,99.91182653598703,67.64054871452907,24.2,20.0,26.63,30.0,30.9,5.800000000000001,10.899999999999999,61.0,71.33,81.0,9.399999999999999,1011.07,19.67,6.9479999999999995
2020-11-30,5,83.3142424801576,71.27574039200971,24.6,21.7,25.17,26.0,26.6,1.3999999999999986,4.900000000000002,69.0,74.67,80.0,0.0,1013.5,23.0,8.64
2020-12-01,7,86.88593237278664,62.030641452287234,21.7,17.8,24.37,27.1,28.0,5.400000000000002,10.2,60.0,68.67,81.0,0.0,1015.7,14.0,8.892000000000001
2020-12-02,3,102.05409202249601,66.9873518447649,21.1,19.9,26.23,29.9,31.6,8.799999999999997,11.700000000000003,60.0,69.0,80.0,0.0,1010.27,14.0,8.892000000000001
2020-12-03,2,94.243832760412,66.44584692907264,21.0,19.8,24.67,29.1,29.1,8.100000000000001,9.3,59.0,78.0,93.0,29.2,1005.13,25.67,10.548
2020-12-04,8,89.31256632880005,66.84171584709384,22.3,19.3,25.2,28.4,29.0,6.099999999999998,9.7,51.0,65.0,81.0,0.0,1013.03,11.0,4.32
2020-12-05,10,75.09410491874758,65.14452391483456,20.2,19.0,20.8,21.2,21.8,1.0,2.8000000000000007,60.0,65.67,69.0,0.0,1020.87,14.0,7.668
2020-12-06,5,71.73613383986995,59.549492673263515,19.0,16.6,19.13,19.3,21.2,0.3000000000000007,4.599999999999998,71.0,77.67,85.0,0.0,1020.67,12.33,7.668
2020-12-07,5,80.99979281509762,61.97296292043083,18.0,17.5,21.9,25.3,25.8,7.300000000000001,8.3,61.0,77.67,95.0,3.5999999999999996,1015.9,10.67,6.588
2020-12-08,3,88.5736722591161,61.27947267985991,21.0,16.8,23.57,28.0,28.1,7.0,11.3,58.0,74.0,88.0,0.0,1014.17,27.33,4.32
2020-12-09,6,90.80303302063489,66.50669495458085,22.2,19.4,24.33,27.4,28.6,5.199999999999999,9.200000000000003,63.0,74.67,83.0,0.0,1014.8,14.0,6.012
2020-12-10,2,103.97218470871606,63.99711438978493,22.0,18.0,26.4,32.5,32.9,10.5,14.899999999999999,38.0,62.0,79.0,0.0,1013.27,15.0,4.212
2020-12-11,5,129.05017762417611,68.38391492260911,22.5,20.5,29.4,37.3,37.9,14.799999999999997,17.4,37.0,59.0,83.0,0.0,1008.63,24.33,9.0
2020-12-12,10,95.18284923880941,78.08812435923359,25.5,24.5,28.37,30.5,31.2,5.0,6.699999999999999,52.0,59.33,66.0,1.1,1010.17,18.33,6.588
2020-12-13,4,112.9871570547058,71.64205978371251,25.9,21.7,28.03,31.2,34.3,5.300000000000001,12.599999999999998,63.0,64.33,67.0,0.0,1007.93,23.0,6.588
2020-12-14,4,80.06861055029574,66.88414610167467,21.3,19.5,22.23,23.0,25.5,1.6999999999999993,6.0,73.0,77.33,83.0,68.4,1011.37,24.33,5.508
2020-12-15,5,107.48386040568703,65.00118968157125,20.8,18.3,25.87,31.7,33.0,10.899999999999999,14.7,46.0,66.33,84.0,0.0,1009.83,21.33,3.492
2020-12-16,4,101.67634234713674,69.93414638052639,24.7,20.9,27.03,28.8,31.1,4.100000000000001,10.200000000000003,66.0,72.67,81.0,0.0,1009.9,15.33,6.012
2020-12-17,5,101.22335631827221,72.06951173170607,23.6,21.8,26.7,30.9,31.2,7.299999999999997,9.399999999999999,46.0,71.0,89.0,0.8999999999999999,1012.77,14.0,5.652
2020-12-18,4,105.82144189440021,68.24220362944487,23.3,20.2,27.57,33.0,33.0,9.7,12.8,52.0,64.0,76.0,0.0,1010.37,10.67,6.372
2020-12-19,4,108.27867011578817,72.05537968779271,23.2,22.0,25.93,29.7,31.9,6.5,9.899999999999999,68.0,76.0,83.0,3.4,1004.53,15.33,8.172
2020-12-20,5,86.03697822633944,74.02264195071335,24.7,22.9,25.73,27.1,27.9,2.400000000000002,5.0,47.0,66.33,84.0,0.0,1006.87,27.0,9.251999999999999
2020-12-21,3,82.70289005798449,65.0970370318065,22.9,18.9,24.57,27.3,27.5,4.400000000000002,8.600000000000001,38.0,53.33,67.0,0.0,1013.2,25.67,6.9479999999999995
2020-12-22,7,82.67655387120001,58.50930829404133,20.5,15.9,23.3,26.0,27.0,5.5,11.1,54.0,61.0,69.0,0.0,1015.63,12.33,6.012
2020-12-23,6,91.95480750775887,60.13123018456766,20.5,16.7,24.87,29.1,30.0,8.600000000000001,13.3,53.0,62.33,74.0,0.0,1014.03,16.67,6.588
2020-12-24,3,101.54988905506362,69.48746623991161,22.9,21.0,26.8,31.0,31.7,8.100000000000001,10.7,55.0,67.33,74.0,0.0,1012.67,10.67,9.468
2020-12-25,6,98.92170981431617,70.64651706683759,24.1,21.3,27.07,29.9,31.5,5.799999999999997,10.2,54.0,64.33,75.0,0.0,1013.03,10.67,6.9479999999999995
2020-12-26,7,94.33386753742981,68.17516583735222,23.1,20.3,26.37,29.4,30.2,6.299999999999997,9.899999999999999,57.0,66.33,79.0,0.0,1013.0,12.33,7.668
2020-12-27,3,100.96784673634237,70.58744128030072,24.1,21.4,26.27,29.8,31.0,5.699999999999999,9.600000000000001,61.0,72.33,79.0,0.0,1013.77,12.33,8.532
2020-12-28,8,97.90805408599135,70.45336073085028,23.1,21.4,26.63,29.7,30.7,6.599999999999998,9.3,56.0,69.33,84.0,0.6,1014.2,12.33,9.360000000000001
2020-12-29,8,109.96667157161262,68.9050324298835,24.0,20.5,27.73,32.3,33.7,8.299999999999997,13.200000000000003,55.0,64.67,76.0,0.0,1009.53,19.67,6.48
2020-12-30,5,123.9847081663655,71.052405483504,25.4,21.4,28.27,30.7,35.1,5.300000000000001,13.700000000000003,63.0,70.67,82.0,0.4,1005.9,20.0,6.12
2020-12-31,5,90.28464073034259,70.51413546005512,24.7,21.1,27.47,29.3,29.4,4.600000000000001,8.299999999999997,54.0,63.67,76.0,17.4,1007.83,19.67,5.508
2021-01-05,8,93.24222308633371,72.58349668028299,24.9,22.1,26.93,28.1,29.7,3.200000000000003,7.599999999999998,63.0,68.67,75.0,0.7,1009.27,18.33,6.48
2021-01-06,8,106.6204342406838,70.70535877933438,23.2,21.0,25.8,30.1,31.1,6.900000000000002,10.100000000000001,64.0,80.67,94.0,11.1,1008.97,26.0,4.068
2021-01-07,3,115.58827502818811,72.62168003768777,25.4,22.3,28.63,32.8,33.9,7.399999999999999,11.599999999999998,51.0,70.0,85.0,3.2,1008.13,22.67,9.107999999999999
2021-01-08,8,108.42312115052212,73.42125708435313,27.3,22.5,30.17,34.5,35.0,7.199999999999999,12.5,27.0,54.33,74.0,0.0,1009.83,19.67,6.9479999999999995
2021-01-09,6,103.71584681034874,66.74394210255089,27.1,19.7,30.57,35.5,35.7,8.399999999999999,16.000000000000004,33.0,43.67,51.0,0.0,1010.5,12.33,7.812
2021-01-10,7,119.74031410640583,81.15342886897159,26.9,25.8,30.07,34.5,35.4,7.600000000000001,9.599999999999998,51.0,64.67,77.0,0.0,1010.0,18.33,5.760000000000001
2021-01-11,6,132.2739231900161,80.01542767493075,27.2,25.4,31.8,37.7,38.4,10.500000000000004,13.0,45.0,59.0,74.0,0.0,1008.87,16.67,8.28
2021-01-12,2,98.48619696305258,73.73301675853286,25.7,22.6,27.6,29.5,30.1,3.8000000000000007,7.5,74.0,76.33,80.0,12.3,1010.1,24.33,6.48
2021-01-13,7,85.18346285753431,68.94093276576913,22.6,20.7,24.03,26.6,27.2,4.0,6.5,59.0,73.67,88.0,0.5,1018.0,14.0,8.532
2021-01-14,3,85.98599408742388,63.50151264048155,21.6,18.5,24.63,27.6,28.2,6.0,9.7,53.0,62.0,72.0,0.0,1019.03,12.33,9.72
2021-01-15,4,107.24411648320027,68.33431121559737,22.2,20.4,27.0,32.2,33.0,10.000000000000004,12.600000000000001,58.0,66.0,73.0,0.0,1013.6,10.67,8.028
2021-01-16,12,120.38474286010508,77.35213877583351,21.2,24.2,25.2,28.4,33.6,7.199999999999999,9.400000000000002,62.0,77.33,92.0,14.0,1006.5,12.33,6.9479999999999995
2021-01-17,4,100.19972504060787,69.7702201496532,21.2,20.6,25.47,29.2,29.8,8.0,9.2,72.0,83.0,96.0,9.2,1004.5,24.33,4.212
2021-01-18,2,88.05384321055615,71.01049877005798,22.4,21.7,24.6,27.9,28.1,5.5,6.400000000000002,50.0,72.0,94.0,4.0,1011.47,16.67,10.44
2021-01-19,4,89.98474880207668,61.079700906637626,21.8,17.3,25.03,28.4,28.9,6.599999999999998,11.599999999999998,53.0,68.33,80.0,0.0,1015.8,12.33,8.028
2021-01-20,4,83.54488350148074,67.77045877131351,22.5,20.4,24.43,26.4,26.9,3.8999999999999986,6.5,65.0,69.33,72.0,0.0,1017.1,12.33,11.268
2021-01-21,5,89.84713387191469,68.97460231478942,22.8,20.9,24.93,27.4,28.3,4.599999999999998,7.400000000000002,70.0,75.67,80.0,0.0,1018.5,16.67,11.268
2021-01-22,4,98.62539313015371,71.14847542862182,23.7,21.7,26.73,30.1,30.6,6.400000000000002,8.900000000000002,57.0,71.67,83.0,0.0,1019.5,9.0,9.468
2021-01-23,3,108.4783820445892,70.03794861070654,24.4,21.3,27.3,30.8,32.6,6.400000000000002,11.3,60.0,70.67,78.0,0.0,1016.93,10.67,10.548
2021-01-24,6,117.14458271749798,70.65341443070682,24.3,21.2,28.1,33.4,34.2,9.099999999999998,13.000000000000004,52.0,69.67,86.0,0.0,1012.17,22.67,5.867999999999999
2021-01-25,6,114.43148941531707,69.85766909031669,21.8,20.6,26.87,33.0,33.2,11.2,12.600000000000001,55.0,73.67,91.0,14.6,1009.97,27.33,3.9600000000000004
2021-01-26,6,119.31462858618569,70.11701027614885,22.6,21.2,25.67,27.8,33.4,5.199999999999999,12.2,67.0,77.67,92.0,7.2,1007.97,24.33,8.532
2021-01-29,3,113.71796872312561,72.08193481386587,22.9,21.7,26.5,31.1,32.2,8.200000000000003,10.500000000000004,66.0,80.67,95.0,6.6,1006.3,26.0,4.680000000000001
2021-01-30,7,110.05023028788418,75.29632546128941,25.7,23.1,28.1,32.2,32.7,6.5000000000000036,9.600000000000001,51.0,72.0,85.0,0.0,1007.9,24.33,4.32
2021-01-31,4,93.13698031765634,71.25918893743281,24.2,21.3,26.9,28.8,29.0,4.600000000000001,7.699999999999999,67.0,76.33,85.0,6.2,1007.2,22.67,4.428
2021-02-01,2,107.22170903247039,73.14032057365944,26.0,22.2,27.87,31.2,32.0,5.199999999999999,9.8,60.0,73.67,82.0,0.0,1009.5,19.67,4.932
2021-02-02,6,116.5292759074241,76.5810544895675,27.8,23.7,30.13,33.3,34.2,5.4999999999999964,10.500000000000004,57.0,69.0,78.0,0.0,1009.87,21.33,4.572
2021-02-03,5,102.69570854556356,74.44375029610359,24.9,22.8,26.1,27.5,30.1,2.6000000000000014,7.300000000000001,79.0,84.33,87.0,6.1,1011.5,12.33,5.148
2021-02-04,5,86.94917116080022,68.94093276576913,21.3,20.7,23.37,24.7,27.0,3.3999999999999986,6.300000000000001,79.0,88.0,95.0,17.8,1007.97,21.0,8.532
2021-02-05,4,82.16230783560007,62.799036469514704,20.3,18.1,22.57,25.7,26.5,5.399999999999999,8.399999999999999,51.0,67.0,78.0,0.1,1009.57,22.67,8.64
2021-02-06,5,88.87068420626625,63.746399526002,20.0,18.1,22.93,27.9,28.9,7.899999999999999,10.799999999999997,47.0,64.67,76.0,0.0,1011.93,19.67,5.4
2021-02-07,7,90.68679721680857,65.1558795486948,23.1,18.9,25.0,28.7,29.0,5.599999999999998,10.100000000000001,57.0,69.33,76.0,0.0,1014.17,25.67,6.732
2021-02-08,5,93.88854887367997,62.70969165432788,22.7,17.7,25.6,29.7,30.3,7.0,12.600000000000001,53.0,64.33,75.0,0.0,1015.33,12.33,5.760000000000001
2021-02-09,6,102.68585515178803,66.03621562327572,22.8,19.0,26.4,31.4,32.1,8.599999999999998,13.100000000000001,51.0,66.0,80.0,0.0,1014.43,10.67,4.680000000000001
2021-02-10,9,103.57123213777626,69.2591470580798,22.7,20.7,26.77,31.2,31.9,8.5,11.2,53.0,69.0,87.0,0.0,1015.33,10.67,6.9479999999999995
2021-02-11,2,98.12178346668713,69.22266668984435,23.9,20.8,27.23,30.7,31.2,6.800000000000001,10.399999999999999,48.0,65.33,82.0,0.0,1013.87,9.0,8.28
2021-02-12,4,100.90791637259197,72.29686193137843,23.5,21.9,26.43,30.1,30.7,6.600000000000001,8.8,59.0,75.0,88.0,0.8,1012.67,9.0,5.652
2021-02-13,3,106.4141191705123,68.85760405920912,23.9,20.4,26.5,31.1,31.7,7.200000000000003,11.3,54.0,75.0,91.0,2.8,1010.97,22.67,5.760000000000001
2021-02-18,11,90.09203369089556,67.88869728822402,21.4,20.2,24.47,27.2,28.9,5.800000000000001,8.7,60.0,68.67,82.0,0.0,1007.57,27.0,7.920000000000001
2021-02-19,4,94.76474200798934,66.87641430178209,23.6,19.8,25.93,30.0,30.2,6.399999999999999,10.399999999999999,51.0,67.33,76.0,0.0,1010.53,28.67,8.28
2021-02-20,4,95.33277459848128,68.1259066553171,24.1,20.0,25.17,27.0,29.8,2.8999999999999986,9.8,64.0,72.67,80.0,0.0,1014.3,15.33,5.148
2021-02-21,7,108.55837905876822,70.25071013432711,23.8,21.0,26.73,30.8,32.4,7.0,11.399999999999999,53.0,72.33,88.0,0.0,1015.13,12.33,5.652
2021-02-22,6,116.74070990334553,71.27161402880259,24.2,21.6,28.4,34.0,34.9,9.8,13.299999999999997,48.0,64.67,82.0,0.0,1011.93,16.67,7.308
2021-02-23,6,94.47982975918404,75.60263868827808,26.2,23.2,27.93,29.4,29.8,3.1999999999999993,6.600000000000001,60.0,70.67,77.0,1.6,1010.53,23.0,3.9600000000000004
2021-02-24,9,95.44842667725186,69.61972582252885,24.2,20.8,26.47,30.0,30.8,5.800000000000001,10.0,46.0,63.33,82.0,0.0,1014.27,20.0,6.372
2021-02-25,5,97.514348237008,65.7600946543536,23.2,19.3,26.23,30.5,31.1,7.300000000000001,11.8,47.0,65.0,75.0,0.0,1014.37,14.0,8.028
2021-02-26,4,96.16671481380479,64.8240159048104,23.0,18.9,25.8,29.4,30.6,6.399999999999999,11.700000000000003,52.0,66.67,82.0,0.0,1015.23,12.33,8.028
2021-02-27,6,95.28295933176032,70.16116764506926,23.3,21.2,26.17,29.1,30.5,5.800000000000001,9.3,55.0,65.67,75.0,0.0,1018.27,12.33,8.28
2021-02-28,8,95.30390241741063,69.72691882864444,23.9,21.2,25.27,26.9,29.7,3.0,8.5,71.0,73.67,78.0,0.2,1018.4,10.67,11.052
2021-03-01,5,105.96411664186576,70.6685718533949,23.5,21.3,26.43,30.9,31.7,7.399999999999999,10.399999999999999,55.0,74.33,89.0,0.0,1014.27,12.33,6.84
2021-03-04,9,103.75303412275896,73.95979269410432,25.8,22.3,26.07,26.3,30.0,0.5,7.699999999999999,84.0,87.33,91.0,1.4,1010.5,12.33,2.8800000000000003
2021-03-05,5,84.03706404112195,70.09961969462233,21.6,20.8,23.57,26.2,26.4,4.599999999999998,5.599999999999998,79.0,87.33,95.0,23.2,1006.4,22.67,4.572
2021-03-06,7,86.67501047065628,67.37056799752776,21.8,19.7,23.8,26.8,27.6,5.0,7.900000000000002,58.0,74.0,87.0,0.0,1009.13,23.0,5.4
2021-03-07,4,94.91305755764297,61.87663525849427,22.0,16.9,24.27,28.1,30.2,6.100000000000001,13.3,56.0,67.67,76.0,0.0,1012.53,18.33,3.6
2021-03-08,8,98.8367827814081,67.44899483666138,22.6,19.7,26.2,30.7,31.4,8.099999999999998,11.7,48.0,65.0,78.0,0.0,1011.87,13.67,5.148
2021-03-09,14,86.8911403742082,68.76063818277069,20.9,20.3,24.33,27.5,27.6,6.600000000000001,7.300000000000001,55.0,75.0,89.0,11.0,1012.87,15.33,5.292
2021-03-11,6,93.24222308633371,63.293378467061274,21.6,17.9,24.27,29.3,29.7,7.699999999999999,11.8,49.0,68.67,80.0,0.0,1011.83,22.67,5.4
2021-03-12,6,96.72722747226946,65.19262210780906,22.8,18.7,25.17,29.6,30.2,6.800000000000001,11.5,54.0,71.67,81.0,0.0,1013.63,21.33,5.148
2021-03-17,3,99.92137786167167,70.89950138177804,22.7,21.4,26.53,29.9,29.9,7.199999999999999,8.5,65.0,81.33,97.0,13.5,1006.93,19.67,6.84
2021-03-18,7,82.51427153996974,67.49140130256885,22.2,19.8,24.33,25.5,26.5,3.3000000000000007,6.699999999999999,63.0,70.33,74.0,0.0,1012.83,22.67,5.760000000000001
2021-03-19,3,88.80687371124434,69.66520042234382,21.6,20.7,24.17,27.7,28.3,6.099999999999998,7.600000000000001,60.0,72.0,85.0,0.0,1016.27,10.67,5.292
2021-03-20,2,115.60626711070016,69.36484046118343,22.3,20.7,26.9,33.0,34.5,10.7,13.8,48.0,66.0,83.0,0.0,1015.03,8.0,6.48
2021-03-21,3,86.98763694710192,73.690376148638,24.2,22.5,25.7,26.9,27.2,2.6999999999999993,4.699999999999999,77.0,83.33,92.0,2.9000000000000004,1013.87,21.33,5.508
2021-03-22,5,82.28855049563374,70.52055019777379,22.5,20.9,23.17,23.8,26.0,1.3000000000000007,5.100000000000001,85.0,87.33,89.0,1.9,1017.8,12.33,3.9600000000000004
2021-03-23,9,75.7135663380419,70.92678981595232,23.1,21.1,23.37,23.9,24.1,0.7999999999999972,3.0,82.0,83.33,86.0,3.7,1015.8,13.67,4.068
2021-03-24,6,89.36970514926365,68.04949245828192,21.1,20.1,23.57,27.3,27.7,6.199999999999999,7.599999999999998,68.0,83.67,94.0,0.6000000000000001,1017.2,12.33,6.228
2021-03-28,7,90.43500669342677,70.80722010702766,22.4,21.4,24.4,27.3,28.0,4.900000000000002,6.600000000000001,69.0,82.33,90.0,1.3,1011.67,28.67,7.308
2021-03-29,6,81.48468124446576,67.00089340646618,20.0,19.7,22.77,24.5,26.0,4.5,6.300000000000001,56.0,75.33,86.0,0.0,1012.43,28.67,6.732
2021-03-30,3,77.92109550179146,62.119785068800354,18.8,17.4,20.8,22.2,24.8,3.3999999999999986,7.400000000000002,74.0,81.33,87.0,3.7,1016.4,22.67,5.508
2021-03-31,3,81.61520340379221,60.98390859558352,19.8,17.0,21.73,24.5,26.1,4.699999999999999,9.100000000000001,59.0,73.0,80.0,0.0,1014.53,17.0,6.12
2021-04-01,1,85.17626501869711,62.03370028741582,19.7,17.3,21.9,25.5,27.1,5.800000000000001,9.8,59.0,75.67,87.0,0.30000000000000004,1015.27,19.67,5.148
2021-04-02,7,79.20410300042137,59.651792102689825,20.6,16.4,21.73,23.9,25.2,3.299999999999997,8.8,67.0,76.33,82.0,0.0,1018.67,15.0,6.012
2021-04-03,3,97.18361744455893,63.57005555080847,18.8,18.3,23.13,29.5,30.0,10.7,11.7,52.0,74.67,87.0,0.0,1018.7,20.0,7.452
2021-04-04,8,98.66658246634468,64.16165408288936,22.0,18.3,24.53,29.5,30.4,7.5,12.099999999999998,50.0,73.67,91.0,0.0,1018.43,12.33,5.508
2021-04-05,8,99.3680847726955,66.44519818516594,22.0,19.2,25.9,31.6,31.6,9.600000000000001,12.400000000000002,44.0,64.33,81.0,0.0,1017.47,24.33,4.788
2021-04-06,4,97.98272231293342,68.75286724455489,22.4,20.1,25.63,30.4,30.9,8.0,10.799999999999997,53.0,67.67,82.0,0.0,1016.5,12.33,3.9600000000000004
2021-04-07,10,95.65659126498569,65.28428776026834,22.9,18.6,25.3,29.6,30.1,6.700000000000003,11.5,53.0,70.33,87.0,0.0,1018.37,9.0,4.32
2021-04-08,2,101.06437928119439,69.05709771304365,22.6,20.5,26.23,31.4,32.1,8.799999999999997,11.600000000000001,48.0,63.33,77.0,0.0,1018.17,7.67,5.867999999999999
2021-04-09,3,108.91226345049607,69.39013879034817,24.2,20.7,27.37,33.0,33.6,8.8,12.900000000000002,50.0,64.0,84.0,0.0,1016.03,28.67,6.372
2021-04-10,3,105.72631024363739,76.47448575207066,26.7,23.7,29.13,33.4,33.8,6.699999999999999,10.099999999999998,44.0,58.33,67.0,0.0,1012.67,24.33,5.148
2021-04-11,3,106.15711165402661,74.7180434661303,27.3,23.1,28.57,30.7,34.3,3.3999999999999986,11.199999999999996,46.0,55.67,67.0,0.0,1009.2,33.0,7.5600000000000005
2021-04-12,7,83.25850767567523,62.35510883160208,19.3,17.7,22.7,25.7,26.7,6.399999999999999,9.0,56.0,71.67,85.0,0.0,1015.97,24.33,6.84
2021-04-13,6,81.24086131583175,64.51217590587649,20.1,18.3,22.13,25.7,25.9,5.599999999999998,7.599999999999998,56.0,76.33,87.0,0.1,1020.6,12.33,4.572
2021-04-14,3,87.83385071540013,60.228602104333966,20.3,16.5,23.7,28.7,28.7,8.399999999999999,12.2,46.0,63.33,75.0,0.0,1018.73,8.0,5.148
2021-04-15,5,89.06605959496869,64.65244164388344,20.7,18.5,23.77,28.9,28.9,8.2,10.399999999999999,53.0,65.33,73.0,0.0,1016.57,15.33,5.4
2021-04-16,5,90.84532313277336,69.13710152359153,23.3,20.4,25.57,29.3,29.4,6.0,9.0,49.0,65.33,74.0,0.0,1013.9,18.33,4.788
2021-04-17,4,83.07453518826759,70.15431289187903,22.7,21.1,24.33,26.2,26.6,3.5,5.5,59.0,72.67,87.0,0.0,1015.47,15.33,7.092
2021-04-18,7,85.8410392053425,66.30887844486946,22.2,19.7,23.9,26.0,27.2,3.8000000000000007,7.5,61.0,77.33,86.0,0.0,1017.3,14.0,9.972
2021-04-19,5,87.08450401460813,60.66583156748304,20.1,16.9,22.53,25.2,27.9,5.099999999999998,11.0,57.0,71.0,82.0,0.0,1019.5,12.33,6.372
2021-04-20,10,85.16713805141254,65.12626317219969,20.0,18.9,22.2,26.2,27.3,6.199999999999999,8.400000000000002,50.0,71.67,85.0,0.0,1020.47,14.0,6.84
2021-04-21,3,82.6019899725762,64.15494590620624,20.0,18.7,22.67,26.1,26.4,6.100000000000001,7.699999999999999,59.0,74.0,86.0,0.0,1020.63,10.67,8.892000000000001
2021-04-22,5,85.00845828028439,59.67558278232283,20.3,16.7,22.57,26.3,27.5,6.0,10.8,51.0,67.33,80.0,0.0,1019.23,9.0,8.028
2021-04-23,3,92.30114451315757,60.16729690682576,19.9,16.5,23.03,29.1,29.5,9.200000000000003,13.0,46.0,68.33,80.0,0.0,1016.9,7.67,5.292
2021-04-24,5,90.13120780963216,59.73407579249184,19.8,15.7,23.03,28.8,28.8,9.0,13.100000000000001,49.0,70.0,81.0,0.0,1013.6,18.0,2.8800000000000003
2021-04-25,4,74.37184482891531,63.94934940013219,19.0,18.0,20.9,23.3,23.6,4.300000000000001,5.600000000000001,73.0,83.33,92.0,24.4,1012.63,19.67,4.32
2021-04-26,5,73.2252483814839,56.352957535622984,15.9,14.3,18.5,21.1,21.7,5.200000000000001,7.399999999999999,65.0,74.0,81.0,1.5999999999999999,1016.0,21.33,3.3480000000000003
2021-04-27,7,75.40013465520026,56.225625866885345,16.5,14.5,19.03,22.7,23.0,6.199999999999999,8.5,48.0,70.0,87.0,0.0,1017.73,19.67,4.212
2021-04-28,7,76.5048478696001,49.62080232000595,13.5,11.7,17.37,22.3,24.0,8.8,12.3,62.0,74.0,83.0,0.0,1019.9,25.67,4.788
2021-04-29,3,78.21022770629871,54.898152887095726,17.3,13.3,19.6,24.1,24.8,6.800000000000001,11.5,53.0,74.67,90.0,0.0,1023.23,9.0,2.52
2021-04-30,5,85.84178363692823,53.5066017730419,16.9,13.2,20.5,27.6,27.6,10.700000000000003,14.400000000000002,49.0,70.0,88.0,0.0,1023.03,10.67,3.9600000000000004
2021-05-01,4,86.82560014689611,54.02211202100833,18.3,13.4,21.47,27.1,28.1,8.8,14.700000000000001,45.0,67.0,83.0,0.0,1020.43,9.33,3.8520000000000003
2021-05-02,12,95.28295933176032,57.57543407334657,18.4,14.6,23.07,30.3,30.5,11.900000000000002,15.9,42.0,65.67,80.0,0.0,1017.83,12.33,2.628
2021-05-03,7,103.97218470871606,61.383207384178824,21.6,16.9,25.27,32.3,32.9,10.699999999999996,16.0,46.0,62.0,75.0,0.0,1015.17,21.33,4.572
2021-05-04,9,84.7077806349873,66.10134281472654,23.8,18.9,24.6,25.6,27.4,1.8000000000000007,8.5,62.0,67.33,77.0,0.0,1013.7,15.33,3.9600000000000004
2021-05-05,5,63.75280580879996,55.7328495793389,16.7,13.8,17.5,18.9,19.0,2.1999999999999993,5.199999999999999,85.0,91.0,95.0,16.0,1019.5,15.33,2.7720000000000002
2021-05-06,10,71.24411174546808,55.480681118753935,14.1,13.9,15.1,16.6,16.9,2.5000000000000018,2.9999999999999982,68.0,80.0,93.0,6.8999999999999995,1019.97,22.67,3.3480000000000003
2021-05-07,5,72.20691325333095,45.21207174457636,10.5,9.7,15.13,20.0,20.8,9.5,11.100000000000001,54.0,75.33,92.0,0.1,1024.03,30.33,4.680000000000001
2021-05-08,6,74.86890735919432,46.97598605428085,12.8,10.0,16.47,22.7,23.1,9.899999999999999,13.100000000000001,46.0,74.33,91.0,0.0,1026.63,13.67,3.3480000000000003
2021-05-09,6,77.46998948373675,49.3747462006707,14.3,11.1,18.13,24.1,24.5,9.8,13.4,51.0,75.33,90.0,0.2,1024.83,7.67,3.3480000000000003
2021-05-10,6,83.13968461830002,54.61140361880372,17.0,13.7,20.07,25.9,26.5,8.899999999999999,12.8,57.0,76.0,91.0,0.0,1019.33,26.0,3.9600000000000004
2021-05-11,14,70.38485784830397,53.72543467754563,14.9,13.7,17.43,19.1,19.3,4.200000000000001,5.600000000000001,64.0,79.0,88.0,16.2,1018.87,15.33,5.508
2021-05-14,6,73.39399576182407,41.306189344632145,9.3,7.4,14.53,21.2,21.2,11.899999999999999,13.799999999999999,54.0,72.0,96.0,0.0,1022.23,13.67,3.3480000000000003
2021-05-15,13,69.78046743998466,43.035315091332585,11.6,8.6,15.43,21.0,21.3,9.4,12.700000000000001,71.0,83.67,95.0,0.0,1020.83,15.33,4.32
2021-05-16,11,70.7306114231843,51.70496990605507,13.3,12.3,16.63,21.6,22.4,8.3,10.099999999999998,69.0,86.67,98.0,0.0,1019.67,15.33,3.708
2021-05-17,9,71.98134588515215,56.22099772576011,15.2,14.7,17.77,21.9,22.2,6.699999999999999,7.5,59.0,81.0,92.0,0.0,1017.87,19.67,5.04
2021-05-18,6,73.19738314008706,47.840833541098284,12.6,10.5,15.77,20.0,20.0,7.4,9.5,52.0,71.67,88.0,0.0,1019.2,26.0,3.6
2021-05-19,6,70.83828640892821,43.49854256727838,10.6,8.3,14.37,19.2,19.2,8.6,10.899999999999999,55.0,78.0,95.0,0.0,1018.13,12.0,3.132
2021-05-20,9,70.34200250148172,48.06633157536716,12.2,10.5,14.1,17.4,17.4,5.199999999999999,6.899999999999999,69.0,80.67,91.0,0.0,1015.83,14.0,3.3480000000000003
2021-05-21,8,64.87333433934417,54.232957288246865,14.8,13.9,15.6,16.7,18.7,1.8999999999999986,4.799999999999999,83.0,89.0,94.0,3.1999999999999997,1012.67,9.33,5.4
2021-05-22,13,72.48001493003196,56.02544822093861,16.5,15.0,18.7,22.9,22.9,6.399999999999999,7.899999999999999,61.0,84.33,96.0,46.5,1007.23,22.67,7.092
2021-05-23,4,79.44126429463039,51.39089196591951,14.9,13.5,15.0,15.1,15.7,0.1999999999999993,2.1999999999999993,56.0,67.33,83.0,0.0,1009.87,30.33,10.44
2021-05-24,4,77.09712214734756,44.59051750323103,12.1,11.6,14.03,15.7,17.0,3.5999999999999996,5.4,59.0,67.33,77.0,0.0,1014.13,28.67,19.332
2021-05-25,9,74.2131436308461,40.58683354375249,10.1,8.3,14.07,19.4,19.6,9.299999999999999,11.3,48.0,68.67,82.0,0.0,1019.23,32.0,6.9479999999999995
2021-05-26,5,74.91673087425505,42.38589850244296,10.1,8.4,15.27,20.7,21.0,10.6,12.6,51.0,65.33,90.0,0.0,1019.33,27.33,4.572
2021-05-27,3,75.72980007494937,44.46132092135689,11.0,9.4,15.53,23.3,23.7,12.3,14.299999999999999,46.0,75.67,95.0,0.2,1015.53,30.33,4.788
2021-05-28,6,67.20421859679576,48.49546391430188,14.1,11.3,15.97,17.7,17.9,3.5999999999999996,6.599999999999998,79.0,85.33,97.0,31.6,1006.9,9.0,5.148
2021-05-29,6,69.28149196939201,55.238930063173555,16.1,14.6,17.83,21.3,21.3,5.199999999999999,6.700000000000001,61.0,85.0,98.0,46.199999999999996,1009.5,28.67,6.732
2021-05-30,5,81.397573159216,40.028019254747846,9.4,7.1,13.4,15.7,15.9,6.299999999999999,8.8,38.0,59.0,82.0,0.0,1019.83,26.0,3.9600000000000004
2021-05-31,11,75.24725633002758,33.6937075676545,6.9,4.6,11.07,17.1,17.1,10.200000000000001,12.500000000000002,52.0,71.67,89.0,0.0,1021.37,27.0,4.788
2021-06-01,7,73.57382309022896,42.3790643178276,9.0,7.5,13.9,22.2,22.2,13.2,14.7,47.0,74.67,94.0,0.0,1016.6,21.33,2.628
2021-06-02,8,75.66854946016689,52.97912331302061,14.5,13.1,17.37,23.1,23.6,8.600000000000001,10.500000000000002,65.0,74.67,82.0,0.0,1012.33,16.67,4.428
2021-06-03,7,74.86890735919432,47.13648518922153,11.5,9.8,16.67,22.1,23.1,10.600000000000001,13.3,55.0,74.33,95.0,0.0,1017.77,32.0,2.7720000000000002
2021-06-04,12,97.48066741307134,49.1390324488166,13.1,10.9,18.93,29.0,29.6,15.9,18.700000000000003,57.0,79.67,93.0,0.0,1016.93,22.67,3.132
2021-06-05,8,100.78368717733227,60.98390859558352,21.1,17.0,24.7,31.5,31.5,10.399999999999999,14.5,43.0,67.67,85.0,0.0,1012.43,26.0,6.12
2021-06-06,11,66.72466279091199,54.59278713913691,15.9,14.6,16.63,18.1,18.8,2.200000000000001,4.200000000000001,82.0,86.0,89.0,14.4,1017.87,15.33,8.532
2021-06-07,6,67.02524673059582,53.99807696174429,14.6,14.1,15.93,17.7,19.2,3.0999999999999996,5.1,81.0,85.67,91.0,0.0,1020.67,14.0,6.9479999999999995
2021-06-08,13,62.9739085895588,58.00645084983064,16.1,15.8,16.47,16.8,17.1,0.6999999999999993,1.3000000000000007,90.0,91.67,94.0,9.0,1020.03,9.0,6.732
2021-06-09,11,66.2269692721729,58.00394627295113,16.4,16.2,18.23,20.4,20.6,4.0,4.400000000000002,82.0,89.67,94.0,6.8,1018.97,10.67,9.828
2021-06-10,5,63.83835256013295,56.44776471284132,16.4,15.1,17.03,17.7,17.9,1.3000000000000007,2.799999999999999,86.0,90.33,96.0,19.2,1016.73,21.33,6.588
2021-06-11,8,67.92429902790425,50.8570221509665,13.1,12.7,15.97,18.8,19.2,5.700000000000001,6.5,59.0,84.0,98.0,1.3,1018.43,19.67,6.732
2021-06-12,5,74.4953334862721,41.09644174832489,9.9,7.9,14.1,19.2,19.4,9.299999999999999,11.499999999999998,48.0,68.0,79.0,0.0,1020.03,27.33,4.788
2021-06-13,9,74.009977933408,45.375531593563736,10.3,8.9,15.17,22.5,22.6,12.2,13.700000000000001,53.0,75.0,93.0,0.0,1021.7,21.33,2.628
2021-06-14,10,74.71894774110511,46.64913911373855,11.7,10.0,16.77,23.3,23.3,11.600000000000001,13.3,53.0,77.33,98.0,0.0,1019.87,21.0,3.708
2021-06-15,4,63.6436804431041,49.17157858111828,13.3,11.2,14.5,15.3,15.8,2.0,4.600000000000001,85.0,92.0,98.0,0.2,1018.87,14.0,3.8520000000000003
2021-06-16,5,78.09337360483305,42.10968136525115,9.9,8.4,12.5,14.5,15.1,4.6,6.699999999999999,55.0,73.33,85.0,0.0,1024.13,18.0,4.932
2021-06-17,6,73.52126650749435,43.91284854292753,9.0,8.3,11.77,15.8,16.0,6.800000000000001,7.699999999999999,61.0,78.33,89.0,0.0,1025.33,24.33,2.7720000000000002
2021-06-18,8,68.60671295838392,43.67395490624634,10.4,8.6,12.0,14.8,15.3,4.4,6.700000000000001,76.0,87.0,93.0,0.0,1025.97,11.0,3.6
2021-06-19,11,64.70669347062824,49.01863567939237,12.7,11.4,14.27,16.8,16.8,4.100000000000001,5.4,84.0,89.67,94.0,0.0,1022.57,15.33,4.680000000000001
2021-06-20,8,66.09420667849598,55.00225085756583,13.8,13.8,15.6,18.0,18.6,4.199999999999999,4.800000000000001,78.0,87.0,96.0,1.6,1020.3,21.0,3.708
2021-06-21,8,65.63585777999984,54.779522330354816,14.2,13.5,14.37,14.7,15.0,0.5,1.5,90.0,91.0,92.0,1.4,1021.97,18.33,3.132
2021-06-22,2,64.15856934044798,49.08739438999467,13.3,11.2,14.73,17.3,17.4,4.0,6.199999999999999,80.0,90.0,97.0,0.0,1022.73,12.33,3.9600000000000004
2021-06-23,9,68.24083777543596,52.303866057149165,14.1,13.3,16.47,19.8,19.9,5.700000000000001,6.599999999999998,72.0,84.0,95.0,0.2,1021.93,16.67,6.588
2021-06-24,4,70.66667218919486,57.86963967868502,17.1,15.7,18.17,20.3,21.6,3.1999999999999993,5.900000000000002,81.0,82.33,84.0,6.5,1009.83,16.67,6.48
2021-06-25,3,72.16779115431711,49.64565402281129,13.3,12.1,17.07,19.6,19.9,6.300000000000001,7.799999999999999,58.0,74.67,86.0,0.0,1015.9,25.67,6.372
2021-06-26,5,64.12772242391617,47.681461331284865,12.7,11.1,14.33,16.0,16.9,3.3000000000000007,5.799999999999999,76.0,90.33,98.0,40.7,1014.3,12.33,5.760000000000001
2021-06-27,2,65.81347710899885,47.12313009650582,12.6,11.2,14.0,16.6,16.7,4.000000000000002,5.5,79.0,88.33,98.0,69.39999999999999,1013.63,22.67,7.308
2021-06-28,5,92.75896739841859,36.36278404024665,8.3,7.2,10.37,11.4,11.6,3.0999999999999996,4.3999999999999995,52.0,63.67,72.0,0.0,1022.93,28.67,10.332
2021-06-29,12,99.39002817494402,36.30715466874493,7.9,7.3,8.5,9.0,9.8,1.0999999999999996,2.500000000000001,64.0,67.0,72.0,0.0,1023.07,28.67,11.052
2021-06-30,12,81.60176870595777,40.185874106821274,8.3,8.1,9.5,11.4,11.6,3.0999999999999996,3.5,75.0,83.67,93.0,1.1,1026.83,28.67,6.84
2021-07-01,9,68.05739073295442,38.819289506353826,8.4,6.6,12.33,18.1,18.5,9.700000000000001,11.9,68.0,83.67,95.0,0.0,1027.5,22.67,4.068
2021-07-02,12,69.51598567563633,41.0422420842346,9.7,7.4,14.03,20.3,20.6,10.600000000000001,13.200000000000001,56.0,82.33,97.0,0.2,1023.37,18.33,3.6
2021-07-03,6,69.45290314427196,42.2945014718171,9.7,7.8,13.7,19.1,19.3,9.400000000000002,11.5,54.0,81.0,97.0,0.1,1024.27,21.0,3.24
2021-07-04,11,67.20542646162815,36.8208479210807,7.5,5.0,11.2,15.1,16.8,7.6,11.8,74.0,86.33,97.0,0.2,1025.27,16.67,2.7720000000000002
2021-07-05,14,67.75659861316828,40.60362328056598,8.1,7.2,13.0,19.0,19.9,10.9,12.7,68.0,85.0,96.0,0.1,1024.53,16.67,3.6
2021-07-06,5,69.05311763900805,47.96805149434286,11.4,10.6,14.77,19.0,21.4,7.6,10.799999999999999,70.0,86.0,97.0,0.2,1024.13,15.0,3.708
2021-07-07,14,77.09309730638455,46.69036573122003,11.7,10.5,17.2,24.3,24.3,12.600000000000001,13.8,45.0,74.33,97.0,0.0,1022.43,17.0,5.148
2021-07-08,4,76.47275222438722,51.154432768197694,14.6,11.6,18.13,23.3,24.0,8.700000000000001,12.4,56.0,74.33,85.0,0.0,1020.43,21.0,2.628
2021-07-09,5,75.6394257954882,53.95419738923312,14.1,13.2,17.77,23.1,23.8,9.000000000000002,10.600000000000001,52.0,78.0,92.0,0.0,1020.63,21.33,3.3480000000000003
2021-07-10,8,79.75743873532788,47.25414011205556,14.0,11.0,18.4,25.2,25.4,11.2,14.399999999999999,48.0,76.0,93.0,0.0,1017.63,26.0,6.12
2021-07-11,5,72.9710729489448,54.28062312408904,13.9,13.4,17.8,22.6,22.8,8.700000000000001,9.4,64.0,81.33,93.0,0.0,1018.93,17.0,3.492
2021-07-12,6,83.60069439430009,57.022304237856495,14.9,14.4,18.83,25.7,26.5,10.799999999999999,12.1,50.0,80.0,96.0,0.0,1019.3,10.67,2.7720000000000002
2021-07-13,1,73.02016165815617,54.99217015862103,15.5,13.5,18.6,22.6,22.9,7.100000000000001,9.399999999999999,66.0,82.0,91.0,0.1,1016.33,24.0,2.8800000000000003
2021-07-14,6,72.53371588374401,58.74929949149907,16.9,15.8,18.93,21.4,21.8,4.5,6.0,65.0,77.0,84.0,0.0,1015.7,12.33,4.932
2021-07-15,6,65.31941541419761,56.90606799530917,16.1,14.6,17.0,18.2,19.7,2.099999999999998,5.1,83.0,89.33,97.0,9.9,1012.07,22.67,3.492
2021-07-16,12,69.19016033519586,45.989682923436405,11.0,9.7,14.63,18.3,18.4,7.300000000000001,8.7,62.0,81.67,96.0,0.0,1018.33,10.67,3.708
2021-07-17,7,66.47940773915244,43.930030457211004,11.0,9.9,13.0,16.3,16.8,5.300000000000001,6.9,72.0,87.33,99.0,0.0,1017.23,21.0,7.668
2021-07-18,5,85.05273902482554,35.39032560488657,8.1,6.7,11.87,13.9,14.2,5.800000000000001,7.499999999999999,43.0,60.67,75.0,0.0,1018.6,27.0,9.828
2021-07-19,10,88.84934404460421,39.33621089142461,9.4,8.8,10.8,11.5,12.8,2.0999999999999996,4.0,51.0,62.33,70.0,0.0,1021.73,27.0,12.708
2021-07-20,8,75.77545763112755,33.152129358106095,6.7,4.5,10.33,15.3,15.7,8.600000000000001,11.2,53.0,75.33,91.0,0.0,1025.1,27.33,5.148
2021-07-21,9,71.78399045746804,36.240088788313685,7.1,4.8,11.27,17.7,18.9,10.6,14.099999999999998,51.0,76.0,95.0,0.1,1024.67,18.33,2.8800000000000003
2021-07-22,11,74.2569002686842,32.86838855976403,5.9,3.4,12.67,22.1,22.3,16.200000000000003,18.900000000000002,46.0,72.0,94.0,0.0,1026.6,7.67,3.132
2021-07-23,9,86.96314996244809,42.17846576150117,9.6,7.8,16.8,27.5,27.6,17.9,19.8,41.0,75.33,95.0,0.0,1021.97,16.67,3.3480000000000003
2021-07-24,6,87.07335864226954,49.06304682720497,13.2,10.8,19.53,28.2,28.2,15.0,17.4,42.0,66.67,81.0,0.0,1018.2,16.67,2.988
2021-07-25,7,86.21100903164808,50.9689151569612,16.0,12.6,21.07,28.2,28.2,12.2,15.6,40.0,63.0,75.0,0.0,1013.27,18.33,6.012
2021-07-26,9,72.85590681851211,58.446051159142364,16.0,15.5,19.17,22.0,22.7,6.0,7.199999999999999,60.0,81.0,95.0,13.1,1010.93,19.67,4.212
2021-07-27,9,72.14008729875391,39.42526136145365,11.9,8.1,14.33,16.8,16.8,4.9,8.700000000000001,51.0,78.67,97.0,18.7,1014.53,22.67,8.28
2021-07-28,11,92.58587953764065,28.997036671389534,6.1,4.3,8.67,11.1,11.6,5.0,7.3,56.0,64.33,81.0,0.0,1020.0,27.0,11.268
2021-07-29,3,90.40157794729888,26.834868203312247,4.3,3.0,7.47,11.6,11.6,7.3,8.6,48.0,70.33,82.0,1.5,1025.4,27.0,9.360000000000001
2021-07-30,9,78.65264214064266,28.980000797129744,5.0,2.1,9.3,15.5,15.7,10.5,13.6,51.0,69.33,84.0,0.0,1029.17,27.33,3.9600000000000004
2021-07-31,9,70.75280997240007,34.79690825439847,6.9,4.2,11.63,20.1,20.5,13.200000000000001,16.3,62.0,79.0,96.0,0.0,1029.33,13.67,2.988
2021-08-01,4,68.8552369146135,39.184315114573266,10.0,6.5,13.57,18.7,19.5,8.7,13.0,60.0,82.33,97.0,0.0,1028.87,21.33,3.492
2021-08-02,7,73.15249598856009,45.99222932671056,10.0,9.5,12.37,15.6,16.1,5.6,6.600000000000001,65.0,78.67,87.0,0.0,1028.57,18.33,3.24
2021-08-03,17,69.59845196049005,39.06845746772579,10.2,6.5,12.93,17.6,17.6,7.400000000000002,11.100000000000001,67.0,81.67,91.0,0.0,1029.2,15.33,3.6
2021-08-04,6,64.02056195628639,45.71348963717808,10.6,10.3,12.7,15.2,16.0,4.6,5.699999999999999,86.0,91.33,95.0,0.1,1030.2,14.0,6.012
2021-08-05,5,73.22930870640019,53.30439195736542,15.5,13.8,17.77,22.3,23.0,6.800000000000001,9.2,66.0,82.0,93.0,0.0,1028.3,10.67,6.9479999999999995
2021-08-06,6,77.59094772203235,52.63028544115989,14.3,13.4,18.47,24.1,24.6,9.8,11.200000000000001,52.0,77.33,96.0,0.0,1025.43,12.33,6.372
2021-08-07,8,89.97107869321633,50.749847017360594,15.3,12.1,20.37,28.3,28.6,13.0,16.5,42.0,72.0,88.0,0.0,1020.9,19.67,4.428
2021-08-08,10,91.74932069118398,57.27113781997372,18.5,14.8,22.5,28.7,29.3,10.2,14.5,50.0,69.0,79.0,0.0,1018.4,22.67,3.6
2021-08-09,8,84.66788881681592,57.640927618877086,20.3,15.1,21.03,22.3,26.9,2.0,11.799999999999999,74.0,77.0,80.0,0.0,1015.3,9.33,4.068
2021-08-10,7,62.83876604646396,51.883720666811136,14.4,12.5,15.17,16.5,16.8,2.0999999999999996,4.300000000000001,88.0,92.0,94.0,9.1,1018.23,15.33,4.068
2021-08-11,3,77.42847634000006,41.47422059301168,11.8,8.3,13.13,14.7,15.0,2.8999999999999986,6.699999999999999,56.0,75.0,90.0,0.3,1025.0,15.33,5.508
2021-08-12,7,77.74658929711183,32.69270902251438,8.2,4.0,10.07,13.7,14.3,5.5,10.3,68.0,77.33,83.0,0.0,1028.0,11.0,4.428
2021-08-13,9,69.9674428118082,43.8355432051508,11.2,10.0,14.23,18.6,19.6,7.400000000000002,9.600000000000001,64.0,80.0,88.0,0.0,1026.53,21.33,8.388
2021-08-14,7,75.21558666875136,50.91541170766302,14.9,12.6,18.17,23.2,23.4,8.299999999999999,10.799999999999999,58.0,75.33,89.0,0.0,1021.8,16.67,6.12
2021-08-15,7,67.34147529999981,51.81732409378558,14.0,12.4,16.27,19.1,20.0,5.100000000000001,7.6,74.0,86.0,95.0,0.0,1018.5,18.33,3.8520000000000003
2021-08-16,10,67.425297249577,52.82486306566431,14.1,13.0,16.13,19.9,19.9,5.799999999999999,6.899999999999999,73.0,85.67,95.0,0.0,1016.97,16.67,4.32
2021-08-17,7,87.74131509248437,57.78121628571588,15.7,15.0,19.9,27.3,27.5,11.600000000000001,12.5,56.0,80.67,96.0,0.0,1014.67,15.33,3.492
2021-08-18,9,66.67995129499359,58.599548277857075,17.5,16.0,19.23,21.1,21.3,3.6000000000000014,5.300000000000001,89.0,91.33,95.0,19.799999999999997,1015.97,9.0,6.372
2021-08-19,6,114.93267198231767,59.0388447379883,19.9,16.4,25.57,34.8,34.8,14.899999999999999,18.4,35.0,63.33,81.0,0.3,1009.53,24.33,7.812
2021-08-20,9,80.20062734425606,60.67987665010442,17.4,16.7,21.33,25.6,25.6,8.200000000000003,8.900000000000002,63.0,72.0,82.0,0.0,1011.9,10.67,5.148
2021-08-21,11,66.01480538536512,56.13331328692458,15.5,14.9,16.83,18.7,19.4,3.1999999999999993,4.499999999999998,81.0,87.67,92.0,2.2,1016.7,21.33,6.228
2021-08-22,4,107.50326694443517,55.65425486781265,16.3,14.3,22.93,32.5,32.6,16.2,18.3,39.0,69.33,92.0,0.0,1008.37,19.67,4.428
2021-08-23,8,76.14960269173892,57.290218419453076,16.3,15.7,19.6,22.8,22.8,6.5,7.100000000000001,48.0,62.67,71.0,0.0,1010.4,9.33,8.172
2021-08-24,6,65.22226136518523,53.78352694203396,16.3,14.5,16.63,16.8,18.0,0.5,3.5,81.0,88.33,96.0,12.8,1009.7,18.33,10.44
2021-08-25,12,60.43400093596219,58.14037421349576,17.0,15.8,18.27,18.9,19.7,1.8999999999999986,3.8999999999999986,96.0,97.33,98.0,60.400000000000006,1005.4,12.33,6.372
2021-08-26,8,69.0189947666082,50.47124276283114,12.9,12.3,15.33,17.1,17.3,4.200000000000001,5.0,70.0,83.0,94.0,34.7,1012.27,18.33,5.652
2021-08-27,3,72.8780341987515,43.87729795569567,13.5,8.2,16.1,21.3,21.5,7.800000000000001,13.3,53.0,74.67,88.0,0.1,1021.13,10.67,2.628
2021-08-28,8,72.41293207758663,47.80895776536599,13.4,11.3,16.4,21.6,21.6,8.200000000000001,10.3,60.0,76.67,87.0,0.0,1022.3,7.67,6.372
2021-08-29,8,80.12074615527484,56.77518850842643,16.2,15.0,20.1,25.6,25.6,9.400000000000002,10.600000000000001,55.0,69.67,78.0,0.0,1024.33,12.33,5.292
2021-08-30,5,83.63877699850812,54.86948579781422,17.4,14.1,20.97,26.6,26.9,9.200000000000003,12.799999999999999,47.0,70.0,87.0,0.0,1022.57,10.67,5.04
2021-08-31,8,91.46749331996794,60.71271412952932,19.2,16.6,22.93,28.9,29.6,9.7,13.0,38.0,65.0,86.0,0.0,1021.03,11.0,4.572
2021-09-01,9,92.3434802770243,55.77049374977816,19.3,14.5,23.1,29.5,29.9,10.2,15.399999999999999,46.0,64.33,85.0,0.0,1018.83,26.0,5.04
2021-09-02,6,94.03198642473026,63.12531379076935,21.3,17.7,24.3,29.1,30.3,7.800000000000001,12.600000000000001,52.0,64.67,79.0,0.0,1014.43,22.67,4.680000000000001
2021-09-03,10,74.0033168036396,61.53160461548873,18.5,17.2,21.1,22.9,22.9,4.399999999999999,5.699999999999999,70.0,77.33,86.0,0.0,1014.53,16.67,5.867999999999999
2021-09-04,8,72.12475580368363,55.54042935673584,16.2,14.5,18.33,21.5,21.6,5.300000000000001,7.100000000000001,62.0,77.67,86.0,0.0,1015.93,14.0,5.508
2021-09-05,7,71.82339917052202,56.44792669633095,15.3,14.9,18.07,22.1,22.6,6.800000000000001,7.700000000000001,67.0,84.33,93.0,25.9,1014.13,21.33,5.508
2021-09-06,10,76.09364447866793,57.7465921025964,17.4,15.4,19.63,22.5,23.9,5.100000000000001,8.499999999999998,62.0,76.0,87.0,0.0,1017.3,16.67,5.148
2021-09-07,4,62.85942455228971,58.121019670275984,16.8,16.1,17.37,17.8,17.8,1.0,1.6999999999999993,86.0,91.67,95.0,30.400000000000002,1015.9,9.0,8.532
2021-09-08,6,64.43529401596032,59.81555274230554,17.1,16.7,18.23,19.9,20.9,2.799999999999997,4.199999999999999,92.0,94.33,96.0,43.800000000000004,1008.63,15.0,7.5600000000000005
2021-09-09,4,74.45494115675197,52.24713100858554,17.3,14.5,19.4,21.7,22.3,4.399999999999999,7.800000000000001,53.0,71.0,95.0,1.1,1010.1,22.67,17.388
2021-09-10,6,74.89272705068802,50.52958453230368,15.3,13.4,16.3,17.1,17.6,1.8000000000000007,4.200000000000001,65.0,71.0,81.0,0.2,1015.43,30.33,12.708
2021-09-11,6,75.33434661000027,55.13899940612832,15.9,14.3,17.9,21.6,22.5,5.700000000000001,8.2,56.0,67.0,74.0,0.0,1018.83,27.33,5.4
2021-09-12,4,98.66658246634468,48.57080462823754,14.7,11.2,20.87,29.8,30.4,15.100000000000001,19.2,50.0,73.67,89.0,0.0,1015.93,33.0,4.680000000000001
2021-09-13,8,71.13375716881724,63.185878093109785,18.7,18.2,20.27,22.0,23.0,3.3000000000000007,4.800000000000001,81.0,90.67,97.0,35.800000000000004,1009.57,25.67,8.028
2021-09-14,7,63.87827470460813,62.57353373859792,18.3,17.6,18.93,20.1,20.2,1.8000000000000007,2.599999999999998,85.0,93.0,97.0,23.7,1008.0,15.33,5.508
2021-09-15,5,76.02184011884091,49.17215176360169,16.0,11.5,18.07,20.5,20.5,4.5,9.0,40.0,59.67,94.0,0.6,1020.27,25.67,4.788
2021-09-16,7,75.44401643941131,44.342509066799884,13.3,9.7,16.6,20.5,21.1,7.199999999999999,11.400000000000002,46.0,62.67,72.0,0.0,1026.43,10.67,6.012
2021-09-17,6,69.9707770656151,52.15345303747614,13.8,12.8,16.87,18.7,20.3,4.899999999999999,7.5,76.0,80.67,84.0,0.3,1022.27,12.33,4.680000000000001
2021-09-18,5,76.14223619355391,57.55885371844682,16.4,14.5,19.13,24.3,24.4,7.900000000000002,9.899999999999999,70.0,87.67,97.0,4.4,1015.97,12.33,2.4120000000000004
2021-09-19,11,73.14723432265619,60.56577914960864,18.8,16.8,20.03,22.3,23.4,3.5,6.599999999999998,84.0,87.0,90.0,0.0,1014.2,14.0,6.012
2021-09-20,3,86.46257853337178,66.95151370362437,20.4,19.5,22.47,25.4,26.9,5.0,7.399999999999999,79.0,88.0,93.0,20.1,1009.33,21.33,5.292
2021-09-21,5,70.51351186241195,55.38532982732782,16.9,14.6,18.5,20.7,20.7,3.8000000000000007,6.1,67.0,80.0,95.0,0.1,1017.6,22.67,6.372
2021-09-22,5,74.24397586908313,48.15034332238164,14.7,11.6,17.87,21.6,21.9,6.900000000000002,10.299999999999999,51.0,70.33,80.0,0.0,1022.87,10.67,7.092
2021-09-23,4,73.60910607764797,54.690247254075175,15.9,14.2,17.7,19.1,21.1,3.200000000000001,6.900000000000002,63.0,71.0,77.0,0.2,1020.1,11.0,5.867999999999999
2021-09-24,9,71.54558568953185,58.22400862991666,16.5,15.4,18.43,21.7,21.7,5.199999999999999,6.299999999999999,61.0,80.0,94.0,6.1,1019.3,19.67,4.212
2021-09-25,7,76.79727505367347,50.253236961275704,16.5,11.6,18.93,23.8,24.2,7.300000000000001,12.6,54.0,75.33,88.0,0.0,1019.23,20.0,3.6
2021-09-26,11,87.02830752597743,57.041967679479704,17.4,14.8,20.33,25.4,27.4,8.0,12.599999999999998,62.0,79.33,89.0,0.0,1016.9,16.67,3.9600000000000004
2021-09-27,5,94.90267892113678,62.841263729899296,19.5,17.4,23.33,29.0,29.8,9.5,12.400000000000002,62.0,71.67,90.0,0.0,1016.87,14.0,3.8520000000000003
2021-09-28,7,70.81750325574633,61.89733535322165,19.9,17.2,19.97,20.0,22.3,0.10000000000000142,5.100000000000001,80.0,85.67,94.0,0.0,1015.4,15.33,4.932
2021-09-29,9,74.29909638407727,61.200461189686415,17.5,17.2,19.7,22.5,23.7,5.0,6.5,69.0,85.33,95.0,8.6,1017.1,18.33,6.84
2021-09-30,3,77.4487675281267,54.775670568478475,17.8,14.8,19.87,21.9,24.5,4.099999999999998,9.7,69.0,75.67,85.0,0.0,1014.6,10.67,9.468
2021-10-01,6,74.95503585025624,59.08510032718948,17.7,16.3,20.27,23.8,24.1,6.100000000000001,7.800000000000001,79.0,89.0,96.0,27.1,1009.13,18.33,6.9479999999999995
2021-10-02,7,77.45699696425606,55.65097741168647,18.5,14.6,20.17,23.0,24.4,4.5,9.799999999999999,62.0,72.0,78.0,0.0,1012.1,19.67,5.760000000000001
2021-10-03,5,71.31944724597503,58.616987466335004,17.3,16.2,18.87,21.8,22.2,4.5,6.0,76.0,83.33,93.0,3.1,1008.8,15.0,7.668
2021-10-04,10,70.56660916499254,53.72756214219426,13.9,13.3,17.03,19.6,20.4,5.700000000000001,7.099999999999998,64.0,79.33,90.0,0.7,1015.67,14.0,3.9600000000000004
2021-10-05,5,76.16536091561437,44.90997147776116,15.2,9.6,17.9,21.9,21.9,6.699999999999999,12.299999999999999,46.0,58.67,71.0,0.0,1019.17,21.33,4.788
2021-10-06,6,76.79837284993792,52.601284088630955,15.3,13.0,18.87,23.7,23.7,8.399999999999999,10.7,61.0,65.33,70.0,0.0,1015.43,21.33,4.680000000000001
2021-10-07,6,75.50719975652814,47.58752401828075,14.7,11.4,17.63,19.5,21.7,4.800000000000001,10.299999999999999,55.0,63.0,70.0,0.0,1018.73,19.67,7.308
2021-10-08,4,75.26799911315197,47.72934060730137,14.5,11.7,17.9,21.1,22.6,6.600000000000001,10.900000000000002,57.0,68.0,80.0,0.0,1017.9,10.67,8.64
2021-10-09,6,72.94030824364752,55.79307606911368,17.0,15.3,19.03,21.5,22.0,4.5,6.699999999999999,69.0,76.33,81.0,0.0,1016.4,9.0,10.08
2021-10-10,2,80.80534932366457,60.20893249319679,18.0,17.0,21.57,24.8,25.8,6.800000000000001,8.8,61.0,73.67,86.0,0.0,1016.9,10.67,8.64
2021-10-11,8,74.36059499627311,58.66023637747195,18.9,16.1,19.9,21.4,23.0,2.5,6.899999999999999,72.0,76.33,80.0,0.6,1016.6,16.67,6.84
2021-10-12,4,89.05830414779604,59.49955486634503,18.3,16.0,22.37,27.8,28.2,9.5,12.2,54.0,74.33,86.0,1.4,1013.8,18.33,4.32
2021-10-13,3,92.938013263248,61.285716786516865,21.7,16.9,25.23,30.5,31.1,8.8,14.200000000000003,43.0,55.0,69.0,0.0,1010.2,18.33,4.788
2021-10-14,9,96.26751512160615,69.25284027133878,23.9,20.4,26.83,30.7,31.0,6.800000000000001,10.600000000000001,51.0,63.33,75.0,0.0,1004.3,27.33,4.428
2021-10-15,13,78.4500732950142,59.81488401938762,19.4,16.6,21.93,25.0,25.0,5.600000000000001,8.399999999999999,74.0,83.67,91.0,11.8,1010.07,17.0,6.84
2021-10-16,11,65.2284226523241,57.58229837082483,16.6,15.4,17.47,19.1,19.6,2.5,4.200000000000001,77.0,89.33,96.0,17.5,1018.3,15.33,5.508
2021-10-17,4,75.95165935944715,54.62486334463642,15.8,14.2,18.83,22.3,23.2,6.5,9.0,49.0,67.67,84.0,0.0,1020.2,14.0,6.012
2021-10-18,11,78.12789749007649,52.24078254429504,16.5,13.3,19.7,23.1,24.7,6.600000000000001,11.399999999999999,60.0,70.67,77.0,0.0,1019.97,12.33,6.732
2021-10-19,4,76.32603072069205,50.52965193984987,16.9,12.6,19.97,22.7,23.3,5.800000000000001,10.700000000000001,47.0,65.33,80.0,0.0,1022.07,12.33,6.9479999999999995
2021-10-20,6,76.6868841455483,49.42203124724677,16.5,12.3,19.1,21.1,23.7,4.600000000000001,11.399999999999999,57.0,66.67,75.0,0.0,1021.47,10.67,7.920000000000001
2021-10-21,4,82.61805979084183,52.86588529103157,16.7,13.4,20.9,25.6,26.8,8.900000000000002,13.4,53.0,64.33,76.0,0.0,1016.93,12.33,5.867999999999999
2021-10-22,4,84.72376032659177,56.67150170174208,18.1,14.9,21.6,27.1,27.2,9.0,12.299999999999999,54.0,71.0,85.0,0.0,1013.57,17.0,5.04
2021-10-23,6,85.418750217472,59.488875227145876,19.3,16.2,21.93,23.6,27.2,4.300000000000001,11.0,66.0,75.0,81.0,0.1,1006.5,16.67,5.292
2021-10-24,6,80.52118236135601,55.895139464223405,18.9,15.0,21.47,25.7,25.9,6.800000000000001,10.899999999999999,33.0,64.0,86.0,2.5,1010.33,27.0,7.452
2021-10-25,9,85.8864405604223,49.24263502541653,17.4,12.0,21.7,27.9,28.6,10.5,16.6,34.0,56.67,71.0,0.0,1017.3,24.33,6.732
2021-10-26,6,97.624065611904,56.91325235318215,21.3,14.9,25.57,32.5,32.8,11.2,17.9,36.0,52.0,68.0,0.0,1017.37,24.33,4.572
2021-10-27,4,99.69578627120828,60.526249646132584,24.3,16.8,27.97,33.7,34.3,9.400000000000002,17.499999999999996,33.0,45.67,53.0,0.0,1018.07,16.67,6.12
2021-10-28,6,86.8380753518081,61.57730509700396,25.3,17.5,27.17,28.9,29.8,3.599999999999998,12.3,41.0,48.0,52.0,0.0,1021.7,13.67,7.920000000000001
2021-10-29,6,88.10622963772704,63.16590646173955,21.2,18.4,24.53,27.3,28.7,6.100000000000001,10.3,59.0,64.33,69.0,0.0,1020.03,12.33,10.188
2021-10-30,5,92.40810909912855,65.42513753596664,20.8,19.3,24.53,28.0,29.0,7.199999999999999,9.7,59.0,74.33,95.0,0.0,1016.53,10.67,9.612
2021-10-31,2,98.71883114304177,65.88313123878194,21.6,19.4,25.97,30.3,31.1,8.7,11.700000000000003,55.0,67.33,80.0,0.0,1015.4,12.33,8.532
2021-11-01,3,98.30517218649618,64.72423805081507,22.8,18.6,26.27,31.0,31.4,8.2,12.799999999999997,46.0,64.0,81.0,0.0,1015.1,15.33,5.867999999999999
2021-11-02,7,104.95394719239835,65.89749808648851,21.7,19.1,26.0,31.3,32.0,9.600000000000001,12.899999999999999,56.0,70.33,85.0,0.0,1013.0,20.0,5.760000000000001
2021-11-03,8,78.00620036234787,69.09284589430185,22.1,20.4,22.83,23.9,24.9,1.7999999999999972,4.5,82.0,86.0,91.0,8.6,1010.67,12.33,4.932
2021-11-04,7,97.3540247909562,64.74172570073964,21.9,19.0,25.3,29.9,30.1,8.0,11.100000000000001,52.0,74.0,91.0,8.9,1009.07,25.67,9.468
2021-11-05,1,96.5409927088428,67.71910176200888,23.7,19.9,25.77,29.7,29.9,6.0,10.0,65.0,74.33,80.0,0.0,1010.43,16.67,5.760000000000001
2021-11-06,9,74.25241151942168,61.479766196527436,20.8,17.2,25.53,33.2,23.8,12.400000000000002,6.600000000000001,83.0,87.33,93.0,13.0,1014.27,14.0,6.012
2021-11-07,2,76.90802431478792,56.63332684630745,17.4,15.4,20.8,24.2,24.4,6.800000000000001,8.999999999999998,60.0,79.67,90.0,1.0,1016.77,12.33,8.028
2021-11-08,4,79.32235206958126,53.39244804046748,17.5,13.9,21.37,24.9,25.3,7.399999999999999,11.4,54.0,63.33,74.0,0.0,1015.77,10.67,7.308
2021-11-09,1,81.02414204536349,53.80238599450644,18.9,13.6,22.07,25.6,26.3,6.700000000000003,12.700000000000001,39.0,59.67,74.0,0.0,1017.33,15.33,4.932
2021-11-10,10,81.07443279139193,54.35757163706097,19.2,14.5,22.1,25.2,26.4,6.0,11.899999999999999,44.0,58.0,72.0,0.0,1018.43,14.0,8.532
2021-11-11,2,78.94056764478688,57.92106596852757,18.7,16.3,21.77,24.5,25.1,5.800000000000001,8.8,52.0,60.67,72.0,0.0,1020.87,10.67,11.16
2021-11-12,6,78.47732924408375,54.90945081311073,18.5,14.9,21.0,23.5,24.8,5.0,9.9,54.0,62.33,69.0,0.0,1021.6,12.33,9.828
2021-11-13,3,84.61785875156332,55.42169426231697,18.0,15.0,22.4,26.9,27.9,8.899999999999999,12.899999999999999,50.0,59.33,70.0,0.0,1017.53,18.0,8.892000000000001
2021-11-14,4,97.12001949550489,58.36996124567643,19.3,15.9,25.0,31.9,32.3,12.599999999999998,16.4,38.0,54.67,72.0,0.0,1012.97,16.33,6.372
2021-11-15,4,101.88661171211706,66.67454870774066,23.4,19.5,26.6,31.9,33.1,8.5,13.600000000000001,47.0,57.33,63.0,0.0,1012.2,19.67,6.228
2021-11-16,5,102.34289699529465,66.80751135207166,22.1,19.6,26.33,30.6,32.2,8.5,12.600000000000001,59.0,64.67,75.0,0.0,1010.77,19.67,6.588
2021-11-17,6,66.53957360439739,57.29531755682593,17.9,15.2,19.23,20.5,20.7,2.6000000000000014,5.5,84.0,89.33,92.0,7.1000000000000005,1013.73,12.33,5.148
2021-11-18,9,63.90096251346928,56.90819789680711,15.8,15.3,17.03,18.6,18.9,2.8000000000000007,3.599999999999998,85.0,90.67,97.0,5.5,1013.47,14.0,6.588
2021-11-19,5,78.36863877357513,60.26571862642965,17.4,16.4,20.47,23.6,24.8,6.200000000000003,8.400000000000002,55.0,69.33,82.0,0.1,1015.07,13.67,4.572
2021-11-20,1,91.3904434918682,50.52965193984987,18.0,12.6,23.0,30.0,30.3,12.0,17.700000000000003,36.0,58.0,75.0,0.0,1016.63,21.33,6.9479999999999995
2021-11-21,7,96.60128584547195,57.807243359381495,21.2,15.3,25.93,32.6,32.8,11.400000000000002,17.499999999999996,34.0,50.0,60.0,0.0,1013.97,26.0,4.572
2021-11-22,10,104.7460501815985,62.58603835998523,26.2,17.8,29.87,36.3,36.5,10.099999999999998,18.7,25.0,40.67,49.0,0.0,1009.47,27.33,6.84
2021-11-23,5,84.24567867239642,65.52290009228201,22.8,18.9,25.53,27.9,27.9,5.099999999999998,9.0,44.0,57.33,74.0,0.0,1012.2,15.33,5.508
2021-11-24,4,88.87248278635904,56.54904794853314,18.9,14.9,23.7,29.8,30.0,10.900000000000002,15.1,28.0,53.33,71.0,0.0,1016.07,10.67,5.292
2021-11-25,3,109.65191702440012,59.37452555763384,19.6,16.1,26.67,34.5,34.5,14.899999999999999,18.4,47.0,59.0,74.0,0.0,1008.17,9.0,5.04
2021-11-26,1,77.13992589957896,68.2530535372655,21.4,20.3,22.2,23.5,24.7,2.1000000000000014,4.399999999999999,83.0,88.33,95.0,18.2,1003.17,19.67,7.308
2021-11-27,5,84.36371657091384,68.50312064487956,21.6,20.2,23.17,25.7,26.5,4.099999999999998,6.300000000000001,74.0,86.33,93.0,24.6,1006.33,18.33,5.4
2021-11-28,10,85.90373528206817,67.97720813760344,21.9,20.0,24.7,27.2,27.2,5.300000000000001,7.199999999999999,70.0,77.67,87.0,0.2,1007.3,23.0,5.652
2021-11-29,2,84.18949595537208,70.78715440292692,24.0,21.5,25.1,27.3,27.3,3.3000000000000007,5.800000000000001,49.0,66.0,80.0,0.0,1002.33,28.67,8.748000000000001
2021-11-30,8,83.83051355212226,68.36163449261073,22.9,20.6,24.9,27.3,27.8,4.400000000000002,7.199999999999999,49.0,56.33,64.0,0.0,1005.4,27.0,10.548
2021-12-01,5,79.46357055634677,65.92796682801114,19.7,18.8,22.23,24.5,25.3,4.800000000000001,6.5,61.0,73.33,91.0,10.399999999999999,1011.47,21.33,3.8520000000000003
2021-12-02,7,80.04818242705059,56.33767948688322,18.9,15.5,21.97,24.7,25.7,5.800000000000001,10.2,53.0,62.67,75.0,0.0,1014.73,12.33,9.828
2021-12-03,4,83.4347574034148,59.29709718065567,19.7,16.6,23.23,26.5,27.1,6.800000000000001,10.5,54.0,64.67,75.0,0.0,1014.63,10.67,8.532
2021-12-04,7,94.43190173328956,63.814695656294006,20.5,18.3,25.1,29.3,30.4,8.8,12.099999999999998,55.0,64.67,76.0,0.0,1014.67,21.33,6.588
2021-12-05,5,88.05794391738443,67.3235463381153,21.8,20.0,24.03,26.8,27.8,5.0,7.800000000000001,66.0,76.67,82.0,0.0,1015.13,12.33,8.388
2021-12-06,6,83.5223331011757,62.773017872026614,20.4,18.1,22.73,25.6,26.5,5.200000000000003,8.399999999999999,60.0,79.33,95.0,60.4,1016.67,14.0,8.748000000000001
2021-12-07,7,81.29228352433435,58.59145067442787,20.0,16.3,22.43,24.7,26.1,4.699999999999999,9.8,54.0,68.67,89.0,0.8,1020.6,9.0,8.532
2021-12-08,5,83.09825589860635,57.56940559585064,19.4,15.8,22.6,25.9,27.1,6.5,11.3,47.0,62.33,76.0,0.2,1019.53,12.33,8.028
2021-12-09,3,81.13023970080016,61.66232024645268,19.9,17.4,22.13,25.3,26.0,5.400000000000002,8.600000000000001,57.0,70.0,80.0,1.5,1017.63,14.0,6.84
2021-12-10,2,82.633283039326,57.27465920717315,19.5,15.5,23.2,26.8,27.0,7.300000000000001,11.5,47.0,60.67,76.0,0.0,1014.13,19.67,6.84
2021-12-11,5,85.98891625430598,61.936759719986824,20.2,17.4,23.73,27.6,28.1,7.400000000000002,10.700000000000003,54.0,63.33,73.0,0.0,1008.2,14.0,6.012
2021-12-12,4,104.66924638750028,64.99666416383404,21.0,18.8,25.97,32.3,32.5,11.299999999999997,13.7,48.0,66.0,77.0,0.0,1006.93,28.67,6.48
2021-12-13,12,112.64711266997257,70.51436053943328,23.2,21.2,27.47,33.1,33.6,9.900000000000002,12.400000000000002,49.0,68.67,83.0,0.0,1008.27,12.33,6.48
2021-12-14,3,79.393204344912,69.29122888627293,23.0,20.8,23.6,24.8,25.3,1.8000000000000007,4.5,84.0,91.0,97.0,8.8,1010.1,9.0,7.920000000000001
2021-12-15,9,89.47510166444833,69.11165629868393,21.1,20.8,24.1,27.6,27.6,6.5,6.800000000000001,75.0,86.0,93.0,4.9,1010.27,10.67,8.892000000000001
2021-12-16,7,88.19612554358459,70.70541053367185,23.5,21.2,24.67,26.6,27.5,3.1000000000000014,6.300000000000001,73.0,82.67,88.0,0.0,1010.5,18.33,5.652
2021-12-17,7,90.48725109269931,66.28091081411534,22.4,19.4,24.57,26.7,28.6,4.300000000000001,9.200000000000003,67.0,73.67,81.0,0.0,1014.57,18.33,6.84
2021-12-18,4,82.39941272761617,66.42123428904804,21.8,19.8,23.8,25.6,26.4,3.8000000000000007,6.599999999999998,64.0,72.0,80.0,0.2,1017.0,9.0,10.692
2021-12-19,7,96.75201551471017,65.37765021656668,21.0,19.1,25.83,30.7,31.0,9.7,11.899999999999999,52.0,64.33,77.0,0.0,1014.83,19.67,7.668
2021-12-20,3,106.67319701212003,67.25834513731813,23.1,19.6,27.97,33.5,34.1,10.399999999999999,14.5,43.0,57.67,77.0,0.0,1010.03,21.33,5.04
2021-12-21,5,106.19187575979912,70.658390266556,23.3,21.0,26.3,30.3,31.7,7.0,10.7,58.0,74.67,85.0,0.0,1008.5,15.0,4.212
2021-12-22,9,89.38184773712169,72.7469376088431,24.1,22.2,25.43,27.7,28.5,3.599999999999998,6.300000000000001,53.0,71.33,85.0,0.30000000000000004,1009.2,14.0,6.84
2021-12-23,7,85.33928557883222,63.278826945134625,22.2,18.1,24.6,27.4,27.9,5.199999999999999,9.799999999999997,53.0,63.0,71.0,0.0,1014.13,14.0,6.84
2021-12-24,4,88.9933640973434,63.9408953578417,21.8,18.4,24.97,28.6,29.3,6.800000000000001,10.900000000000002,44.0,60.67,74.0,0.0,1013.47,10.67,6.9479999999999995
2021-12-25,5,100.72790541673606,62.38835876203769,21.4,17.7,25.6,31.4,32.6,10.0,14.900000000000002,35.0,59.0,80.0,0.0,1010.23,13.67,6.732
2021-12-26,7,105.0027693622722,66.54860001385867,23.8,19.4,25.47,28.8,30.6,5.0,11.200000000000003,75.0,83.0,89.0,0.0,1009.3,21.33,5.867999999999999
2021-12-27,6,107.669544863712,64.38852841778815,23.7,18.4,26.87,33.1,33.8,9.400000000000002,15.399999999999999,32.0,61.0,77.0,0.0,1009.57,21.33,5.508
2021-12-28,4,98.4685988105445,68.90147521918564,24.7,20.7,27.67,31.2,31.6,6.5,10.900000000000002,44.0,62.67,79.0,0.0,1011.6,12.33,8.748000000000001
2021-12-29,3,96.00743411741253,65.41270023463008,22.2,19.2,26.07,29.9,30.6,7.699999999999999,11.400000000000002,55.0,66.33,75.0,0.0,1015.17,10.67,8.532
2021-12-30,5,106.88836930517142,66.78008613747676,22.5,19.8,27.9,33.3,33.4,10.799999999999997,13.599999999999998,47.0,62.67,77.0,0.0,1011.07,10.67,8.748000000000001
2021-12-31,4,112.87870856484815,71.6909750378534,24.3,21.8,28.93,35.0,35.4,10.7,13.599999999999998,42.0,57.33,78.0,0.0,1007.33,11.0,7.5600000000000005
2022-01-01,7,122.41026076890878,71.66410395547118,25.6,21.5,29.43,35.2,36.0,9.600000000000001,14.5,42.0,63.67,75.0,0.0,1005.83,22.67,4.572
2022-01-02,11,128.04303408880008,71.41018823713361,26.0,21.4,29.27,31.6,37.0,5.600000000000001,15.600000000000001,54.0,63.0,74.0,0.0,1005.8,12.33,4.680000000000001
2022-01-03,8,126.5213241189221,74.71433850452073,23.4,22.9,28.53,34.3,35.0,10.899999999999999,12.100000000000001,57.0,73.67,88.0,12.0,1008.07,21.33,4.932
2022-01-04,11,99.64055793288858,78.67687609757952,25.8,24.6,27.47,29.7,30.7,3.8999999999999986,6.099999999999998,56.0,72.67,87.0,0.3,1006.07,22.67,4.068
2022-01-05,7,84.53615739793578,70.06669508366915,22.4,20.8,23.77,25.9,26.4,3.5,5.599999999999998,84.0,91.67,96.0,40.6,1006.0,16.67,4.680000000000001
2022-01-06,4,84.52495478930814,62.247370948145885,21.2,17.7,23.83,25.8,27.3,4.600000000000001,9.600000000000001,58.0,68.0,87.0,12.0,1013.2,15.33,7.2
2022-01-07,5,84.52495478930814,61.08650613943432,20.7,17.4,23.5,26.5,27.3,5.800000000000001,9.900000000000002,57.0,68.0,74.0,0.0,1015.5,10.67,8.892000000000001
2022-01-08,6,87.6924240768962,64.02372844105824,21.2,18.8,24.33,27.3,28.6,6.100000000000001,9.8,55.0,64.0,74.0,0.0,1015.8,10.67,10.692
2022-01-09,7,87.51615612401845,63.95489908033655,21.7,18.7,24.83,28.0,28.6,6.300000000000001,9.900000000000002,55.0,63.33,70.0,0.0,1016.27,7.67,9.828
2022-01-10,5,96.07323078670427,64.89533364381654,22.0,18.8,25.97,30.2,30.8,8.2,12.0,53.0,64.67,74.0,0.0,1013.4,13.67,6.84
2022-01-11,11,107.12855022851198,67.16230441317109,23.3,19.7,27.23,32.6,33.4,9.3,13.7,43.0,63.0,82.0,0.0,1010.57,24.0,6.12
2022-01-12,1,112.13695925451027,68.103005384115,24.6,20.2,27.57,33.1,33.8,8.5,13.599999999999998,46.0,66.67,78.0,0.0,1011.37,20.0,6.9479999999999995
2022-01-13,8,114.93267198231767,67.3242656937156,24.7,19.9,28.57,34.7,34.8,10.000000000000004,14.899999999999999,43.0,63.33,74.0,0.0,1013.87,15.0,7.308
2022-01-14,6,125.27539959705837,70.7211934157809,24.5,21.3,30.37,37.7,37.8,13.200000000000003,16.499999999999996,37.0,56.33,77.0,0.0,1014.73,18.33,6.588
2022-01-15,7,126.7739772512798,79.08640886319256,27.7,25.0,31.7,37.2,37.6,9.500000000000004,12.600000000000001,41.0,58.67,73.0,0.0,1013.37,30.33,8.172
2022-01-16,14,138.4939298957907,77.05482059905076,29.2,24.0,33.3,39.6,40.1,10.400000000000002,16.1,38.0,55.33,71.0,0.0,1005.3,33.0,5.760000000000001
2022-01-17,7,132.34090758028793,73.06098800151831,24.2,22.5,29.57,35.3,36.4,11.099999999999998,13.899999999999999,53.0,70.0,92.0,19.5,1007.53,16.67,9.360000000000001
2022-01-18,9,91.32728508438421,72.45144006697848,23.9,22.1,25.0,26.3,27.8,2.400000000000002,5.699999999999999,88.0,89.0,90.0,33.6,1013.57,16.67,7.2
2022-01-19,7,142.3284104429456,73.20151244175293,25.9,22.2,30.0,36.4,37.6,10.5,15.400000000000002,44.0,70.67,90.0,0.0,1014.43,26.0,4.680000000000001
2022-01-20,9,125.94444431910003,77.39286404956943,29.1,24.0,31.43,36.0,36.5,6.899999999999999,12.5,55.0,64.0,69.0,0.0,1013.03,18.33,3.8520000000000003
2022-01-21,4,125.8097523753281,76.92576029784112,27.8,23.9,30.8,35.4,35.8,7.599999999999998,11.899999999999999,56.0,68.0,77.0,0.0,1011.5,9.33,5.148
2022-01-22,7,146.17273000070801,77.65527194885203,28.2,24.3,32.3,38.1,39.5,9.900000000000002,15.2,47.0,63.33,81.0,0.0,1009.1,24.0,6.372
2022-01-23,17,123.07122829326427,79.03952975661568,31.3,24.8,33.37,36.3,37.3,4.9999999999999964,12.499999999999996,48.0,57.0,63.0,0.0,1007.93,27.0,4.572
2022-01-24,10,142.6271129156789,79.71002301126519,25.4,25.1,30.2,35.4,36.6,10.0,11.5,59.0,76.67,93.0,4.7,1010.17,21.33,4.572
2022-01-25,17,133.80258061276817,78.2340140243437,28.9,24.4,31.57,36.1,36.6,7.200000000000003,12.200000000000003,52.0,70.0,82.0,0.0,1009.47,15.33,4.068
2022-01-26,10,129.88731884361795,75.34234486808263,26.9,23.3,30.9,36.5,36.8,9.600000000000001,13.499999999999996,52.0,65.67,77.0,0.0,1005.77,22.67,6.48
2022-01-27,9,78.24436483701433,70.59615477264529,22.9,21.3,24.1,24.9,25.0,2.0,3.6999999999999993,83.0,88.67,97.0,71.2,1009.9,20.0,7.2
2022-01-28,3,82.87810763132835,63.68110249407733,21.3,18.4,22.97,24.7,26.6,3.3999999999999986,8.200000000000003,64.0,71.0,77.0,0.2,1014.0,12.33,7.920000000000001
2022-01-29,8,84.32553531577626,62.59011420971881,20.7,18.0,23.77,26.8,27.6,6.100000000000001,9.600000000000001,52.0,62.0,73.0,0.0,1013.03,14.0,8.532
2022-01-30,7,91.84130420603216,67.09426846854157,21.8,19.7,24.93,28.4,29.7,6.599999999999998,10.0,58.0,65.0,71.0,0.0,1011.53,9.0,6.372
2022-01-31,7,103.97218470871606,67.9420395356201,23.2,20.2,27.47,32.9,32.9,9.7,12.7,50.0,62.0,72.0,0.0,1007.87,19.67,7.668
2022-02-01,6,91.47443313912841,71.15217458645182,24.6,21.5,26.13,28.9,29.0,4.299999999999997,7.5,61.0,71.67,80.0,2.6,1011.5,14.0,6.732
2022-02-02,8,114.44227486234766,67.22335756377615,22.6,19.6,27.27,33.2,34.2,10.600000000000001,14.600000000000001,51.0,66.67,78.0,0.0,1012.33,10.67,5.148
2022-02-03,9,130.02349416260807,73.4635018137392,25.0,22.4,30.07,36.3,37.3,11.299999999999997,14.899999999999999,45.0,63.0,84.0,0.0,1010.0,17.0,5.508
2022-02-04,4,100.53652692582992,78.76285674975881,26.7,24.8,28.67,30.8,31.1,4.100000000000001,6.300000000000001,65.0,70.67,77.0,0.0,1006.77,26.0,6.732
2022-02-05,3,112.48439926739646,74.20319877561543,24.5,23.0,25.73,27.6,31.6,3.1000000000000014,8.600000000000001,76.0,84.33,90.0,5.0,1005.6,26.0,9.72
2022-02-06,9,86.79481285783422,72.1024929676783,23.7,21.9,24.83,26.6,27.5,2.900000000000002,5.600000000000001,53.0,76.33,92.0,0.5,1009.57,30.0,6.588
2022-02-07,5,81.72170742359071,63.30832400570195,20.3,18.2,23.57,26.3,26.8,6.0,8.600000000000001,48.0,56.67,62.0,0.0,1013.77,27.0,7.5600000000000005
2022-02-08,6,84.52607124368438,64.01168642501162,21.8,18.2,24.17,27.1,27.5,5.300000000000001,9.3,61.0,64.67,72.0,0.0,1014.3,21.0,5.292
2022-02-09,5,91.24568890479989,64.59565180612674,22.2,18.4,24.67,28.5,29.0,6.300000000000001,10.600000000000001,55.0,71.0,81.0,0.0,1014.43,12.33,4.932
2022-02-10,4,102.13338721218228,67.29570432033373,21.9,19.8,26.3,31.5,32.2,9.600000000000001,12.400000000000002,51.0,64.33,75.0,0.0,1012.07,10.67,6.48
2022-02-11,7,114.146371732045,70.1973239399459,24.0,21.0,28.07,32.9,34.3,8.899999999999999,13.299999999999997,54.0,65.67,77.0,0.0,1011.03,16.67,5.867999999999999
2022-02-12,7,115.00321876274074,71.10950492146773,24.8,21.4,28.73,34.4,34.5,9.599999999999998,13.100000000000001,50.0,65.33,75.0,0.0,1011.03,24.33,5.867999999999999
2022-02-13,4,81.99754911520046,70.06669508366915,22.0,20.8,24.13,26.0,26.0,4.0,5.199999999999999,82.0,83.0,84.0,2.4,1010.9,20.0,4.680000000000001
2022-02-14,1,89.51814016431248,62.77887474787386,21.0,17.8,23.73,28.3,29.0,7.300000000000001,11.2,42.0,65.67,89.0,0.3,1011.57,22.67,6.228
2022-02-15,5,94.93102058396406,64.50834808050601,22.8,18.1,26.0,31.5,31.5,8.7,13.399999999999999,42.0,56.33,66.0,0.0,1013.73,24.0,3.6
2022-02-16,10,103.89252313961667,64.96698483492384,23.5,18.6,27.07,33.4,33.8,9.899999999999999,15.199999999999996,32.0,55.67,68.0,0.0,1014.3,9.0,5.148
2022-02-17,6,103.14908160723242,65.93105634055212,23.1,19.1,26.0,31.8,31.9,8.7,12.799999999999997,49.0,68.33,80.0,0.0,1011.57,12.33,5.652
2022-02-18,2,99.19646794186835,69.56528440492133,23.8,21.0,26.4,29.7,30.9,5.899999999999999,9.899999999999999,51.0,70.0,83.0,0.0,1011.3,14.0,9.0
2022-02-19,12,100.64012072441832,65.90683320937225,23.3,19.0,26.7,31.8,32.4,8.5,13.399999999999999,40.0,60.33,76.0,0.0,1009.17,19.67,5.04
2022-02-20,8,109.940347301248,68.01547513258085,23.4,19.9,28.0,34.0,34.4,10.600000000000001,14.5,43.0,60.0,75.0,0.0,1008.03,18.0,4.788
2022-02-21,4,100.0973285998733,71.19475846475144,22.1,21.4,26.47,29.3,30.9,7.199999999999999,9.5,59.0,71.67,92.0,6.4,1011.87,24.33,5.508
2022-02-22,11,94.80903382494395,76.67555777903576,26.1,23.8,26.97,27.9,29.3,1.7999999999999972,5.5,70.0,77.0,81.0,0.0,1013.67,12.33,5.292
2022-02-23,8,96.70102479686243,68.75863318532333,23.9,20.2,26.43,29.8,30.4,5.900000000000002,10.2,55.0,69.67,77.0,0.4,1014.17,12.33,4.572
2022-02-24,7,112.64711266997257,67.58131616935384,24.0,20.0,27.23,33.2,33.6,9.200000000000003,13.600000000000001,49.0,68.67,79.0,0.0,1013.3,12.33,7.2
2022-02-25,7,119.6727119685709,72.96066709002676,24.5,22.4,27.9,32.9,34.5,8.399999999999999,12.100000000000001,55.0,70.33,79.0,0.2,1013.7,13.67,8.388
2022-02-26,12,129.32421136843146,79.03952975661568,27.8,24.8,30.33,35.0,35.6,7.199999999999999,10.8,52.0,72.33,90.0,0.0,1014.47,10.67,4.572
2022-02-27,8,125.12128359011207,77.09349117211963,26.0,24.0,30.4,36.2,36.2,10.200000000000003,12.200000000000003,47.0,65.0,84.0,0.0,1010.87,26.0,5.508
2022-02-28,2,94.77572105605913,72.69060116484192,23.9,22.0,25.83,28.2,28.7,4.300000000000001,6.699999999999999,78.0,84.67,95.0,5.0,1009.3,21.33,4.932
2022-03-01,5,82.73648891526857,72.40348100166244,22.2,22.0,23.67,24.9,26.2,2.6999999999999993,4.199999999999999,72.0,82.67,94.0,8.0,1012.77,21.33,6.228
2022-03-02,6,107.45432899105504,71.28482847571033,22.6,21.4,26.2,31.2,31.8,8.599999999999998,10.400000000000002,59.0,75.67,89.0,0.0,1011.93,15.33,5.148
2022-03-03,6,110.19676354905835,69.96927869456547,25.2,20.9,27.27,31.4,32.3,6.199999999999999,11.399999999999999,59.0,75.33,85.0,0.0,1012.13,10.67,5.867999999999999
2022-03-04,7,114.146371732045,65.95175694033641,24.8,18.9,28.13,34.0,34.3,9.2,15.399999999999999,48.0,65.67,82.0,0.0,1012.5,12.0,4.32
2022-03-05,5,132.5531303680961,73.88831332908501,26.1,22.6,29.77,35.4,36.6,9.299999999999997,14.0,47.0,69.0,83.0,0.0,1009.37,20.0,5.652
2022-03-06,9,114.49031959762787,73.78521479858536,25.0,22.2,28.3,31.2,32.9,6.199999999999999,10.7,71.0,76.0,86.0,9.7,1008.27,16.67,2.7720000000000002
2022-03-07,5,132.18417680877016,71.83586393504831,22.4,21.4,27.93,34.6,35.2,12.200000000000003,13.800000000000004,56.0,77.33,98.0,48.2,1007.97,14.0,3.3480000000000003
2022-03-08,4,91.65320376852576,71.43993664606802,22.0,21.3,25.13,28.0,28.5,6.0,7.199999999999999,68.0,78.67,91.0,4.6,1013.63,22.67,3.8520000000000003
2022-03-09,2,103.79056802561206,72.38952929053266,23.8,22.1,26.0,30.0,30.7,6.199999999999999,8.599999999999998,70.0,80.0,87.0,0.0,1013.77,12.33,7.5600000000000005
2022-03-10,11,102.27145569855895,73.49882368041966,23.8,22.6,26.37,29.8,30.0,6.0,7.399999999999999,67.0,84.67,95.0,8.0,1009.87,21.33,7.920000000000001
2022-03-11,3,69.66656031670733,67.79114985437872,21.0,19.8,21.93,22.8,22.8,1.8000000000000007,3.0,91.0,93.67,96.0,18.3,1011.23,15.33,4.788
2022-03-12,6,76.85403377609498,58.03074111093132,19.8,15.4,21.27,22.5,24.3,2.6999999999999993,8.9,66.0,77.33,88.0,0.8,1016.27,17.0,4.572
2022-03-13,6,68.0329060480392,63.9408953578417,18.8,18.4,19.67,20.2,20.9,1.3999999999999986,2.5,76.0,86.67,95.0,0.8999999999999999,1016.87,14.0,6.9479999999999995
2022-03-14,6,74.50553757830819,64.79839814673495,19.0,18.7,21.33,23.0,23.9,4.0,5.199999999999999,84.0,87.67,90.0,0.6,1013.83,16.67,6.372
2022-03-15,7,86.40558105120476,68.4182667810756,20.1,20.1,22.8,25.1,26.9,5.0,6.799999999999997,83.0,87.67,94.0,2.1,1014.43,10.67,4.932
2022-03-16,4,84.19153907124416,68.62990359976908,23.0,20.3,24.33,26.4,26.6,3.3999999999999986,6.300000000000001,71.0,81.67,91.0,0.2,1015.5,12.33,5.760000000000001
2022-03-17,1,96.20250145234839,63.13554387129239,20.3,17.5,24.37,30.3,30.5,10.0,13.0,50.0,67.67,81.0,0.0,1012.3,20.0,3.708
2022-03-18,4,117.97616390337161,68.13820212350876,24.1,19.9,27.3,32.6,33.8,8.5,13.899999999999999,59.0,73.33,81.0,0.0,1010.37,23.0,4.428
2022-03-19,3,88.30322033880563,62.814544393387244,18.0,17.8,22.53,27.6,27.8,9.600000000000001,10.0,67.0,77.67,92.0,3.2,1015.1,22.67,6.12
2022-03-20,5,74.78577889592074,60.391378388586475,19.6,16.7,20.47,21.8,21.8,2.1999999999999993,5.100000000000001,50.0,67.33,79.0,0.2,1022.23,14.0,5.867999999999999
2022-03-21,10,79.80840642839996,55.62422722622983,17.6,14.9,21.33,24.6,25.5,7.0,10.6,62.0,67.0,70.0,0.0,1023.03,10.67,7.5600000000000005
2022-03-22,6,93.49606367528696,61.94204304759345,20.1,17.6,24.33,29.5,30.2,9.399999999999999,12.599999999999998,53.0,64.33,77.0,0.0,1017.27,10.67,7.452
2022-03-23,8,85.96484905916803,68.08813993067383,20.8,19.9,23.47,26.6,27.2,5.800000000000001,7.300000000000001,62.0,78.0,93.0,3.0,1012.53,16.67,4.572
2022-03-24,4,83.81233500728068,68.40220314032902,21.2,20.2,23.0,25.8,26.4,4.600000000000001,6.199999999999999,75.0,85.33,92.0,29.9,1007.3,24.33,5.760000000000001
2022-03-25,13,80.10876196392005,62.937392113767935,18.6,17.8,22.17,24.8,25.6,6.199999999999999,7.800000000000001,50.0,69.33,90.0,0.0,1007.73,28.67,5.760000000000001
2022-03-26,7,74.71936929471954,59.46444300664611,18.2,16.5,20.27,21.6,22.0,3.400000000000002,5.5,64.0,68.33,76.0,0.0,1009.43,27.0,7.2
2022-03-27,7,85.06652071516798,61.21273807030899,20.0,17.1,22.33,26.6,27.2,6.600000000000001,10.099999999999998,56.0,73.0,85.0,0.0,1013.93,28.67,6.12
2022-03-28,8,93.31953852519992,62.105028609427265,21.5,16.8,24.27,29.1,29.5,7.600000000000001,12.7,52.0,71.0,84.0,0.0,1016.93,22.67,2.8800000000000003
2022-03-29,9,111.27629362905603,61.156702147432426,21.6,17.0,25.73,32.7,33.6,11.100000000000001,16.6,51.0,67.0,77.0,0.0,1013.27,15.33,5.652
2022-03-30,7,85.01726639703439,59.889879829566674,18.8,16.2,21.9,26.0,26.7,7.199999999999999,10.5,73.0,84.67,95.0,51.6,1009.43,27.33,4.428
2022-03-31,6,75.435117700468,48.507324974873754,14.7,11.4,17.47,21.2,21.8,6.5,10.4,43.0,63.67,82.0,0.2,1019.97,24.0,5.508
2022-04-01,3,73.27118108320002,46.14453488053663,13.1,10.6,16.3,21.6,22.0,8.500000000000002,11.4,54.0,75.0,95.0,3.2,1024.8,21.33,6.48
2022-04-02,6,82.91665368013831,55.65815250849123,17.2,14.8,21.07,25.7,26.6,8.5,11.8,59.0,71.33,78.0,0.0,1023.27,15.33,6.84
2022-04-03,5,66.86241977567909,63.2038093534805,18.6,17.8,19.47,20.2,21.0,1.5999999999999979,3.1999999999999993,81.0,89.67,96.0,8.5,1017.93,12.0,5.04
2022-04-04,8,70.79422485194829,65.40053192254773,19.4,18.1,20.37,21.9,23.3,2.5,5.199999999999999,91.0,95.67,98.0,40.4,1014.97,21.0,2.16
2022-04-05,9,78.4971430462143,64.55462023065999,20.5,18.2,21.4,23.1,25.0,2.6000000000000014,6.800000000000001,75.0,82.33,93.0,0.2,1017.2,14.0,3.9600000000000004
2022-04-06,5,86.51583799000015,59.42387860472534,18.7,16.1,22.4,27.5,27.5,8.8,11.399999999999999,58.0,75.0,86.0,0.0,1016.67,19.67,4.932
2022-04-07,10,76.24874761826013,62.680724555793034,18.6,17.1,20.93,24.3,24.4,5.699999999999999,7.299999999999997,77.0,86.67,96.0,0.0,1015.0,7.67,2.988
2022-04-08,5,71.31569129572458,67.64114442757416,20.0,19.7,21.47,22.6,23.2,2.6000000000000014,3.5,89.0,92.33,97.0,4.4,1013.47,14.0,4.572
2022-04-09,5,75.95968938943439,66.3689244134557,20.0,19.0,21.4,23.7,24.3,3.6999999999999993,5.300000000000001,79.0,86.33,91.0,0.2,1014.63,12.33,3.8520000000000003
2022-04-10,8,94.66388812431255,65.89749808648851,21.3,19.1,23.83,27.7,29.0,6.399999999999999,9.899999999999999,68.0,80.33,87.0,0.0,1013.83,14.0,5.760000000000001
2022-04-11,3,81.48919714599148,69.43905986245055,21.3,20.6,22.8,24.4,25.9,3.099999999999998,5.299999999999997,70.0,80.67,86.0,0.7,1010.07,18.0,5.292
2022-04-12,10,81.54604967439455,68.56482737178942,21.4,19.9,23.2,25.8,25.9,4.400000000000002,6.0,72.0,81.67,87.0,0.0,1008.47,27.33,3.3480000000000003
2022-04-13,7,77.04299503187205,67.85607594319751,21.6,19.9,22.4,24.0,24.4,2.3999999999999986,4.5,60.0,78.0,88.0,0.2,1012.13,14.0,5.292
2022-04-14,3,75.99767952172371,57.75572518218342,18.6,15.8,20.13,21.8,22.7,3.1999999999999993,6.899999999999999,45.0,63.33,81.0,0.4,1017.4,18.33,7.452
2022-04-15,7,73.60910607764797,52.894987928499795,14.1,13.0,16.67,19.5,21.1,5.4,8.100000000000001,62.0,71.0,84.0,0.4,1019.7,16.67,4.212
2022-04-16,11,73.44373871259165,54.68480316525215,15.5,13.2,17.7,21.8,22.6,6.300000000000001,9.400000000000002,65.0,77.67,85.0,0.0,1021.0,24.0,2.52
2022-04-17,9,76.12006605366399,54.78028371865502,17.4,14.0,19.57,22.8,23.8,5.400000000000002,9.8,62.0,74.0,80.0,0.0,1020.87,19.67,4.788
2022-04-18,5,82.13874112987328,60.135412847612756,18.6,16.2,21.1,25.7,26.3,7.099999999999998,10.100000000000001,51.0,72.33,85.0,0.0,1019.97,12.33,3.9600000000000004
2022-04-19,7,87.19961395919988,55.490219373744075,19.5,14.4,22.07,26.8,28.0,7.300000000000001,13.6,56.0,70.0,83.0,0.0,1018.53,17.0,5.148
2022-04-20,3,87.25905388208417,55.56546357006423,17.2,14.1,21.33,27.0,27.6,9.8,13.500000000000002,51.0,76.67,96.0,0.1,1018.0,18.33,3.8520000000000003
2022-04-21,7,89.23148897679985,55.81853099453939,17.7,14.6,21.57,27.8,28.0,10.100000000000001,13.4,51.0,78.0,95.0,0.1,1013.47,19.67,5.4
2022-04-22,6,90.27876011832377,60.222391392948,18.6,16.3,22.4,27.9,28.5,9.299999999999997,12.2,53.0,74.33,96.0,0.0,1007.77,22.67,4.212
2022-04-23,9,76.14790804910388,59.47307930047943,17.7,16.7,20.67,22.4,23.3,4.699999999999999,6.600000000000001,50.0,67.0,86.0,0.6,1006.5,28.67,8.748000000000001
2022-04-24,7,83.75229384323201,48.289663410229174,16.6,10.8,20.13,27.0,27.2,10.399999999999999,16.4,44.0,65.0,77.0,0.0,1014.97,25.67,3.8520000000000003
2022-04-25,7,87.11928424120002,61.1105615098508,19.0,16.7,22.53,28.1,28.5,9.100000000000001,11.8,50.0,63.0,78.0,0.0,1012.1,9.33,4.212
2022-04-26,5,84.86703182064988,65.19806805402348,20.1,19.0,22.17,25.8,26.5,5.699999999999999,7.5,78.0,90.33,97.0,21.200000000000003,1012.27,18.0,7.452
2022-04-27,7,118.66658395686413,70.2143052081046,21.8,20.8,27.27,33.5,34.0,11.7,13.2,51.0,72.67,92.0,0.0,1008.07,14.0,4.212
2022-04-28,8,69.52582815174826,59.390211243159186,17.7,16.4,20.33,22.3,22.5,4.600000000000001,6.100000000000001,88.0,91.33,96.0,26.7,1012.73,7.67,6.732
2022-04-29,7,71.3027606634241,53.94852251134664,15.3,13.4,17.9,20.8,21.2,5.5,7.799999999999999,56.0,79.0,96.0,1.1,1022.67,19.67,3.9600000000000004
2022-04-30,6,72.32252853048692,47.74304036676271,13.6,11.1,16.5,20.5,21.4,6.9,10.299999999999999,67.0,76.33,88.0,0.0,1020.73,16.67,5.652
2022-05-01,2,70.5463792313276,58.8181387262934,17.1,15.8,18.57,21.1,22.0,4.0,6.199999999999999,78.0,84.67,96.0,13.5,1014.93,12.33,4.788
2022-05-02,5,65.21506274348314,53.2538827742582,15.5,13.6,16.43,18.2,18.2,2.6999999999999993,4.6,85.0,88.33,93.0,6.6,1017.03,12.33,6.012
2022-05-03,6,61.770757581599966,54.92668451655021,14.2,14.1,16.63,18.9,19.0,4.699999999999999,4.9,89.0,94.0,97.0,13.9,1014.47,20.0,4.932
2022-05-04,5,63.771575816287054,61.079700906637626,17.8,17.3,18.8,19.6,20.0,1.8000000000000007,2.6999999999999993,91.0,92.67,95.0,33.0,1014.17,14.0,8.028
2022-05-05,8,74.01434236408011,56.27584274300275,17.2,14.7,19.17,22.1,23.3,4.900000000000002,8.600000000000001,57.0,81.33,95.0,1.7,1019.47,15.33,4.932
2022-05-06,5,75.20427622985434,54.5408931062262,16.2,13.7,18.33,22.5,23.5,6.300000000000001,9.8,56.0,76.67,89.0,0.0,1022.63,19.67,4.068
2022-05-07,6,74.04092836065608,50.47254636311003,14.2,11.7,17.73,23.1,23.1,8.900000000000002,11.400000000000002,58.0,79.0,96.0,0.0,1023.93,8.0,3.6
2022-05-08,5,76.18199948043909,49.92766128616296,13.7,11.2,17.77,23.7,24.2,10.0,13.0,57.0,81.67,97.0,0.0,1022.07,12.33,2.988
2022-05-09,9,82.19873971755102,51.87396532547058,15.2,12.3,19.33,25.6,26.1,10.400000000000002,13.8,53.0,80.67,98.0,0.1,1020.33,15.0,3.492
2022-05-10,11,69.02563908364787,55.374558487097424,16.4,13.9,17.93,18.9,21.8,2.5,7.9,84.0,88.0,94.0,0.6,1016.53,16.67,3.492
2022-05-11,4,65.25542409673609,58.74929949149907,16.6,15.8,17.67,19.1,19.4,2.5,3.599999999999998,76.0,89.0,96.0,12.5,1014.9,22.67,4.932
2022-05-12,7,70.49966589698258,52.37736856305356,14.8,12.9,17.2,21.0,21.3,6.199999999999999,8.4,57.0,81.67,95.0,0.1,1017.67,21.0,4.680000000000001
2022-05-13,6,72.57318550894857,47.11766429454954,12.4,9.9,16.13,21.7,22.5,9.299999999999999,12.6,55.0,80.67,97.0,0.0,1019.4,7.67,2.988
2022-05-14,7,68.57948667828933,52.144607366256494,15.3,12.5,16.83,19.5,21.5,4.199999999999999,9.0,83.0,87.67,91.0,0.0,1016.93,16.67,3.708
2022-05-15,5,64.54455074472946,57.16588343408253,16.8,14.6,17.27,17.9,17.9,1.0999999999999979,3.299999999999999,85.0,89.33,96.0,16.700000000000003,1013.87,18.0,3.132
2022-05-16,7,75.86731749677782,42.717688851926646,10.6,9.7,13.03,14.8,15.0,4.200000000000001,5.300000000000001,63.0,77.67,90.0,1.4,1017.03,25.67,9.360000000000001
2022-05-17,5,83.81107787452801,40.58414772356895,11.4,9.2,12.3,13.2,13.6,1.799999999999999,4.4,61.0,69.67,76.0,0.2,1013.4,27.0,11.879999999999999
2022-05-18,10,67.86919002310006,42.24357480271427,9.5,9.5,13.47,18.0,18.5,8.5,9.0,65.0,84.0,94.0,24.8,1010.3,22.67,9.360000000000001
2022-05-19,10,69.72561113645875,47.425336200163464,11.8,11.1,14.63,18.2,18.4,6.399999999999999,7.299999999999999,69.0,80.67,91.0,0.3,1018.47,27.33,6.228
2022-05-20,10,66.89563104868955,46.0785782273139,10.8,10.3,13.63,16.9,17.2,6.099999999999998,6.899999999999999,71.0,86.33,96.0,0.0,1021.3,27.0,5.4
2022-05-21,10,68.98234078916784,42.45987071287723,9.9,7.3,13.73,20.3,20.3,10.4,13.0,58.0,83.0,97.0,0.2,1022.37,12.33,2.2680000000000002
2022-05-22,9,70.38357496580393,47.76612513876803,11.7,10.2,15.1,20.9,21.3,9.2,11.100000000000001,56.0,82.0,97.0,0.0,1022.13,21.33,2.988
2022-05-23,11,76.7350708437114,47.781212518480345,12.2,10.1,16.6,23.5,24.4,11.3,14.299999999999999,56.0,81.67,98.0,0.2,1019.77,16.67,2.7720000000000002
2022-05-24,10,85.19801816080006,49.6860945994538,14.0,11.3,18.87,26.2,27.0,12.2,15.7,56.0,78.0,95.0,0.0,1018.2,21.0,3.492
2022-05-25,6,89.95418600053243,53.60167327672607,16.3,13.7,21.4,28.7,28.7,12.399999999999999,15.0,42.0,70.67,88.0,0.0,1017.47,18.33,5.760000000000001
2022-05-26,6,68.17874838759992,60.29810005829213,17.0,16.3,19.0,20.4,20.9,3.3999999999999986,4.599999999999998,76.0,86.33,98.0,1.6,1019.77,21.33,4.068
2022-05-27,8,59.82115142252832,58.254238862481145,16.5,15.5,17.1,18.1,18.4,1.6000000000000014,2.8999999999999986,95.0,96.0,97.0,15.0,1017.87,27.33,4.572
2022-05-28,12,64.09083637391926,59.75456063178745,16.8,16.0,17.9,19.3,19.8,2.5,3.8000000000000007,87.0,91.67,94.0,0.2,1014.43,20.0,3.8520000000000003
2022-05-29,6,60.8241954441843,55.28827039555992,16.2,14.2,17.37,18.1,18.4,1.9000000000000021,4.199999999999999,92.0,94.67,96.0,12.399999999999999,1009.2,25.67,4.680000000000001
2022-05-30,6,73.16363505597133,45.789626993277324,11.9,9.8,14.23,16.4,17.0,4.499999999999998,7.199999999999999,66.0,76.33,87.0,0.4,1014.73,19.67,4.212
2022-05-31,7,81.94860162499208,35.470664383894444,7.2,5.2,10.3,13.7,14.2,6.499999999999999,9.0,54.0,70.0,82.0,0.0,1020.47,24.0,4.32
2022-06-01,14,81.05848001300328,34.0289921491141,7.8,4.0,9.47,11.9,12.2,4.1000000000000005,8.2,78.0,81.67,86.0,0.0,1020.0,16.67,3.24
2022-06-02,7,75.81543250873614,44.90997147776116,10.1,9.6,11.53,13.3,13.9,3.200000000000001,4.300000000000001,69.0,81.67,91.0,0.0,1020.77,22.67,4.788
2022-06-03,4,75.02958850573616,40.09524047540672,7.9,6.1,11.47,15.2,15.5,7.299999999999999,9.4,68.0,77.33,83.0,0.0,1024.6,16.67,2.16
2022-06-04,4,69.1487680228002,45.77298885270925,11.3,9.7,14.4,20.4,20.5,9.099999999999998,10.8,61.0,83.0,95.0,0.0,1022.9,10.67,3.9600000000000004
2022-06-05,11,64.805350706704,55.698750222971206,14.9,14.0,15.77,17.2,17.7,2.299999999999999,3.6999999999999993,85.0,89.0,93.0,4.7,1017.9,18.33,3.3480000000000003
2022-06-06,9,61.318382255660865,58.46753494520672,16.7,15.2,17.9,19.3,19.4,2.6000000000000014,4.199999999999999,92.0,95.33,97.0,25.8,1013.17,21.33,3.132
2022-06-07,9,63.863794587024955,54.513782909493564,14.3,14.0,16.2,18.8,19.6,4.5,5.600000000000001,81.0,91.67,98.0,0.7,1015.13,17.0,5.292
2022-06-08,7,68.89127881455002,53.3606756428415,13.9,13.1,16.47,20.5,21.6,6.6,8.500000000000002,74.0,87.33,95.0,0.0,1016.6,24.33,3.8520000000000003
2022-06-09,8,71.328267559504,52.53700877025105,13.9,12.0,17.13,22.3,22.7,8.4,10.7,70.0,87.0,96.0,0.2,1017.2,20.0,2.16
2022-06-10,13,67.63240236668784,46.305088756784265,15.5,10.4,15.8,16.2,16.6,0.6999999999999993,6.200000000000001,69.0,86.0,96.0,0.4,1018.13,18.33,5.4
2022-06-11,10,88.07020610723185,32.273715370604656,5.9,4.9,9.87,12.7,13.2,6.799999999999999,8.299999999999999,47.0,60.0,72.0,0.0,1022.07,27.0,7.668
2022-06-12,5,82.32111400003527,33.50082182664643,7.2,5.6,10.5,15.3,15.4,8.100000000000001,9.8,48.0,59.67,71.0,0.0,1021.43,27.0,8.388
2022-06-13,12,76.35100180119991,46.43586996016632,10.7,10.0,12.57,15.2,15.5,4.5,5.5,70.0,75.0,79.0,0.0,1024.9,28.67,3.9600000000000004
2022-06-14,8,69.5535098783206,47.87931170781479,10.7,10.2,14.73,21.0,21.4,10.3,11.2,62.0,84.67,98.0,0.0,1022.17,14.0,2.8800000000000003
2022-06-15,12,72.22969080391327,41.659961956433634,10.8,8.2,15.3,21.4,22.4,10.599999999999998,14.2,55.0,81.33,96.0,0.1,1019.47,23.0,4.932
2022-06-16,14,77.14933932070028,42.36218609224056,10.0,8.2,16.03,24.1,24.5,14.100000000000001,16.3,57.0,80.0,94.0,0.0,1015.83,18.33,4.068
2022-06-17,10,64.17805044356787,56.03091970490246,15.5,14.2,17.0,18.6,19.0,3.1000000000000014,4.800000000000001,80.0,90.33,98.0,36.599999999999994,1007.03,9.0,3.492
2022-06-18,7,76.96374047550407,37.78288468981007,8.3,7.4,12.03,14.4,14.7,6.1,7.299999999999999,52.0,77.0,96.0,1.7,1017.73,27.0,8.28
2022-06-19,13,72.19696469828222,37.0290755342392,5.1,3.4,10.47,18.5,19.4,13.4,15.999999999999998,47.0,74.67,96.0,0.0,1021.57,16.67,1.08
2022-06-20,12,71.8861416633483,38.969939018610035,8.3,6.0,15.27,28.1,22.5,19.8,16.5,66.0,83.33,95.0,0.2,1019.27,16.67,2.7720000000000002
2022-06-21,11,72.2696489541928,46.55556489804083,12.2,10.3,13.67,16.1,16.7,3.900000000000002,6.399999999999999,60.0,78.67,94.0,0.6,1014.57,23.0,4.680000000000001
2022-06-22,10,61.39095920075188,55.00703355128704,14.0,13.4,14.83,15.3,15.3,1.3000000000000007,1.9000000000000004,92.0,95.0,97.0,9.0,1012.4,15.0,2.628
2022-06-23,7,61.30728675001731,55.85433481932481,14.4,13.9,14.77,15.1,15.1,0.6999999999999993,1.1999999999999993,92.0,95.33,98.0,6.2,1014.93,19.67,2.8800000000000003
2022-06-24,10,58.861088717208844,55.04454291031943,14.3,13.7,15.07,16.0,16.5,1.6999999999999993,2.8000000000000007,96.0,96.67,97.0,1.8,1018.6,14.0,3.3480000000000003
2022-06-25,8,69.40470357797801,48.72053888801892,12.0,10.8,13.73,14.8,15.0,2.8000000000000007,4.199999999999999,76.0,86.67,96.0,3.0,1025.0,16.67,3.3480000000000003
2022-06-26,7,74.09329344161186,41.80975998579339,8.8,7.7,11.47,14.2,14.6,5.399999999999999,6.8999999999999995,71.0,81.67,89.0,0.0,1025.87,22.67,3.492
2022-06-27,9,64.89830421188708,47.53955105418751,10.8,9.7,13.47,18.7,20.0,7.899999999999999,10.3,79.0,90.67,97.0,0.0,1019.97,16.67,2.2680000000000002
2022-06-28,6,73.62371409430033,53.326915170365425,14.7,13.5,17.97,22.9,23.5,8.2,10.0,70.0,86.0,98.0,0.0,1014.3,24.33,5.4
2022-06-29,10,69.40634591829071,43.383969023442575,10.6,9.9,14.67,17.9,17.9,7.299999999999999,7.999999999999998,63.0,81.67,94.0,10.600000000000001,1015.1,19.67,8.892000000000001
2022-06-30,13,68.03395810638045,39.840676332378294,8.4,6.8,12.07,17.5,17.5,9.1,10.7,66.0,84.33,97.0,0.0,1018.6,19.67,3.492
2022-07-01,6,69.91903840911368,41.17148987578957,10.3,8.1,14.03,20.6,20.6,10.3,12.500000000000002,58.0,81.33,93.0,0.2,1017.23,12.33,5.292
2022-07-02,10,83.17709793257362,51.340690223919886,14.4,12.3,18.67,24.7,26.5,10.299999999999999,14.2,62.0,76.33,85.0,0.0,1011.63,22.67,4.212
2022-07-03,13,64.76846148844801,49.764831151734505,12.9,11.9,14.23,15.1,15.6,2.1999999999999993,3.6999999999999993,89.0,91.0,93.0,1.0,1019.93,17.33,5.292
2022-07-04,9,67.98784420239991,56.40784802344697,15.2,14.7,17.13,20.8,22.0,5.600000000000001,7.300000000000001,86.0,92.0,99.0,4.0,1017.3,11.0,4.680000000000001
2022-07-05,11,67.60378972320021,56.57488594427208,16.5,14.8,18.57,21.0,21.0,4.5,6.199999999999999,73.0,88.0,96.0,0.0,1014.67,14.0,4.788
2022-07-06,10,82.1990539408001,56.10134450806943,15.3,14.3,18.7,25.4,26.0,10.099999999999998,11.7,66.0,86.0,96.0,0.0,1014.4,15.33,3.708
2022-07-07,11,73.05762766104844,59.02561303464821,17.8,15.6,20.0,22.1,22.5,4.300000000000001,6.9,65.0,78.67,96.0,0.0,1013.03,30.33,3.6
2022-07-08,16,68.72423726701173,53.2538827742582,13.8,13.6,14.87,15.8,15.9,2.0,2.3000000000000007,79.0,85.67,93.0,5.0,1023.0,15.33,6.012
2022-07-09,9,79.48456347688695,52.460849709686066,14.6,13.6,18.07,24.5,25.3,9.9,11.700000000000001,69.0,80.33,90.0,0.0,1019.77,10.67,7.920000000000001
2022-07-10,13,78.9016233750311,56.98061942847228,17.1,14.7,20.27,24.8,25.1,7.699999999999999,10.400000000000002,68.0,78.33,87.0,0.0,1013.9,13.67,3.708
2022-07-11,11,96.09304504108273,61.62704543754364,19.9,17.1,23.5,30.3,30.3,10.400000000000002,13.2,46.0,69.33,85.0,0.0,1005.77,20.0,5.04
2022-07-12,10,82.53375638810498,45.57398687305779,11.7,11.0,17.13,26.4,26.4,14.7,15.399999999999999,55.0,73.33,96.0,24.0,1012.03,27.33,9.972
2022-07-13,8,73.29213746679704,38.51192609471104,8.9,6.8,12.3,16.8,17.6,7.9,10.8,61.0,74.67,88.0,0.0,1022.17,15.0,4.932
2022-07-14,6,61.15358774198391,48.64547365168994,12.0,11.0,13.73,16.2,16.8,4.199999999999999,5.800000000000001,88.0,94.0,98.0,16.6,1017.13,18.33,3.9600000000000004
2022-07-15,5,60.457565133471974,58.69876959366089,16.5,15.8,17.2,17.8,18.2,1.3000000000000007,2.3999999999999986,94.0,95.0,96.0,38.6,1009.7,19.67,5.04
2022-07-16,12,65.48968383880008,61.15717530038592,17.6,16.6,19.07,21.5,21.5,3.8999999999999986,4.899999999999999,93.0,95.0,96.0,19.2,1003.67,16.67,3.708
2022-07-17,7,73.1134143713023,39.66698058295871,10.9,8.6,13.6,16.6,16.9,5.700000000000001,8.299999999999999,66.0,76.67,88.0,6.3999999999999995,1017.6,28.67,10.44
2022-07-18,10,66.70869131081207,37.72672000400756,7.2,5.7,11.2,17.8,18.7,10.600000000000001,13.0,67.0,86.0,96.0,0.0,1024.13,15.33,3.24
2022-07-19,10,67.44086654915179,48.060142942932586,11.4,10.6,13.47,16.0,16.8,4.6,6.200000000000001,71.0,86.0,94.0,0.0,1025.4,12.33,3.6
2022-07-20,4,76.88227894058484,50.560010794520096,12.7,11.6,16.73,24.5,24.5,11.8,12.9,62.0,83.33,98.0,0.0,1021.0,16.67,3.24
2022-07-21,12,84.99418920388683,56.6317635490244,17.5,14.8,20.5,26.3,26.8,8.8,12.0,65.0,81.67,91.0,0.0,1014.37,13.67,4.680000000000001
2022-07-22,6,85.61065312515004,59.19094487520252,16.9,15.8,20.23,24.2,26.8,7.300000000000001,11.0,74.0,85.67,96.0,0.0,1014.57,15.33,4.068
2022-07-23,7,77.59484613510438,63.01086664349071,17.8,17.6,20.73,24.0,24.8,6.199999999999999,7.199999999999999,75.0,87.0,96.0,14.799999999999999,1015.43,16.67,4.428
2022-07-24,7,91.62247350313673,60.383121281212546,17.7,15.6,21.4,27.3,28.1,9.600000000000001,12.500000000000002,66.0,84.67,94.0,0.0,1015.87,18.0,1.9080000000000001
2022-07-25,12,69.02386286103493,61.36854693261991,17.9,16.6,21.0,23.9,21.3,6.0,4.699999999999999,72.0,85.67,96.0,0.0,1018.23,23.0,3.3480000000000003
2022-07-26,15,81.34231542115215,60.34146944565407,16.5,16.2,20.0,25.5,25.8,9.0,9.600000000000001,67.0,85.0,96.0,0.1,1019.9,10.67,3.6
2022-07-27,5,82.48238770438995,58.21753420386146,15.7,14.9,19.93,26.1,26.1,10.400000000000002,11.200000000000001,59.0,84.33,98.0,0.0,1016.93,15.33,2.628
2022-07-28,6,75.56344517194262,60.565627343055326,17.8,16.2,18.87,19.9,24.4,2.099999999999998,8.2,90.0,92.67,97.0,1.0,1009.2,13.67,3.24
2022-07-29,9,69.92057034705161,43.08926661646185,11.2,10.1,14.23,16.8,16.8,5.600000000000001,6.700000000000001,71.0,82.33,96.0,23.700000000000003,1012.9,28.67,10.908
2022-07-30,5,70.04065968685974,44.54032516784412,9.6,9.4,12.93,16.6,18.1,7.000000000000002,8.700000000000001,62.0,80.33,98.0,0.0,1019.53,28.67,4.680000000000001
2022-07-31,10,71.89007752708999,42.7967172989091,10.1,8.2,13.9,21.0,22.2,10.9,14.0,59.0,81.33,98.0,0.0,1018.87,19.67,3.6
2022-08-01,5,68.99907847879894,45.867048924589476,12.9,9.6,15.77,20.0,21.0,7.1,11.4,69.0,84.67,96.0,0.1,1017.07,14.0,3.6
2022-08-02,14,65.478037915968,51.55378895041889,12.9,12.6,14.27,16.9,17.8,3.9999999999999982,5.200000000000001,78.0,88.0,93.0,0.0,1018.17,10.67,4.932
2022-08-03,7,80.9089577223012,54.10884595758902,14.4,13.9,15.27,15.9,25.7,1.5,11.799999999999999,59.0,83.67,96.0,1.4,1015.97,10.67,5.652
2022-08-04,13,79.13143781263305,59.94453431972375,16.7,16.2,19.8,23.9,25.2,7.199999999999999,9.0,67.0,83.33,95.0,9.2,1008.2,21.0,4.32
2022-08-05,12,70.57138486819568,49.73076546624529,14.4,12.0,16.17,17.9,18.1,3.4999999999999982,6.100000000000001,62.0,79.33,89.0,10.0,1014.17,21.33,5.760000000000001
2022-08-06,10,72.29593447690273,38.37722022532165,9.7,6.9,12.27,14.9,16.4,5.200000000000001,9.499999999999998,64.0,79.33,88.0,0.0,1020.3,14.0,5.4
2022-08-07,7,67.34881283176406,49.934515222080805,12.6,12.3,14.07,16.0,17.2,3.4000000000000004,4.899999999999999,83.0,85.67,91.0,0.0,1018.13,12.33,6.732
2022-08-08,7,69.03742775401606,52.2816861445086,14.4,13.7,15.0,15.8,16.6,1.4000000000000004,2.900000000000002,71.0,84.0,94.0,1.2,1020.23,14.0,9.107999999999999
2022-08-09,7,63.22209545422457,48.368920840596296,13.0,12.1,13.63,14.0,14.3,1.0,2.200000000000001,93.0,94.67,96.0,15.7,1023.43,14.0,9.468
2022-08-10,9,68.97565526004959,47.47442761163816,12.4,11.4,14.47,17.5,18.0,5.1,6.6,66.0,82.33,95.0,11.0,1023.4,15.33,7.5600000000000005
2022-08-11,10,68.62020116808705,47.676530971070655,12.2,10.6,14.67,19.1,20.0,6.900000000000002,9.4,59.0,83.33,98.0,0.6000000000000001,1024.87,15.33,4.068
2022-08-12,9,75.46787611135969,48.18787022444357,13.8,10.7,17.33,23.3,23.7,9.5,13.0,55.0,77.67,93.0,0.0,1022.87,9.33,3.708
2022-08-13,8,70.965781226272,52.10515170342907,15.7,12.6,18.47,21.1,21.2,5.400000000000002,8.6,70.0,80.0,91.0,0.0,1020.13,15.33,4.068
2022-08-14,6,83.51358720370762,49.6860945994538,15.0,11.3,19.97,26.1,26.7,11.100000000000001,15.399999999999999,65.0,73.67,90.0,0.0,1017.1,9.33,3.492
2022-08-15,7,66.66773223030403,62.40030614445475,18.4,17.2,19.03,19.4,19.8,1.0,2.6000000000000014,84.0,87.0,90.0,10.8,1007.53,9.33,3.8520000000000003
2022-08-16,4,65.8462230540788,52.55693482623606,13.8,13.1,15.83,17.4,17.4,3.599999999999998,4.299999999999999,80.0,87.67,98.0,24.1,1009.47,12.33,5.148
2022-08-17,11,80.4812233758508,51.224582974599926,12.9,11.8,17.17,24.8,25.6,11.9,13.8,62.0,81.33,93.0,0.0,1010.33,11.0,2.988
2022-08-18,4,68.966634163884,45.112346948096175,10.7,10.0,14.13,19.2,19.3,8.5,9.3,64.0,82.0,92.0,6.7,1012.53,20.0,5.867999999999999
2022-08-19,6,82.52828815650366,34.363370570021814,8.1,5.4,10.97,14.4,14.8,6.300000000000001,9.4,53.0,64.33,72.0,0.0,1029.03,25.67,6.228
2022-08-20,7,75.09525302412132,33.0620825542879,9.5,4.0,12.27,17.7,18.0,8.2,14.0,56.0,69.33,81.0,0.0,1031.53,7.67,4.068
2022-08-21,6,71.12042046960009,37.69768863691056,10.9,6.6,14.33,20.9,21.0,9.999999999999998,14.4,57.0,79.0,92.0,0.0,1027.57,16.67,5.4
2022-08-22,5,69.33312445888735,43.45883959170368,12.7,9.0,14.87,18.9,19.5,6.199999999999999,10.5,70.0,81.33,88.0,0.0,1025.63,13.67,4.932
2022-08-23,6,77.92694498571362,50.300562097383754,13.5,12.1,17.1,24.3,24.7,10.8,12.6,50.0,75.67,90.0,0.0,1023.77,8.0,5.148
2022-08-24,9,84.5154936305878,50.998817035063865,15.1,11.9,19.33,26.3,26.9,11.200000000000001,14.999999999999998,50.0,76.0,90.0,0.0,1020.8,15.33,3.492
2022-08-25,7,95.06737435441617,56.37757690859768,19.0,14.1,22.8,29.8,30.1,10.8,16.0,47.0,69.0,81.0,0.0,1019.33,10.67,2.7720000000000002
2022-08-26,13,89.38398564241612,58.77524168173667,20.6,15.7,23.17,27.8,28.1,7.199999999999999,12.400000000000002,70.0,77.0,84.0,0.0,1018.6,18.33,4.428
2022-08-27,10,99.76921677178797,64.38852841778815,20.2,18.4,24.27,32.0,32.2,11.8,13.800000000000004,34.0,60.33,76.0,0.0,1012.43,27.33,5.508
2022-08-28,8,74.95481179864844,45.55260730987376,11.4,10.4,15.33,22.0,22.5,10.6,12.1,61.0,69.33,74.0,12.5,1022.07,17.0,6.732
2022-08-29,6,80.90468558892131,40.38925587029159,9.5,8.0,11.6,14.7,15.3,5.199999999999999,7.300000000000001,61.0,65.67,73.0,0.0,1032.77,21.33,6.12
2022-08-30,6,70.23901419010512,37.8903415753629,9.3,6.8,13.5,19.9,20.5,10.599999999999998,13.7,59.0,80.33,92.0,0.0,1030.17,9.33,5.760000000000001
2022-08-31,10,76.2933299030023,44.42821121195483,13.9,9.7,17.2,23.2,23.6,9.299999999999999,13.900000000000002,48.0,69.33,88.0,0.0,1023.03,16.67,5.867999999999999
2022-09-01,11,91.15159412033228,49.87023250716793,15.8,11.0,18.8,23.8,28.3,8.0,17.3,75.0,80.0,88.0,0.0,1014.9,17.33,2.628
2022-09-02,10,68.68728185773695,56.98061942847228,16.0,14.7,17.93,19.7,20.1,3.6999999999999993,5.400000000000002,71.0,83.33,90.0,11.799999999999999,1013.1,12.33,3.708
2022-09-03,8,78.3906607640921,40.85381215254415,10.7,8.5,13.7,15.7,16.1,5.0,7.600000000000001,51.0,68.0,85.0,0.0,1024.03,19.67,7.308
2022-09-04,12,70.56047881905562,39.33613416392781,9.5,6.3,12.37,18.0,19.0,8.5,12.7,64.0,78.67,86.0,0.0,1027.3,18.33,2.988
2022-09-05,8,73.7444993966081,41.691668267389396,12.5,8.5,16.0,21.8,22.4,9.3,13.899999999999999,54.0,75.0,87.0,0.0,1025.4,12.33,5.867999999999999
2022-09-06,7,72.23381283840007,55.94149391951454,15.7,14.6,18.0,22.0,22.0,6.300000000000001,7.4,71.0,79.0,83.0,0.2,1023.3,10.67,5.148
2022-09-07,6,82.30165409155336,59.49955486634503,17.5,16.0,20.4,25.5,26.2,8.0,10.2,57.0,77.67,88.0,0.2,1015.27,25.67,4.32
2022-09-08,9,89.57838913510012,54.28062312408904,19.4,13.4,22.33,27.7,28.5,8.3,15.1,55.0,72.0,85.0,0.0,1010.4,14.0,3.492
2022-09-09,11,91.87018788299369,52.647383581954344,20.4,13.2,23.2,28.2,28.5,7.800000000000001,15.3,68.0,79.33,95.0,10.399999999999999,1006.17,16.67,5.4
2022-09-10,10,76.6311638865761,40.67124888552932,11.4,8.9,13.83,16.7,16.9,5.299999999999999,7.999999999999998,53.0,69.0,91.0,9.4,1019.0,24.0,9.72
2022-09-11,6,72.97396147849449,39.18650520793732,12.2,7.1,14.43,18.5,18.5,6.300000000000001,11.4,58.0,73.67,88.0,0.0,1022.13,15.33,4.932
2022-09-12,7,72.1340102559374,47.515690167090355,12.6,11.0,16.1,20.5,21.3,7.9,10.3,72.0,76.67,81.0,0.0,1015.1,10.67,5.652
2022-09-13,13,74.8128610981657,55.49200120217233,16.5,14.6,18.8,22.5,23.2,6.0,8.6,55.0,75.67,88.0,0.0,1013.7,21.0,6.12
2022-09-14,6,70.61924389763197,56.003583337659634,16.1,14.4,17.63,20.6,21.2,4.5,6.799999999999999,66.0,81.0,89.0,0.2,1019.27,24.0,4.212
2022-09-15,7,70.05291289292302,55.90415599516772,16.2,14.8,17.83,20.0,20.2,3.8000000000000007,5.399999999999999,67.0,80.33,89.0,3.6,1023.03,15.33,6.228
2022-09-16,7,74.75773080068811,51.40731026496241,16.2,13.4,18.57,21.6,23.1,5.400000000000002,9.700000000000001,61.0,75.0,85.0,0.2,1024.83,9.0,9.612
2022-09-17,10,76.99035702696332,50.0807755995051,15.8,12.6,19.2,23.2,24.0,7.399999999999999,11.4,56.0,68.33,80.0,0.0,1024.27,10.67,8.028
2022-09-18,7,78.3152336123681,48.516311861830644,16.2,11.8,19.4,24.3,24.7,8.100000000000001,12.899999999999999,49.0,63.0,79.0,0.0,1018.17,12.33,7.308
2022-09-19,7,67.70280805710371,58.58431298757273,17.2,15.8,17.57,17.8,19.0,0.6000000000000014,3.1999999999999993,75.0,84.33,90.0,0.4,1013.37,22.67,5.292
2022-09-20,2,74.05820172759627,56.090910362551625,16.4,14.4,18.83,22.7,23.5,6.300000000000001,9.1,67.0,83.67,96.0,21.1,1014.4,22.67,4.068
2022-09-21,6,67.81796907534019,54.45997013843101,16.0,14.4,16.87,18.3,19.4,2.3000000000000007,4.999999999999998,80.0,84.33,87.0,0.0,1013.73,15.33,7.5600000000000005
2022-09-22,10,70.36831394470008,46.54302194139911,15.9,11.0,17.4,19.5,20.5,3.5999999999999996,9.5,55.0,80.0,94.0,1.9,1010.63,21.33,7.5600000000000005
2022-09-23,10,74.26850426060821,39.17073303918021,11.4,8.6,14.3,19.2,20.2,7.799999999999999,11.6,50.0,68.0,88.0,6.6000000000000005,1017.7,27.0,11.772
2022-09-24,9,74.67225485786469,41.32076702652702,13.5,8.0,15.77,20.2,21.2,6.699999999999999,13.2,47.0,66.67,77.0,0.0,1021.57,19.67,4.788
2022-09-25,3,76.33808617417118,50.698592962503504,13.6,12.4,17.4,21.5,24.0,7.9,11.6,65.0,75.67,86.0,0.0,1018.0,14.0,5.652
2022-09-26,7,78.96648359646173,58.870918804798514,17.6,15.8,20.73,24.5,25.1,6.899999999999999,9.3,61.0,73.33,86.0,0.0,1014.57,22.67,4.680000000000001
2022-09-27,2,82.60505816709241,56.68975460163232,20.0,14.8,21.6,24.7,26.7,4.699999999999999,11.899999999999999,39.0,66.33,81.0,0.0,1016.87,21.33,4.572
2022-09-28,9,73.76723689254962,54.05175164722333,17.0,14.4,18.87,20.8,22.1,3.8000000000000007,7.700000000000001,67.0,73.33,80.0,0.0,1023.77,14.0,8.748000000000001
2022-09-29,7,74.30326219063328,48.26098967725225,15.4,12.0,17.7,20.2,21.2,4.799999999999999,9.2,57.0,68.33,75.0,0.0,1025.07,14.0,9.107999999999999
2022-09-30,5,74.96325822463626,55.878677871126506,16.0,14.7,18.13,21.2,22.9,5.199999999999999,8.2,65.0,72.0,76.0,0.2,1021.4,12.33,5.760000000000001
2022-10-01,3,70.22237795351174,56.32290738863986,16.2,14.8,18.2,21.4,22.0,5.199999999999999,7.199999999999999,72.0,85.67,95.0,6.2,1019.5,21.0,5.292
2022-10-02,5,72.91062217388784,55.49473978593661,16.0,14.2,18.0,21.7,22.6,5.699999999999999,8.400000000000002,66.0,80.0,91.0,0.30000000000000004,1020.93,27.0,4.32
2022-10-03,5,71.60851533011677,50.18616638512537,15.6,12.2,17.4,20.2,22.2,4.6,10.0,67.0,82.33,92.0,0.0,1019.23,23.0,5.760000000000001
2022-10-04,8,74.71616998817237,45.44262857440471,15.0,10.4,17.13,21.1,21.9,6.100000000000001,11.499999999999998,55.0,68.0,79.0,0.0,1016.97,20.0,6.9479999999999995
2022-10-05,7,78.98010661844779,49.9913143022463,15.0,12.5,19.07,23.7,25.1,8.7,12.600000000000001,47.0,65.0,85.0,0.0,1015.13,12.33,7.668
2022-10-06,7,68.32095487860947,59.15327279777978,17.2,16.2,18.53,20.5,21.5,3.3000000000000007,5.300000000000001,83.0,88.33,94.0,12.0,1008.37,11.0,6.12
2022-10-07,10,74.85627955336113,58.23707758205207,16.6,15.9,19.6,22.6,23.4,6.0,7.499999999999998,54.0,77.67,97.0,4.7,1006.1,28.67,6.732
2022-10-08,5,81.984415411264,50.0529031465861,19.6,12.3,22.03,26.8,26.8,7.199999999999999,14.5,46.0,59.0,67.0,0.0,1009.73,30.33,6.48
2022-10-09,4,74.96893307511728,49.08640947205463,13.3,11.6,16.67,20.8,21.5,7.5,9.9,59.0,65.67,73.0,0.2,1016.43,18.0,5.292
2022-10-10,4,78.1318775239932,42.75942479029344,12.7,9.5,14.37,16.3,16.9,3.6000000000000014,7.399999999999999,62.0,64.67,69.0,0.0,1023.43,10.67,8.172
2022-10-11,6,64.40280817921325,52.82486306566431,13.2,13.0,16.53,19.5,20.3,6.300000000000001,7.300000000000001,87.0,92.33,98.0,6.3,1017.73,16.67,4.32
2022-10-12,9,65.75219191276516,59.81431375698256,15.9,15.4,17.97,20.2,20.5,4.299999999999999,5.1,79.0,90.33,96.0,5.9,1015.5,24.33,2.052
2022-10-13,7,83.48390617560003,56.97663450902332,17.1,14.8,20.33,26.3,26.5,9.2,11.7,55.0,79.0,92.0,0.0,1016.1,22.67,4.068
2022-10-14,8,72.66325638991951,55.81777162202224,17.1,15.4,18.67,20.2,20.2,3.099999999999998,4.799999999999999,68.0,73.33,79.0,0.0,1024.63,14.0,10.908
2022-10-15,8,72.85347736105558,54.07119555125401,16.2,14.8,17.87,21.0,22.0,4.800000000000001,7.199999999999999,68.0,76.67,85.0,0.0,1026.5,12.33,12.132000000000001
2022-10-16,5,80.95168026643142,61.00459836870916,17.8,17.1,21.53,25.4,25.8,7.599999999999998,8.7,65.0,76.67,86.0,1.4,1018.43,21.33,6.732
2022-10-17,10,79.96334697809161,59.09393872132595,18.2,15.6,20.57,24.8,25.5,6.600000000000001,9.9,56.0,72.67,84.0,0.0,1017.83,9.33,3.492
2022-10-18,5,71.53486452855613,59.9599199541778,19.0,17.2,19.77,21.3,22.1,2.3000000000000007,4.900000000000002,80.0,82.0,85.0,0.0,1020.8,10.67,11.772
2022-10-19,10,82.24964135713795,61.647629388852664,19.0,17.5,21.8,25.6,26.1,6.600000000000001,8.600000000000001,67.0,81.33,92.0,0.0,1017.7,10.67,7.668
2022-10-20,7,81.84139799706585,61.51252973646505,19.2,17.3,21.33,25.1,26.0,5.900000000000002,8.7,73.0,80.67,87.0,0.0,1011.27,10.67,6.588
2022-10-21,8,89.38237295387978,62.59011420971881,20.8,18.0,24.1,27.8,28.4,7.0,10.399999999999999,54.0,72.67,93.0,0.2,1006.0,33.33,8.532
2022-10-22,5,82.13082974485113,61.852297425534616,18.2,17.2,21.07,25.0,26.2,6.800000000000001,9.0,56.0,75.67,90.0,1.0,1014.57,14.0,5.04
2022-10-23,7,80.60844583940644,56.720119600435176,18.4,15.2,20.53,23.9,25.7,5.5,10.5,60.0,75.67,86.0,0.0,1017.23,16.67,6.48
2022-10-24,11,77.53047461853073,55.49200120217233,17.2,14.6,19.73,23.5,24.5,6.300000000000001,9.9,61.0,74.33,82.0,0.0,1019.37,20.0,6.12
2022-10-25,9,84.69652145406438,55.52689834490972,17.6,14.7,22.07,26.8,27.3,9.2,12.600000000000001,52.0,69.0,84.0,0.0,1016.97,18.0,6.588
2022-10-26,9,113.84964514582775,60.12615990620409,19.0,16.8,25.67,33.6,34.3,14.600000000000001,17.499999999999996,46.0,65.33,83.0,0.0,1009.2,18.33,7.308
2022-10-27,15,90.27876011832377,64.23662272425038,21.2,18.7,24.03,28.1,28.5,6.900000000000002,9.8,41.0,74.33,92.0,10.7,1009.07,25.67,8.532
2022-10-28,6,89.47401537285046,58.989678407124416,22.3,16.0,25.1,29.7,30.5,7.399999999999999,14.5,38.0,50.67,58.0,0.0,1011.23,28.67,5.4
2022-10-29,13,98.6075732350767,61.621716480279275,23.2,17.6,26.2,29.4,31.8,6.199999999999999,14.2,56.0,61.33,66.0,0.0,1007.23,34.67,8.64
2022-10-30,5,101.93221312189891,69.19173755083574,26.0,20.9,28.7,33.0,33.4,7.0,12.5,47.0,55.33,62.0,0.0,1001.7,33.33,9.828
2022-10-31,5,87.13520248239996,47.6325779312806,13.7,11.7,17.93,23.6,27.0,9.900000000000002,15.3,76.0,89.0,96.0,44.1,1012.53,16.67,8.892000000000001
2022-11-01,10,74.74647607548701,44.212790873103174,12.4,9.9,15.3,19.2,20.0,6.799999999999999,10.1,48.0,66.33,86.0,8.8,1026.7,19.67,7.092
2022-11-02,7,76.18869638594148,44.79950259025928,13.6,9.9,16.8,21.7,22.3,8.1,12.4,44.0,59.67,69.0,0.0,1030.2,23.0,6.012
2022-11-03,6,77.24784596318366,43.74296394199945,14.4,9.3,18.03,23.6,23.9,9.200000000000001,14.599999999999998,37.0,62.33,78.0,0.0,1027.43,27.33,5.508
2022-11-04,9,76.188714115181,52.70203600873789,16.9,13.5,19.6,21.5,22.7,4.600000000000001,9.2,53.0,61.67,77.0,0.0,1024.63,14.0,6.732
2022-11-05,3,77.37407825234757,53.14501255778429,16.9,14.0,20.17,23.2,24.2,6.300000000000001,10.2,52.0,67.33,80.0,0.0,1022.67,18.33,8.64
2022-11-06,5,76.31008555087604,54.258393777709024,17.7,14.6,19.63,20.9,23.9,3.1999999999999993,9.299999999999999,67.0,74.0,78.0,0.7,1023.47,14.0,9.612
2022-11-07,4,73.98787280543448,54.041645809809275,17.2,14.1,18.63,19.5,23.2,2.3000000000000007,9.1,73.0,80.33,88.0,3.8,1023.53,11.0,6.84
2022-11-08,10,69.00856872480323,54.00780763424386,15.2,14.0,17.57,19.8,20.5,4.600000000000001,6.5,71.0,83.33,93.0,6.7,1020.87,12.33,6.372
2022-11-09,6,75.33019977303266,54.16948288049899,16.6,13.5,19.53,23.3,23.7,6.699999999999999,10.2,63.0,78.67,90.0,1.0,1018.13,15.33,3.9600000000000004
2022-11-10,6,84.29328500175808,54.45946781771723,17.4,14.0,21.57,26.4,27.0,9.0,13.0,56.0,72.33,86.0,0.0,1016.0,10.67,5.4
2022-11-11,5,83.02699179880003,61.156702147432426,19.2,17.0,21.8,25.5,26.5,6.300000000000001,9.5,64.0,75.0,82.0,0.0,1014.73,15.33,5.652
2022-11-12,6,98.00360914238111,66.30015791827515,20.1,19.1,24.3,30.0,30.3,9.899999999999999,11.2,55.0,73.33,86.0,0.0,1011.53,12.33,4.572
2022-11-13,5,87.7894985562721,70.3674784191688,23.4,20.9,23.87,24.8,27.3,1.4000000000000021,6.400000000000002,81.0,85.0,88.0,2.1,1008.83,15.33,4.428
2022-11-14,9,105.39626394164618,67.60648483646355,21.1,20.0,23.3,26.3,30.5,5.199999999999999,10.5,73.0,84.67,94.0,17.7,1003.47,19.67,7.092
2022-11-15,7,87.92962026793612,61.22416265090353,20.0,17.6,23.67,28.4,29.6,8.399999999999999,12.0,37.0,54.0,66.0,0.0,1011.63,28.67,10.332
2022-11-16,7,89.18860582622973,59.521885222167256,23.7,16.3,25.83,30.0,30.4,6.300000000000001,14.099999999999998,30.0,50.67,68.0,0.0,1016.77,26.0,5.760000000000001
2022-11-17,13,88.32966815423929,59.05457541296633,22.8,15.8,25.5,29.0,30.2,6.199999999999999,14.399999999999999,44.0,49.67,58.0,0.0,1018.2,25.67,4.32
2022-11-18,6,95.3268333417981,60.92935194776005,21.2,16.9,25.33,30.7,31.0,9.5,14.100000000000001,42.0,61.33,72.0,0.0,1017.3,21.33,5.652
2022-11-19,10,99.15614932178818,63.157432038634305,21.0,18.0,25.93,30.9,32.1,9.899999999999999,14.100000000000001,46.0,60.0,73.0,0.0,1014.73,21.33,6.48
2022-11-20,7,102.18686567674189,65.91628022643393,22.6,19.2,26.73,32.5,32.7,9.899999999999999,13.500000000000004,45.0,60.67,78.0,0.0,1012.07,19.67,6.48
2022-11-21,8,94.34935278483361,69.38438591943353,22.3,20.8,25.53,28.2,29.9,5.899999999999999,9.099999999999998,61.0,69.33,84.0,0.0,1010.6,17.0,7.452
2022-11-22,2,83.3565482077921,65.83387597374013,19.9,18.8,22.4,26.2,26.3,6.300000000000001,7.5,70.0,85.0,93.0,19.8,1011.0,17.0,4.068
2022-11-23,3,87.59158252749998,65.61866862797388,19.3,18.4,22.1,24.4,27.5,5.099999999999998,9.100000000000001,67.0,80.0,95.0,0.0,1012.8,18.33,2.7720000000000002
2022-11-24,7,89.05368916496136,60.247301348742944,20.2,16.6,23.97,27.9,28.7,7.699999999999999,12.099999999999998,53.0,67.67,81.0,0.0,1014.33,10.67,5.652
2022-11-25,4,86.95185984271575,58.55935172563492,20.5,16.0,24.23,28.2,28.5,7.699999999999999,12.5,49.0,62.33,75.0,0.0,1017.77,14.0,6.48
2022-11-26,5,92.17264104380037,63.008727769994245,21.0,18.2,24.4,28.4,29.0,7.399999999999999,10.8,62.0,73.67,82.0,0.0,1018.7,10.67,8.748000000000001
2022-11-27,5,94.84241087371213,69.53659199376838,22.5,21.2,25.3,27.4,29.6,4.899999999999999,8.400000000000002,65.0,73.67,87.0,0.0,1019.0,9.0,12.492
2022-11-28,8,89.0202201354189,65.48609982178917,21.8,19.8,23.77,25.2,28.1,3.3999999999999986,8.3,71.0,75.67,81.0,0.6,1015.77,9.0,17.532
2022-11-29,8,89.46036001980909,66.44584692907264,22.1,19.8,24.63,27.1,28.3,5.0,8.5,67.0,74.33,82.0,0.0,1011.07,10.67,10.548
2022-11-30,7,98.14395011192445,67.67509323322176,22.5,20.2,26.03,29.1,30.5,6.600000000000001,10.3,61.0,71.67,84.0,0.0,1007.8,9.0,9.0
2022-12-01,3,109.46807026729597,72.29686193137843,23.4,21.9,27.47,31.3,32.6,7.900000000000002,10.700000000000003,60.0,72.0,86.0,0.4,1005.27,8.0,5.652
2022-12-02,4,121.47317799662403,73.22781517644461,24.9,22.4,28.87,32.8,35.3,7.899999999999999,12.899999999999999,52.0,67.0,88.0,0.0,1007.67,20.0,6.732
2022-12-03,8,97.74742928780788,73.68906864088748,25.3,22.6,26.67,29.0,29.8,3.6999999999999993,7.199999999999999,69.0,78.0,88.0,2.2,1010.63,14.0,6.732
2022-12-04,5,102.37468440933277,75.18957190030946,25.2,23.2,26.37,27.3,30.2,2.1000000000000014,7.0,80.0,82.67,88.0,0.3,1008.9,15.33,6.012
2022-12-05,8,100.36794950825416,74.46968640183903,23.4,22.7,25.37,28.0,29.8,4.600000000000001,7.100000000000001,70.0,83.33,94.0,4.8,1011.47,12.33,4.068
2022-12-06,8,98.17203111188527,67.69545332940459,23.2,20.2,26.13,28.5,30.3,5.300000000000001,10.100000000000001,66.0,73.67,83.0,0.0,1013.23,14.0,8.892000000000001
2022-12-07,3,102.34911265268036,69.10967727190064,22.6,20.6,26.27,30.9,31.5,8.299999999999997,10.899999999999999,53.0,70.33,86.0,0.0,1012.9,12.33,6.588
2022-12-08,9,119.98432466764471,64.40335202742762,21.9,18.6,27.67,35.0,36.0,13.100000000000001,17.4,45.0,61.33,80.0,0.0,1008.13,15.33,6.9479999999999995
2022-12-09,7,122.81099082143747,68.50312064487956,23.9,20.2,28.13,34.3,35.4,10.399999999999999,15.2,45.0,67.67,83.0,0.0,1007.73,11.0,5.4
2022-12-10,12,110.7021264445439,69.79600973498239,24.1,20.8,27.9,31.0,32.9,6.899999999999999,12.099999999999998,65.0,71.33,84.0,0.0,1008.27,20.0,5.652
2022-12-11,6,119.02887666971185,75.17133602856238,25.0,23.2,28.87,34.2,34.3,9.200000000000003,11.099999999999998,55.0,71.0,85.0,0.0,1008.87,13.67,6.12
2022-12-12,6,140.57359627258344,63.480147565929585,25.6,18.4,28.0,29.5,37.2,3.8999999999999986,18.800000000000004,63.0,71.67,83.0,0.0,1002.93,16.67,8.748000000000001
2022-12-13,6,81.43764627175561,62.30280140151657,18.6,17.4,22.03,25.0,26.2,6.399999999999999,8.8,52.0,67.33,88.0,21.5,1009.7,22.67,5.04
2022-12-14,4,89.42608582806405,58.03074111093132,21.0,15.4,24.7,29.2,29.8,8.2,14.4,39.0,57.0,73.0,0.0,1012.53,10.67,4.572
2022-12-15,1,98.47759928236803,63.419897780495596,21.2,18.3,26.0,31.5,32.2,10.3,13.900000000000002,49.0,58.0,67.0,0.0,1010.83,24.0,8.028
2022-12-16,4,83.28949533190641,68.2147084199976,23.1,20.4,24.33,25.3,27.1,2.1999999999999993,6.700000000000003,50.0,63.67,73.0,0.0,1010.93,17.0,8.64
2022-12-17,7,85.54875782003197,58.3252205104201,20.6,16.2,23.2,25.5,28.2,4.899999999999999,12.0,55.0,60.0,66.0,0.0,1012.33,14.0,8.64
2022-12-18,6,77.04226714379207,65.38312775410907,20.3,19.3,21.57,23.1,24.3,2.8000000000000007,5.0,73.0,75.0,79.0,0.0,1014.0,9.0,9.828
2022-12-19,6,79.81240112178655,61.36387271917634,19.2,17.7,20.9,24.2,25.4,5.0,7.699999999999999,73.0,81.67,86.0,7.3,1015.93,10.67,10.8
2022-12-20,10,90.7703215018243,64.8630473908459,20.4,19.0,23.93,27.8,28.8,7.400000000000002,9.8,60.0,72.0,79.0,0.0,1014.77,12.33,8.892000000000001
2022-12-21,7,89.41349576535241,64.71236665777998,21.8,19.0,25.13,28.5,29.0,6.699999999999999,10.0,49.0,65.33,78.0,0.0,1015.8,9.0,9.612
2022-12-22,3,91.58648642801475,65.14452391483456,21.5,19.0,25.13,29.0,29.6,7.5,10.600000000000001,51.0,65.33,81.0,0.0,1015.73,10.67,7.668
2022-12-23,9,103.31716092676784,64.99666416383404,21.2,18.8,26.37,32.4,32.9,11.2,14.099999999999998,47.0,61.0,74.0,0.0,1013.2,22.67,6.48
2022-12-24,6,110.82652209092211,64.50498596215955,22.5,18.8,27.63,34.4,35.0,11.899999999999999,16.2,39.0,57.33,78.0,0.0,1011.77,22.67,8.388
2022-12-25,5,96.27951971273218,68.58996308724849,25.4,20.5,26.93,28.2,30.7,2.8000000000000007,10.2,64.0,66.0,67.0,0.0,1012.83,18.33,7.920000000000001
2022-12-26,5,75.85533830080014,69.99610635640936,22.7,20.9,23.13,23.6,24.0,0.9000000000000021,3.1000000000000014,69.0,80.0,88.0,0.0,1013.93,15.33,5.760000000000001
2022-12-27,7,89.61504173987517,64.5053454322427,20.9,18.6,24.03,27.7,29.3,6.800000000000001,10.7,47.0,62.67,74.0,0.0,1013.0,12.33,6.588
2022-12-28,5,90.04057330566458,60.43977153154515,19.3,17.0,22.53,26.5,28.3,7.199999999999999,11.3,55.0,76.33,96.0,27.0,1010.37,18.33,7.812
2022-12-29,4,88.87068420626625,66.48404667443054,22.9,19.2,24.97,28.5,28.9,5.600000000000001,9.7,47.0,64.67,74.0,0.0,1012.27,19.67,4.680000000000001
2022-12-30,8,97.50264735116431,59.81488401938762,21.2,16.6,25.97,32.0,32.4,10.8,15.799999999999997,36.0,54.67,70.0,0.0,1014.4,24.33,6.84
2022-12-31,7,112.44237046009303,67.00469050461959,24.6,19.6,29.27,35.4,36.0,10.799999999999997,16.4,33.0,53.33,68.0,0.0,1012.83,24.33,5.867999999999999
